./tools/measure_image_runtime.sh /tmp/dashboard-image-benchmark 120

Running c_array for 120 seconds: /tmp/dashboard-image-benchmark/c_array/main
[Warn]  (0.000, +0)      lv_init: Memory integrity checks are enabled via LV_USE_ASSERT_MEM_INTEGRITY which makes LVGL much slower lv_init.c:305
[Warn]  (0.000, +0)      lv_init: Object sanity checks are enabled via LV_USE_ASSERT_OBJ which makes LVGL much slower lv_init.c:309
[Warn]  (0.000, +0)      lv_init: Style sanity checks are enabled that uses more RAM lv_init.c:313
[Warn]  (0.403, +403)    lv_obj_remove_flag: Deprecated: use the dedicated lv_obj_set_<flag>() setters instead, e.g. lv_obj_set_hidden(obj, false). lv_obj.c:432
[Warn]  (0.403, +0)      lv_obj_add_flag: Deprecated: use the dedicated lv_obj_set_<flag>() setters instead, e.g. lv_obj_set_hidden(obj, true). lv_obj.c:380
[Warn]  (0.403, +0)      lv_obj_has_flag: Deprecated: use the dedicated lv_obj_is_<flag>() getters instead, e.g. lv_obj_is_hidden(obj). lv_obj.c:769
Listening on 0.0.0.0:19090
Connected: 192.168.31.85:57148
Parsed: seq=55 time=1786929836833 speed=90 km/h rpm=3050 gear=D(3) soc=70% turnSignal=1 doorLock=locked beltWarn=WARN highBeam=OFF coolantTemp=90.0C(warn=NO) batteryWarn=OK
Parsed: seq=56 time=1786929836934 speed=88 km/h rpm=3000 gear=D(3) soc=70% turnSignal=1 doorLock=locked beltWarn=WARN highBeam=OFF coolantTemp=90.0C(warn=NO) batteryWarn=OK
Parsed: seq=57 time=1786929837036 speed=86 km/h rpm=2950 gear=D(3) soc=70% turnSignal=1 doorLock=locked beltWarn=WARN highBeam=OFF coolantTemp=90.0C(warn=NO) batteryWarn=OK
Parsed: seq=58 time=1786929837137 speed=84 km/h rpm=2900 gear=D(3) soc=70% turnSignal=1 doorLock=locked beltWarn=WARN highBeam=OFF coolantTemp=90.0C(warn=NO) batteryWarn=OK
Parsed: seq=59 time=1786929837238 speed=82 km/h rpm=2850 gear=D(3) soc=70% turnSignal=1 doorLock=locked beltWarn=WARN highBeam=OFF coolantTemp=90.0C(warn=NO) batteryWarn=OK
Parsed: seq=60 time=1786929837340 speed=80 km/h rpm=2800 gear=D(3) soc=70% turnSignal=2 doorLock=locked beltWarn=WARN highBeam=OFF coolantTemp=90.0C(warn=NO) batteryWarn=OK
Parsed: seq=61 time=1786929837440 speed=78 km/h rpm=2750 gear=D(3) soc=70% turnSignal=2 doorLock=locked beltWarn=WARN highBeam=OFF coolantTemp=90.0C(warn=NO) batteryWarn=OK
Parsed: seq=62 time=1786929837542 speed=76 km/h rpm=2700 gear=D(3) soc=70% turnSignal=2 doorLock=locked beltWarn=WARN highBeam=OFF coolantTemp=90.0C(warn=NO) batteryWarn=OK
Parsed: seq=63 time=1786929837643 speed=74 km/h rpm=2650 gear=D(3) soc=70% turnSignal=2 doorLock=locked beltWarn=WARN highBeam=OFF coolantTemp=90.0C(warn=NO) batteryWarn=OK
Parsed: seq=64 time=1786929837745 speed=72 km/h rpm=2600 gear=D(3) soc=70% turnSignal=2 doorLock=locked beltWarn=WARN highBeam=OFF coolantTemp=90.0C(warn=NO) batteryWarn=OK
Parsed: seq=65 time=1786929837846 speed=70 km/h rpm=2550 gear=D(3) soc=70% turnSignal=2 doorLock=locked beltWarn=WARN highBeam=OFF coolantTemp=90.0C(warn=NO) batteryWarn=OK
Parsed: seq=66 time=1786929837948 speed=68 km/h rpm=2500 gear=D(3) soc=70% turnSignal=2 doorLock=locked beltWarn=WARN highBeam=OFF coolantTemp=90.0C(warn=NO) batteryWarn=OK
Parsed: seq=67 time=1786929838051 speed=66 km/h rpm=2450 gear=D(3) soc=70% turnSignal=2 doorLock=locked beltWarn=WARN highBeam=OFF coolantTemp=90.0C(warn=NO) batteryWarn=OK
Parsed: seq=68 time=1786929838153 speed=64 km/h rpm=2400 gear=D(3) soc=70% turnSignal=2 doorLock=locked beltWarn=WARN highBeam=OFF coolantTemp=90.0C(warn=NO) batteryWarn=OK
Parsed: seq=69 time=1786929838255 speed=62 km/h rpm=2350 gear=D(3) soc=70% turnSignal=2 doorLock=locked beltWarn=WARN highBeam=OFF coolantTemp=90.0C(warn=NO) batteryWarn=OK
Parsed: seq=70 time=1786929838356 speed=60 km/h rpm=2300 gear=D(3) soc=70% turnSignal=2 doorLock=locked beltWarn=WARN highBeam=OFF coolantTemp=90.0C(warn=NO) batteryWarn=OK
Parsed: seq=71 time=1786929838457 speed=58 km/h rpm=2250 gear=D(3) soc=70% turnSignal=2 doorLock=locked beltWarn=WARN highBeam=OFF coolantTemp=90.0C(warn=NO) batteryWarn=OK
Parsed: seq=72 time=1786929838558 speed=56 km/h rpm=2200 gear=D(3) soc=70% turnSignal=2 doorLock=locked beltWarn=WARN highBeam=OFF coolantTemp=90.0C(warn=NO) batteryWarn=OK
Parsed: seq=73 time=1786929838658 speed=54 km/h rpm=2150 gear=D(3) soc=70% turnSignal=2 doorLock=locked beltWarn=WARN highBeam=OFF coolantTemp=90.0C(warn=NO) batteryWarn=OK
Parsed: seq=74 time=1786929838759 speed=52 km/h rpm=2100 gear=D(3) soc=70% turnSignal=2 doorLock=locked beltWarn=WARN highBeam=OFF coolantTemp=90.0C(warn=NO) batteryWarn=OK
Parsed: seq=75 time=1786929838860 speed=50 km/h rpm=2050 gear=D(3) soc=70% turnSignal=2 doorLock=locked beltWarn=WARN highBeam=OFF coolantTemp=90.0C(warn=NO) batteryWarn=OK
Parsed: seq=76 time=1786929838961 speed=48 km/h rpm=2000 gear=D(3) soc=70% turnSignal=2 doorLock=locked beltWarn=WARN highBeam=OFF coolantTemp=90.0C(warn=NO) batteryWarn=OK
Parsed: seq=77 time=1786929839063 speed=46 km/h rpm=1950 gear=D(3) soc=70% turnSignal=2 doorLock=locked beltWarn=WARN highBeam=OFF coolantTemp=90.0C(warn=NO) batteryWarn=OK
Parsed: seq=78 time=1786929839164 speed=44 km/h rpm=1900 gear=D(3) soc=70% turnSignal=2 doorLock=locked beltWarn=WARN highBeam=OFF coolantTemp=90.0C(warn=NO) batteryWarn=OK
Parsed: seq=79 time=1786929839266 speed=42 km/h rpm=1850 gear=D(3) soc=70% turnSignal=2 doorLock=locked beltWarn=WARN highBeam=OFF coolantTemp=90.0C(warn=NO) batteryWarn=OK
Parsed: seq=80 time=1786929839367 speed=40 km/h rpm=1800 gear=D(3) soc=70% turnSignal=2 doorLock=locked beltWarn=WARN highBeam=OFF coolantTemp=90.0C(warn=NO) batteryWarn=OK
Parsed: seq=81 time=1786929839468 speed=38 km/h rpm=1750 gear=D(3) soc=70% turnSignal=2 doorLock=locked beltWarn=WARN highBeam=OFF coolantTemp=90.0C(warn=NO) batteryWarn=OK
Parsed: seq=82 time=1786929839569 speed=36 km/h rpm=1700 gear=D(3) soc=70% turnSignal=2 doorLock=locked beltWarn=WARN highBeam=OFF coolantTemp=90.0C(warn=NO) batteryWarn=OK
Parsed: seq=83 time=1786929839670 speed=34 km/h rpm=1650 gear=D(3) soc=70% turnSignal=2 doorLock=locked beltWarn=WARN highBeam=OFF coolantTemp=90.0C(warn=NO) batteryWarn=OK
Parsed: seq=84 time=1786929839771 speed=32 km/h rpm=1600 gear=D(3) soc=70% turnSignal=2 doorLock=locked beltWarn=WARN highBeam=OFF coolantTemp=90.0C(warn=NO) batteryWarn=OK
Parsed: seq=85 time=1786929839872 speed=30 km/h rpm=1550 gear=D(3) soc=70% turnSignal=2 doorLock=locked beltWarn=WARN highBeam=OFF coolantTemp=90.0C(warn=NO) batteryWarn=OK
Parsed: seq=86 time=1786929839972 speed=28 km/h rpm=1500 gear=D(3) soc=70% turnSignal=2 doorLock=locked beltWarn=WARN highBeam=OFF coolantTemp=90.0C(warn=NO) batteryWarn=OK
Parsed: seq=87 time=1786929840074 speed=26 km/h rpm=1450 gear=D(3) soc=70% turnSignal=2 doorLock=locked beltWarn=WARN highBeam=OFF coolantTemp=90.0C(warn=NO) batteryWarn=OK
Parsed: seq=88 time=1786929840176 speed=24 km/h rpm=1400 gear=D(3) soc=70% turnSignal=2 doorLock=locked beltWarn=WARN highBeam=OFF coolantTemp=90.0C(warn=NO) batteryWarn=OK
Parsed: seq=89 time=1786929840277 speed=22 km/h rpm=1350 gear=D(3) soc=70% turnSignal=2 doorLock=locked beltWarn=WARN highBeam=OFF coolantTemp=90.0C(warn=NO) batteryWarn=OK
Parsed: seq=90 time=1786929840379 speed=20 km/h rpm=1300 gear=D(3) soc=70% turnSignal=3 doorLock=locked beltWarn=WARN highBeam=OFF coolantTemp=90.0C(warn=NO) batteryWarn=OK
Parsed: seq=91 time=1786929840480 speed=18 km/h rpm=1250 gear=D(3) soc=70% turnSignal=3 doorLock=locked beltWarn=WARN highBeam=OFF coolantTemp=90.0C(warn=NO) batteryWarn=OK
Parsed: seq=92 time=1786929840581 speed=16 km/h rpm=1200 gear=D(3) soc=70% turnSignal=3 doorLock=locked beltWarn=WARN highBeam=OFF coolantTemp=90.0C(warn=NO) batteryWarn=OK
Parsed: seq=93 time=1786929840683 speed=14 km/h rpm=1150 gear=D(3) soc=70% turnSignal=3 doorLock=locked beltWarn=WARN highBeam=OFF coolantTemp=90.0C(warn=NO) batteryWarn=OK
Parsed: seq=94 time=1786929840784 speed=12 km/h rpm=1100 gear=D(3) soc=70% turnSignal=3 doorLock=locked beltWarn=WARN highBeam=OFF coolantTemp=90.0C(warn=NO) batteryWarn=OK
Parsed: seq=95 time=1786929840885 speed=10 km/h rpm=1050 gear=D(3) soc=70% turnSignal=3 doorLock=locked beltWarn=WARN highBeam=OFF coolantTemp=90.0C(warn=NO) batteryWarn=OK
Parsed: seq=96 time=1786929840986 speed=8 km/h rpm=1000 gear=D(3) soc=70% turnSignal=3 doorLock=locked beltWarn=WARN highBeam=OFF coolantTemp=90.0C(warn=NO) batteryWarn=OK
Parsed: seq=97 time=1786929841086 speed=6 km/h rpm=950 gear=D(3) soc=70% turnSignal=3 doorLock=locked beltWarn=WARN highBeam=OFF coolantTemp=90.0C(warn=NO) batteryWarn=OK
Parsed: seq=98 time=1786929841188 speed=4 km/h rpm=900 gear=D(3) soc=70% turnSignal=3 doorLock=locked beltWarn=WARN highBeam=OFF coolantTemp=90.0C(warn=NO) batteryWarn=OK
Parsed: seq=99 time=1786929841289 speed=2 km/h rpm=850 gear=D(3) soc=70% turnSignal=3 doorLock=locked beltWarn=WARN highBeam=OFF coolantTemp=90.0C(warn=NO) batteryWarn=OK
Parsed: seq=100 time=1786929841390 speed=0 km/h rpm=800 gear=P(0) soc=70% turnSignal=3 doorLock=locked beltWarn=WARN highBeam=ON coolantTemp=90.0C(warn=NO) batteryWarn=OK
Parsed: seq=101 time=1786929841491 speed=2 km/h rpm=850 gear=D(3) soc=70% turnSignal=3 doorLock=locked beltWarn=WARN highBeam=ON coolantTemp=90.0C(warn=NO) batteryWarn=OK
Parsed: seq=102 time=1786929841593 speed=4 km/h rpm=900 gear=D(3) soc=70% turnSignal=3 doorLock=locked beltWarn=WARN highBeam=ON coolantTemp=90.0C(warn=NO) batteryWarn=OK
Parsed: seq=103 time=1786929841694 speed=6 km/h rpm=950 gear=D(3) soc=70% turnSignal=3 doorLock=locked beltWarn=WARN highBeam=ON coolantTemp=90.0C(warn=NO) batteryWarn=OK
Parsed: seq=104 time=1786929841795 speed=8 km/h rpm=1000 gear=D(3) soc=70% turnSignal=3 doorLock=locked beltWarn=WARN highBeam=ON coolantTemp=90.0C(warn=NO) batteryWarn=OK
Parsed: seq=105 time=1786929841896 speed=10 km/h rpm=1050 gear=D(3) soc=70% turnSignal=3 doorLock=locked beltWarn=WARN highBeam=ON coolantTemp=90.0C(warn=NO) batteryWarn=OK
Parsed: seq=106 time=1786929841998 speed=12 km/h rpm=1100 gear=D(3) soc=70% turnSignal=3 doorLock=locked beltWarn=WARN highBeam=ON coolantTemp=90.0C(warn=NO) batteryWarn=OK
Parsed: seq=107 time=1786929842099 speed=14 km/h rpm=1150 gear=D(3) soc=70% turnSignal=3 doorLock=locked beltWarn=WARN highBeam=ON coolantTemp=90.0C(warn=NO) batteryWarn=OK
Parsed: seq=108 time=1786929842200 speed=16 km/h rpm=1200 gear=D(3) soc=70% turnSignal=3 doorLock=locked beltWarn=WARN highBeam=ON coolantTemp=90.0C(warn=NO) batteryWarn=OK
Parsed: seq=109 time=1786929842301 speed=18 km/h rpm=1250 gear=D(3) soc=70% turnSignal=3 doorLock=locked beltWarn=WARN highBeam=ON coolantTemp=90.0C(warn=NO) batteryWarn=OK
Parsed: seq=110 time=1786929842402 speed=20 km/h rpm=1300 gear=D(3) soc=70% turnSignal=3 doorLock=locked beltWarn=WARN highBeam=ON coolantTemp=90.0C(warn=NO) batteryWarn=OK
Parsed: seq=111 time=1786929842503 speed=22 km/h rpm=1350 gear=D(3) soc=70% turnSignal=3 doorLock=locked beltWarn=WARN highBeam=ON coolantTemp=90.0C(warn=NO) batteryWarn=OK
Parsed: seq=112 time=1786929842605 speed=24 km/h rpm=1400 gear=D(3) soc=70% turnSignal=3 doorLock=locked beltWarn=WARN highBeam=ON coolantTemp=90.0C(warn=NO) batteryWarn=OK
Parsed: seq=113 time=1786929842706 speed=26 km/h rpm=1450 gear=D(3) soc=70% turnSignal=3 doorLock=locked beltWarn=WARN highBeam=ON coolantTemp=90.0C(warn=NO) batteryWarn=OK
Parsed: seq=114 time=1786929842807 speed=28 km/h rpm=1500 gear=D(3) soc=70% turnSignal=3 doorLock=locked beltWarn=WARN highBeam=ON coolantTemp=90.0C(warn=NO) batteryWarn=OK
Parsed: seq=115 time=1786929842909 speed=30 km/h rpm=1550 gear=D(3) soc=70% turnSignal=3 doorLock=locked beltWarn=WARN highBeam=ON coolantTemp=90.0C(warn=NO) batteryWarn=OK
Parsed: seq=116 time=1786929843009 speed=32 km/h rpm=1600 gear=D(3) soc=70% turnSignal=3 doorLock=locked beltWarn=WARN highBeam=ON coolantTemp=90.0C(warn=NO) batteryWarn=OK
Parsed: seq=117 time=1786929843111 speed=34 km/h rpm=1650 gear=D(3) soc=70% turnSignal=3 doorLock=locked beltWarn=WARN highBeam=ON coolantTemp=90.0C(warn=NO) batteryWarn=OK
Parsed: seq=118 time=1786929843212 speed=36 km/h rpm=1700 gear=D(3) soc=70% turnSignal=3 doorLock=locked beltWarn=WARN highBeam=ON coolantTemp=90.0C(warn=NO) batteryWarn=OK
Parsed: seq=119 time=1786929843314 speed=38 km/h rpm=1750 gear=D(3) soc=70% turnSignal=3 doorLock=locked beltWarn=WARN highBeam=ON coolantTemp=90.0C(warn=NO) batteryWarn=OK
Parsed: seq=120 time=1786929843416 speed=40 km/h rpm=1800 gear=D(3) soc=70% turnSignal=0 doorLock=locked beltWarn=WARN highBeam=ON coolantTemp=90.0C(warn=NO) batteryWarn=OK
Parsed: seq=121 time=1786929843517 speed=42 km/h rpm=1850 gear=D(3) soc=70% turnSignal=0 doorLock=locked beltWarn=WARN highBeam=ON coolantTemp=90.0C(warn=NO) batteryWarn=OK
Parsed: seq=122 time=1786929843619 speed=44 km/h rpm=1900 gear=D(3) soc=70% turnSignal=0 doorLock=locked beltWarn=WARN highBeam=ON coolantTemp=90.0C(warn=NO) batteryWarn=OK
Parsed: seq=123 time=1786929843720 speed=46 km/h rpm=1950 gear=D(3) soc=70% turnSignal=0 doorLock=locked beltWarn=WARN highBeam=ON coolantTemp=90.0C(warn=NO) batteryWarn=OK
Parsed: seq=124 time=1786929843821 speed=48 km/h rpm=2000 gear=D(3) soc=70% turnSignal=0 doorLock=locked beltWarn=WARN highBeam=ON coolantTemp=90.0C(warn=NO) batteryWarn=OK
Parsed: seq=125 time=1786929843921 speed=50 km/h rpm=2050 gear=D(3) soc=70% turnSignal=0 doorLock=locked beltWarn=WARN highBeam=ON coolantTemp=90.0C(warn=NO) batteryWarn=OK
Parsed: seq=126 time=1786929844023 speed=52 km/h rpm=2100 gear=D(3) soc=70% turnSignal=0 doorLock=locked beltWarn=WARN highBeam=ON coolantTemp=90.0C(warn=NO) batteryWarn=OK
Parsed: seq=127 time=1786929844124 speed=54 km/h rpm=2150 gear=D(3) soc=70% turnSignal=0 doorLock=locked beltWarn=WARN highBeam=ON coolantTemp=90.0C(warn=NO) batteryWarn=OK
Parsed: seq=128 time=1786929844225 speed=56 km/h rpm=2200 gear=D(3) soc=70% turnSignal=0 doorLock=locked beltWarn=WARN highBeam=ON coolantTemp=90.0C(warn=NO) batteryWarn=OK
Parsed: seq=129 time=1786929844327 speed=58 km/h rpm=2250 gear=D(3) soc=70% turnSignal=0 doorLock=locked beltWarn=WARN highBeam=ON coolantTemp=90.0C(warn=NO) batteryWarn=OK
Parsed: seq=130 time=1786929844429 speed=60 km/h rpm=2300 gear=D(3) soc=70% turnSignal=0 doorLock=locked beltWarn=WARN highBeam=ON coolantTemp=90.0C(warn=NO) batteryWarn=OK
Parsed: seq=131 time=1786929844530 speed=62 km/h rpm=2350 gear=D(3) soc=70% turnSignal=0 doorLock=locked beltWarn=WARN highBeam=ON coolantTemp=90.0C(warn=NO) batteryWarn=OK
Parsed: seq=132 time=1786929844631 speed=64 km/h rpm=2400 gear=D(3) soc=70% turnSignal=0 doorLock=locked beltWarn=WARN highBeam=ON coolantTemp=90.0C(warn=NO) batteryWarn=OK
Parsed: seq=133 time=1786929844732 speed=66 km/h rpm=2450 gear=D(3) soc=70% turnSignal=0 doorLock=locked beltWarn=WARN highBeam=ON coolantTemp=90.0C(warn=NO) batteryWarn=OK
Parsed: seq=134 time=1786929844833 speed=68 km/h rpm=2500 gear=D(3) soc=70% turnSignal=0 doorLock=locked beltWarn=WARN highBeam=ON coolantTemp=90.0C(warn=NO) batteryWarn=OK
Parsed: seq=135 time=1786929844934 speed=70 km/h rpm=2550 gear=D(3) soc=70% turnSignal=0 doorLock=locked beltWarn=WARN highBeam=ON coolantTemp=90.0C(warn=NO) batteryWarn=OK
Parsed: seq=136 time=1786929845036 speed=72 km/h rpm=2600 gear=D(3) soc=70% turnSignal=0 doorLock=locked beltWarn=WARN highBeam=ON coolantTemp=90.0C(warn=NO) batteryWarn=OK
Parsed: seq=137 time=1786929845137 speed=74 km/h rpm=2650 gear=D(3) soc=70% turnSignal=0 doorLock=locked beltWarn=WARN highBeam=ON coolantTemp=90.0C(warn=NO) batteryWarn=OK
Parsed: seq=138 time=1786929845237 speed=76 km/h rpm=2700 gear=D(3) soc=70% turnSignal=0 doorLock=locked beltWarn=WARN highBeam=ON coolantTemp=90.0C(warn=NO) batteryWarn=OK
Parsed: seq=139 time=1786929845338 speed=78 km/h rpm=2750 gear=D(3) soc=70% turnSignal=0 doorLock=locked beltWarn=WARN highBeam=ON coolantTemp=90.0C(warn=NO) batteryWarn=OK
Parsed: seq=140 time=1786929845439 speed=80 km/h rpm=2800 gear=D(3) soc=70% turnSignal=0 doorLock=locked beltWarn=WARN highBeam=ON coolantTemp=90.0C(warn=NO) batteryWarn=OK
Parsed: seq=141 time=1786929845540 speed=82 km/h rpm=2850 gear=D(3) soc=70% turnSignal=0 doorLock=locked beltWarn=WARN highBeam=ON coolantTemp=90.0C(warn=NO) batteryWarn=OK
Parsed: seq=142 time=1786929845642 speed=84 km/h rpm=2900 gear=D(3) soc=70% turnSignal=0 doorLock=locked beltWarn=WARN highBeam=ON coolantTemp=90.0C(warn=NO) batteryWarn=OK
Parsed: seq=143 time=1786929845743 speed=86 km/h rpm=2950 gear=D(3) soc=70% turnSignal=0 doorLock=locked beltWarn=WARN highBeam=ON coolantTemp=90.0C(warn=NO) batteryWarn=OK
Parsed: seq=144 time=1786929845844 speed=88 km/h rpm=3000 gear=D(3) soc=70% turnSignal=0 doorLock=locked beltWarn=WARN highBeam=ON coolantTemp=90.0C(warn=NO) batteryWarn=OK
Parsed: seq=145 time=1786929845946 speed=90 km/h rpm=3050 gear=D(3) soc=70% turnSignal=0 doorLock=locked beltWarn=WARN highBeam=ON coolantTemp=90.0C(warn=NO) batteryWarn=OK
Parsed: seq=146 time=1786929846047 speed=92 km/h rpm=3100 gear=D(3) soc=70% turnSignal=0 doorLock=locked beltWarn=WARN highBeam=ON coolantTemp=90.0C(warn=NO) batteryWarn=OK
Parsed: seq=147 time=1786929846149 speed=94 km/h rpm=3150 gear=D(3) soc=70% turnSignal=0 doorLock=locked beltWarn=WARN highBeam=ON coolantTemp=90.0C(warn=NO) batteryWarn=OK
Parsed: seq=148 time=1786929846250 speed=96 km/h rpm=3200 gear=D(3) soc=70% turnSignal=0 doorLock=locked beltWarn=WARN highBeam=ON coolantTemp=90.0C(warn=NO) batteryWarn=OK
Parsed: seq=149 time=1786929846351 speed=98 km/h rpm=3250 gear=D(3) soc=70% turnSignal=0 doorLock=locked beltWarn=WARN highBeam=ON coolantTemp=90.0C(warn=NO) batteryWarn=OK
Parsed: seq=150 time=1786929846452 speed=100 km/h rpm=3300 gear=D(3) soc=70% turnSignal=1 doorLock=locked beltWarn=WARN highBeam=OFF coolantTemp=90.0C(warn=NO) batteryWarn=OK
Parsed: seq=151 time=1786929846553 speed=98 km/h rpm=3250 gear=D(3) soc=70% turnSignal=1 doorLock=locked beltWarn=WARN highBeam=OFF coolantTemp=90.0C(warn=NO) batteryWarn=OK
Parsed: seq=152 time=1786929846654 speed=96 km/h rpm=3200 gear=D(3) soc=70% turnSignal=1 doorLock=locked beltWarn=WARN highBeam=OFF coolantTemp=90.0C(warn=NO) batteryWarn=OK
Parsed: seq=153 time=1786929846756 speed=94 km/h rpm=3150 gear=D(3) soc=70% turnSignal=1 doorLock=locked beltWarn=WARN highBeam=OFF coolantTemp=90.0C(warn=NO) batteryWarn=OK
Parsed: seq=154 time=1786929846857 speed=92 km/h rpm=3100 gear=D(3) soc=70% turnSignal=1 doorLock=locked beltWarn=WARN highBeam=OFF coolantTemp=90.0C(warn=NO) batteryWarn=OK
Parsed: seq=155 time=1786929846957 speed=90 km/h rpm=3050 gear=D(3) soc=70% turnSignal=1 doorLock=locked beltWarn=WARN highBeam=OFF coolantTemp=90.0C(warn=NO) batteryWarn=OK
Parsed: seq=156 time=1786929847058 speed=88 km/h rpm=3000 gear=D(3) soc=70% turnSignal=1 doorLock=locked beltWarn=WARN highBeam=OFF coolantTemp=90.0C(warn=NO) batteryWarn=OK
Parsed: seq=157 time=1786929847159 speed=86 km/h rpm=2950 gear=D(3) soc=70% turnSignal=1 doorLock=locked beltWarn=WARN highBeam=OFF coolantTemp=90.0C(warn=NO) batteryWarn=OK
Parsed: seq=158 time=1786929847260 speed=84 km/h rpm=2900 gear=D(3) soc=70% turnSignal=1 doorLock=locked beltWarn=WARN highBeam=OFF coolantTemp=90.0C(warn=NO) batteryWarn=OK
Parsed: seq=159 time=1786929847361 speed=82 km/h rpm=2850 gear=D(3) soc=70% turnSignal=1 doorLock=locked beltWarn=WARN highBeam=OFF coolantTemp=90.0C(warn=NO) batteryWarn=OK
Parsed: seq=160 time=1786929847462 speed=80 km/h rpm=2800 gear=D(3) soc=70% turnSignal=1 doorLock=locked beltWarn=WARN highBeam=OFF coolantTemp=90.0C(warn=NO) batteryWarn=OK
Parsed: seq=161 time=1786929847563 speed=78 km/h rpm=2750 gear=D(3) soc=70% turnSignal=1 doorLock=locked beltWarn=WARN highBeam=OFF coolantTemp=90.0C(warn=NO) batteryWarn=OK
Parsed: seq=162 time=1786929847664 speed=76 km/h rpm=2700 gear=D(3) soc=70% turnSignal=1 doorLock=locked beltWarn=WARN highBeam=OFF coolantTemp=90.0C(warn=NO) batteryWarn=OK
Parsed: seq=163 time=1786929847765 speed=74 km/h rpm=2650 gear=D(3) soc=70% turnSignal=1 doorLock=locked beltWarn=WARN highBeam=OFF coolantTemp=90.0C(warn=NO) batteryWarn=OK
Parsed: seq=164 time=1786929847866 speed=72 km/h rpm=2600 gear=D(3) soc=70% turnSignal=1 doorLock=locked beltWarn=WARN highBeam=OFF coolantTemp=90.0C(warn=NO) batteryWarn=OK
Parsed: seq=165 time=1786929847967 speed=70 km/h rpm=2550 gear=D(3) soc=70% turnSignal=1 doorLock=locked beltWarn=WARN highBeam=OFF coolantTemp=90.0C(warn=NO) batteryWarn=OK
Parsed: seq=166 time=1786929848068 speed=68 km/h rpm=2500 gear=D(3) soc=70% turnSignal=1 doorLock=locked beltWarn=WARN highBeam=OFF coolantTemp=90.0C(warn=NO) batteryWarn=OK
Parsed: seq=167 time=1786929848169 speed=66 km/h rpm=2450 gear=D(3) soc=70% turnSignal=1 doorLock=locked beltWarn=WARN highBeam=OFF coolantTemp=90.0C(warn=NO) batteryWarn=OK
Parsed: seq=168 time=1786929848270 speed=64 km/h rpm=2400 gear=D(3) soc=70% turnSignal=1 doorLock=locked beltWarn=WARN highBeam=OFF coolantTemp=90.0C(warn=NO) batteryWarn=OK
Parsed: seq=169 time=1786929848371 speed=62 km/h rpm=2350 gear=D(3) soc=70% turnSignal=1 doorLock=locked beltWarn=WARN highBeam=OFF coolantTemp=90.0C(warn=NO) batteryWarn=OK
Parsed: seq=170 time=1786929848472 speed=60 km/h rpm=2300 gear=D(3) soc=70% turnSignal=1 doorLock=locked beltWarn=WARN highBeam=OFF coolantTemp=90.0C(warn=NO) batteryWarn=OK
Parsed: seq=171 time=1786929848573 speed=58 km/h rpm=2250 gear=D(3) soc=70% turnSignal=1 doorLock=locked beltWarn=WARN highBeam=OFF coolantTemp=90.0C(warn=NO) batteryWarn=OK
Parsed: seq=172 time=1786929848675 speed=56 km/h rpm=2200 gear=D(3) soc=70% turnSignal=1 doorLock=locked beltWarn=WARN highBeam=OFF coolantTemp=90.0C(warn=NO) batteryWarn=OK
Parsed: seq=173 time=1786929848777 speed=54 km/h rpm=2150 gear=D(3) soc=70% turnSignal=1 doorLock=locked beltWarn=WARN highBeam=OFF coolantTemp=90.0C(warn=NO) batteryWarn=OK
Parsed: seq=174 time=1786929848877 speed=52 km/h rpm=2100 gear=D(3) soc=70% turnSignal=1 doorLock=locked beltWarn=WARN highBeam=OFF coolantTemp=90.0C(warn=NO) batteryWarn=OK
Parsed: seq=175 time=1786929848978 speed=50 km/h rpm=2050 gear=D(3) soc=70% turnSignal=1 doorLock=locked beltWarn=WARN highBeam=OFF coolantTemp=90.0C(warn=NO) batteryWarn=OK
Parsed: seq=176 time=1786929849079 speed=48 km/h rpm=2000 gear=D(3) soc=70% turnSignal=1 doorLock=locked beltWarn=WARN highBeam=OFF coolantTemp=90.0C(warn=NO) batteryWarn=OK
Parsed: seq=177 time=1786929849180 speed=46 km/h rpm=1950 gear=D(3) soc=70% turnSignal=1 doorLock=locked beltWarn=WARN highBeam=OFF coolantTemp=90.0C(warn=NO) batteryWarn=OK
Parsed: seq=178 time=1786929849281 speed=44 km/h rpm=1900 gear=D(3) soc=70% turnSignal=1 doorLock=locked beltWarn=WARN highBeam=OFF coolantTemp=90.0C(warn=NO) batteryWarn=OK
Parsed: seq=179 time=1786929849382 speed=42 km/h rpm=1850 gear=D(3) soc=70% turnSignal=1 doorLock=locked beltWarn=WARN highBeam=OFF coolantTemp=90.0C(warn=NO) batteryWarn=OK
Parsed: seq=180 time=1786929849483 speed=40 km/h rpm=1800 gear=D(3) soc=70% turnSignal=2 doorLock=locked beltWarn=WARN highBeam=OFF coolantTemp=90.0C(warn=NO) batteryWarn=OK
Parsed: seq=181 time=1786929849584 speed=38 km/h rpm=1750 gear=D(3) soc=70% turnSignal=2 doorLock=locked beltWarn=WARN highBeam=OFF coolantTemp=90.0C(warn=NO) batteryWarn=OK
Parsed: seq=182 time=1786929849686 speed=36 km/h rpm=1700 gear=D(3) soc=70% turnSignal=2 doorLock=locked beltWarn=WARN highBeam=OFF coolantTemp=90.0C(warn=NO) batteryWarn=OK
Parsed: seq=183 time=1786929849787 speed=34 km/h rpm=1650 gear=D(3) soc=70% turnSignal=2 doorLock=locked beltWarn=WARN highBeam=OFF coolantTemp=90.0C(warn=NO) batteryWarn=OK
Parsed: seq=184 time=1786929849888 speed=32 km/h rpm=1600 gear=D(3) soc=70% turnSignal=2 doorLock=locked beltWarn=WARN highBeam=OFF coolantTemp=90.0C(warn=NO) batteryWarn=OK
Parsed: seq=185 time=1786929849990 speed=30 km/h rpm=1550 gear=D(3) soc=70% turnSignal=2 doorLock=locked beltWarn=WARN highBeam=OFF coolantTemp=90.0C(warn=NO) batteryWarn=OK
Parsed: seq=186 time=1786929850092 speed=28 km/h rpm=1500 gear=D(3) soc=70% turnSignal=2 doorLock=locked beltWarn=WARN highBeam=OFF coolantTemp=90.0C(warn=NO) batteryWarn=OK
Parsed: seq=187 time=1786929850194 speed=26 km/h rpm=1450 gear=D(3) soc=70% turnSignal=2 doorLock=locked beltWarn=WARN highBeam=OFF coolantTemp=90.0C(warn=NO) batteryWarn=OK
Parsed: seq=188 time=1786929850295 speed=24 km/h rpm=1400 gear=D(3) soc=70% turnSignal=2 doorLock=locked beltWarn=WARN highBeam=OFF coolantTemp=90.0C(warn=NO) batteryWarn=OK
Parsed: seq=189 time=1786929850397 speed=22 km/h rpm=1350 gear=D(3) soc=70% turnSignal=2 doorLock=locked beltWarn=WARN highBeam=OFF coolantTemp=90.0C(warn=NO) batteryWarn=OK
Parsed: seq=190 time=1786929850499 speed=20 km/h rpm=1300 gear=D(3) soc=70% turnSignal=2 doorLock=locked beltWarn=WARN highBeam=OFF coolantTemp=90.0C(warn=NO) batteryWarn=OK
Parsed: seq=191 time=1786929850600 speed=18 km/h rpm=1250 gear=D(3) soc=70% turnSignal=2 doorLock=locked beltWarn=WARN highBeam=OFF coolantTemp=90.0C(warn=NO) batteryWarn=OK
Parsed: seq=192 time=1786929850701 speed=16 km/h rpm=1200 gear=D(3) soc=70% turnSignal=2 doorLock=locked beltWarn=WARN highBeam=OFF coolantTemp=90.0C(warn=NO) batteryWarn=OK
Parsed: seq=193 time=1786929850802 speed=14 km/h rpm=1150 gear=D(3) soc=70% turnSignal=2 doorLock=locked beltWarn=WARN highBeam=OFF coolantTemp=90.0C(warn=NO) batteryWarn=OK
Parsed: seq=194 time=1786929850904 speed=12 km/h rpm=1100 gear=D(3) soc=70% turnSignal=2 doorLock=locked beltWarn=WARN highBeam=OFF coolantTemp=90.0C(warn=NO) batteryWarn=OK
Parsed: seq=195 time=1786929851004 speed=10 km/h rpm=1050 gear=D(3) soc=70% turnSignal=2 doorLock=locked beltWarn=WARN highBeam=OFF coolantTemp=90.0C(warn=NO) batteryWarn=OK
Parsed: seq=196 time=1786929851106 speed=8 km/h rpm=1000 gear=D(3) soc=70% turnSignal=2 doorLock=locked beltWarn=WARN highBeam=OFF coolantTemp=90.0C(warn=NO) batteryWarn=OK
Parsed: seq=197 time=1786929851207 speed=6 km/h rpm=950 gear=D(3) soc=70% turnSignal=2 doorLock=locked beltWarn=WARN highBeam=OFF coolantTemp=90.0C(warn=NO) batteryWarn=OK
Parsed: seq=198 time=1786929851309 speed=4 km/h rpm=900 gear=D(3) soc=70% turnSignal=2 doorLock=locked beltWarn=WARN highBeam=OFF coolantTemp=90.0C(warn=NO) batteryWarn=OK
Parsed: seq=199 time=1786929851410 speed=2 km/h rpm=850 gear=D(3) soc=70% turnSignal=2 doorLock=locked beltWarn=WARN highBeam=OFF coolantTemp=90.0C(warn=NO) batteryWarn=OK
Parsed: seq=200 time=1786929851511 speed=0 km/h rpm=800 gear=P(0) soc=70% turnSignal=2 doorLock=locked beltWarn=WARN highBeam=ON coolantTemp=90.0C(warn=NO) batteryWarn=OK
Parsed: seq=201 time=1786929851613 speed=2 km/h rpm=850 gear=D(3) soc=70% turnSignal=2 doorLock=locked beltWarn=WARN highBeam=ON coolantTemp=90.0C(warn=NO) batteryWarn=OK
Parsed: seq=202 time=1786929851714 speed=4 km/h rpm=900 gear=D(3) soc=70% turnSignal=2 doorLock=locked beltWarn=WARN highBeam=ON coolantTemp=90.0C(warn=NO) batteryWarn=OK
Parsed: seq=203 time=1786929851815 speed=6 km/h rpm=950 gear=D(3) soc=70% turnSignal=2 doorLock=locked beltWarn=WARN highBeam=ON coolantTemp=90.0C(warn=NO) batteryWarn=OK
Parsed: seq=204 time=1786929851916 speed=8 km/h rpm=1000 gear=D(3) soc=70% turnSignal=2 doorLock=locked beltWarn=WARN highBeam=ON coolantTemp=90.0C(warn=NO) batteryWarn=OK
Parsed: seq=205 time=1786929852017 speed=10 km/h rpm=1050 gear=D(3) soc=70% turnSignal=2 doorLock=locked beltWarn=WARN highBeam=ON coolantTemp=90.0C(warn=NO) batteryWarn=OK
Parsed: seq=206 time=1786929852117 speed=12 km/h rpm=1100 gear=D(3) soc=70% turnSignal=2 doorLock=locked beltWarn=WARN highBeam=ON coolantTemp=90.0C(warn=NO) batteryWarn=OK
Parsed: seq=207 time=1786929852219 speed=14 km/h rpm=1150 gear=D(3) soc=70% turnSignal=2 doorLock=locked beltWarn=WARN highBeam=ON coolantTemp=90.0C(warn=NO) batteryWarn=OK
Parsed: seq=208 time=1786929852322 speed=16 km/h rpm=1200 gear=D(3) soc=70% turnSignal=2 doorLock=locked beltWarn=WARN highBeam=ON coolantTemp=90.0C(warn=NO) batteryWarn=OK
Parsed: seq=209 time=1786929852424 speed=18 km/h rpm=1250 gear=D(3) soc=70% turnSignal=2 doorLock=locked beltWarn=WARN highBeam=ON coolantTemp=90.0C(warn=NO) batteryWarn=OK
Parsed: seq=210 time=1786929852525 speed=20 km/h rpm=1300 gear=D(3) soc=70% turnSignal=3 doorLock=locked beltWarn=WARN highBeam=ON coolantTemp=90.0C(warn=NO) batteryWarn=OK
Parsed: seq=211 time=1786929852626 speed=22 km/h rpm=1350 gear=D(3) soc=70% turnSignal=3 doorLock=locked beltWarn=WARN highBeam=ON coolantTemp=90.0C(warn=NO) batteryWarn=OK
Parsed: seq=212 time=1786929852727 speed=24 km/h rpm=1400 gear=D(3) soc=70% turnSignal=3 doorLock=locked beltWarn=WARN highBeam=ON coolantTemp=90.0C(warn=NO) batteryWarn=OK
Parsed: seq=213 time=1786929852828 speed=26 km/h rpm=1450 gear=D(3) soc=70% turnSignal=3 doorLock=locked beltWarn=WARN highBeam=ON coolantTemp=90.0C(warn=NO) batteryWarn=OK
Parsed: seq=214 time=1786929852930 speed=28 km/h rpm=1500 gear=D(3) soc=70% turnSignal=3 doorLock=locked beltWarn=WARN highBeam=ON coolantTemp=90.0C(warn=NO) batteryWarn=OK
Parsed: seq=215 time=1786929853031 speed=30 km/h rpm=1550 gear=D(3) soc=70% turnSignal=3 doorLock=locked beltWarn=WARN highBeam=ON coolantTemp=90.0C(warn=NO) batteryWarn=OK
Parsed: seq=216 time=1786929853131 speed=32 km/h rpm=1600 gear=D(3) soc=70% turnSignal=3 doorLock=locked beltWarn=WARN highBeam=ON coolantTemp=90.0C(warn=NO) batteryWarn=OK
Parsed: seq=217 time=1786929853232 speed=34 km/h rpm=1650 gear=D(3) soc=70% turnSignal=3 doorLock=locked beltWarn=WARN highBeam=ON coolantTemp=90.0C(warn=NO) batteryWarn=OK
Parsed: seq=218 time=1786929853333 speed=36 km/h rpm=1700 gear=D(3) soc=70% turnSignal=3 doorLock=locked beltWarn=WARN highBeam=ON coolantTemp=90.0C(warn=NO) batteryWarn=OK
Parsed: seq=219 time=1786929853435 speed=38 km/h rpm=1750 gear=D(3) soc=70% turnSignal=3 doorLock=locked beltWarn=WARN highBeam=ON coolantTemp=90.0C(warn=NO) batteryWarn=OK
Parsed: seq=220 time=1786929853536 speed=40 km/h rpm=1800 gear=D(3) soc=70% turnSignal=3 doorLock=locked beltWarn=WARN highBeam=ON coolantTemp=90.0C(warn=NO) batteryWarn=OK
Parsed: seq=221 time=1786929853638 speed=42 km/h rpm=1850 gear=D(3) soc=70% turnSignal=3 doorLock=locked beltWarn=WARN highBeam=ON coolantTemp=90.0C(warn=NO) batteryWarn=OK
Parsed: seq=222 time=1786929853739 speed=44 km/h rpm=1900 gear=D(3) soc=70% turnSignal=3 doorLock=locked beltWarn=WARN highBeam=ON coolantTemp=90.0C(warn=NO) batteryWarn=OK
Parsed: seq=223 time=1786929853841 speed=46 km/h rpm=1950 gear=D(3) soc=70% turnSignal=3 doorLock=locked beltWarn=WARN highBeam=ON coolantTemp=90.0C(warn=NO) batteryWarn=OK
Parsed: seq=224 time=1786929853942 speed=48 km/h rpm=2000 gear=D(3) soc=70% turnSignal=3 doorLock=locked beltWarn=WARN highBeam=ON coolantTemp=90.0C(warn=NO) batteryWarn=OK
Parsed: seq=225 time=1786929854043 speed=50 km/h rpm=2050 gear=D(3) soc=70% turnSignal=3 doorLock=locked beltWarn=WARN highBeam=ON coolantTemp=90.0C(warn=NO) batteryWarn=OK
Parsed: seq=226 time=1786929854145 speed=52 km/h rpm=2100 gear=D(3) soc=70% turnSignal=3 doorLock=locked beltWarn=WARN highBeam=ON coolantTemp=90.0C(warn=NO) batteryWarn=OK
Parsed: seq=227 time=1786929854247 speed=54 km/h rpm=2150 gear=D(3) soc=70% turnSignal=3 doorLock=locked beltWarn=WARN highBeam=ON coolantTemp=90.0C(warn=NO) batteryWarn=OK
Parsed: seq=228 time=1786929854349 speed=56 km/h rpm=2200 gear=D(3) soc=70% turnSignal=3 doorLock=locked beltWarn=WARN highBeam=ON coolantTemp=90.0C(warn=NO) batteryWarn=OK
Parsed: seq=229 time=1786929854451 speed=58 km/h rpm=2250 gear=D(3) soc=70% turnSignal=3 doorLock=locked beltWarn=WARN highBeam=ON coolantTemp=90.0C(warn=NO) batteryWarn=OK
Parsed: seq=230 time=1786929854552 speed=60 km/h rpm=2300 gear=D(3) soc=70% turnSignal=3 doorLock=locked beltWarn=WARN highBeam=ON coolantTemp=90.0C(warn=NO) batteryWarn=OK
Parsed: seq=231 time=1786929854654 speed=62 km/h rpm=2350 gear=D(3) soc=70% turnSignal=3 doorLock=locked beltWarn=WARN highBeam=ON coolantTemp=90.0C(warn=NO) batteryWarn=OK
Parsed: seq=232 time=1786929854755 speed=64 km/h rpm=2400 gear=D(3) soc=70% turnSignal=3 doorLock=locked beltWarn=WARN highBeam=ON coolantTemp=90.0C(warn=NO) batteryWarn=OK
Parsed: seq=233 time=1786929854857 speed=66 km/h rpm=2450 gear=D(3) soc=70% turnSignal=3 doorLock=locked beltWarn=WARN highBeam=ON coolantTemp=90.0C(warn=NO) batteryWarn=OK
Parsed: seq=234 time=1786929854958 speed=68 km/h rpm=2500 gear=D(3) soc=70% turnSignal=3 doorLock=locked beltWarn=WARN highBeam=ON coolantTemp=90.0C(warn=NO) batteryWarn=OK
Parsed: seq=235 time=1786929855059 speed=70 km/h rpm=2550 gear=D(3) soc=70% turnSignal=3 doorLock=locked beltWarn=WARN highBeam=ON coolantTemp=90.0C(warn=NO) batteryWarn=OK
Parsed: seq=236 time=1786929855161 speed=72 km/h rpm=2600 gear=D(3) soc=70% turnSignal=3 doorLock=locked beltWarn=WARN highBeam=ON coolantTemp=90.0C(warn=NO) batteryWarn=OK
Parsed: seq=237 time=1786929855263 speed=74 km/h rpm=2650 gear=D(3) soc=70% turnSignal=3 doorLock=locked beltWarn=WARN highBeam=ON coolantTemp=90.0C(warn=NO) batteryWarn=OK
Parsed: seq=238 time=1786929855364 speed=76 km/h rpm=2700 gear=D(3) soc=70% turnSignal=3 doorLock=locked beltWarn=WARN highBeam=ON coolantTemp=90.0C(warn=NO) batteryWarn=OK
Parsed: seq=239 time=1786929855465 speed=78 km/h rpm=2750 gear=D(3) soc=70% turnSignal=3 doorLock=locked beltWarn=WARN highBeam=ON coolantTemp=90.0C(warn=NO) batteryWarn=OK
Parsed: seq=240 time=1786929855567 speed=80 km/h rpm=2800 gear=D(3) soc=70% turnSignal=0 doorLock=locked beltWarn=WARN highBeam=ON coolantTemp=90.0C(warn=NO) batteryWarn=OK
Parsed: seq=241 time=1786929855668 speed=82 km/h rpm=2850 gear=D(3) soc=70% turnSignal=0 doorLock=locked beltWarn=WARN highBeam=ON coolantTemp=90.0C(warn=NO) batteryWarn=OK
Parsed: seq=242 time=1786929855771 speed=84 km/h rpm=2900 gear=D(3) soc=70% turnSignal=0 doorLock=locked beltWarn=WARN highBeam=ON coolantTemp=90.0C(warn=NO) batteryWarn=OK
Parsed: seq=243 time=1786929855873 speed=86 km/h rpm=2950 gear=D(3) soc=70% turnSignal=0 doorLock=locked beltWarn=WARN highBeam=ON coolantTemp=90.0C(warn=NO) batteryWarn=OK
Parsed: seq=244 time=1786929855975 speed=88 km/h rpm=3000 gear=D(3) soc=70% turnSignal=0 doorLock=locked beltWarn=WARN highBeam=ON coolantTemp=90.0C(warn=NO) batteryWarn=OK
Parsed: seq=245 time=1786929856076 speed=90 km/h rpm=3050 gear=D(3) soc=70% turnSignal=0 doorLock=locked beltWarn=WARN highBeam=ON coolantTemp=90.0C(warn=NO) batteryWarn=OK
Parsed: seq=246 time=1786929856178 speed=92 km/h rpm=3100 gear=D(3) soc=70% turnSignal=0 doorLock=locked beltWarn=WARN highBeam=ON coolantTemp=90.0C(warn=NO) batteryWarn=OK
Parsed: seq=247 time=1786929856280 speed=94 km/h rpm=3150 gear=D(3) soc=70% turnSignal=0 doorLock=locked beltWarn=WARN highBeam=ON coolantTemp=90.0C(warn=NO) batteryWarn=OK
Parsed: seq=248 time=1786929856381 speed=96 km/h rpm=3200 gear=D(3) soc=70% turnSignal=0 doorLock=locked beltWarn=WARN highBeam=ON coolantTemp=90.0C(warn=NO) batteryWarn=OK
Parsed: seq=249 time=1786929856482 speed=98 km/h rpm=3250 gear=D(3) soc=70% turnSignal=0 doorLock=locked beltWarn=WARN highBeam=ON coolantTemp=90.0C(warn=NO) batteryWarn=OK
Parsed: seq=250 time=1786929856584 speed=100 km/h rpm=3300 gear=D(3) soc=70% turnSignal=0 doorLock=locked beltWarn=WARN highBeam=OFF coolantTemp=90.0C(warn=NO) batteryWarn=OK
Parsed: seq=251 time=1786929856685 speed=98 km/h rpm=3250 gear=D(3) soc=70% turnSignal=0 doorLock=locked beltWarn=WARN highBeam=OFF coolantTemp=90.0C(warn=NO) batteryWarn=OK
Parsed: seq=252 time=1786929856786 speed=96 km/h rpm=3200 gear=D(3) soc=70% turnSignal=0 doorLock=locked beltWarn=WARN highBeam=OFF coolantTemp=90.0C(warn=NO) batteryWarn=OK
Parsed: seq=253 time=1786929856891 speed=94 km/h rpm=3150 gear=D(3) soc=70% turnSignal=0 doorLock=locked beltWarn=WARN highBeam=OFF coolantTemp=90.0C(warn=NO) batteryWarn=OK
Parsed: seq=254 time=1786929856992 speed=92 km/h rpm=3100 gear=D(3) soc=70% turnSignal=0 doorLock=locked beltWarn=WARN highBeam=OFF coolantTemp=90.0C(warn=NO) batteryWarn=OK
Parsed: seq=255 time=1786929857093 speed=90 km/h rpm=3050 gear=D(3) soc=70% turnSignal=0 doorLock=locked beltWarn=WARN highBeam=OFF coolantTemp=90.0C(warn=NO) batteryWarn=OK
Parsed: seq=256 time=1786929857194 speed=88 km/h rpm=3000 gear=D(3) soc=70% turnSignal=0 doorLock=locked beltWarn=WARN highBeam=OFF coolantTemp=90.0C(warn=NO) batteryWarn=OK
Parsed: seq=257 time=1786929857295 speed=86 km/h rpm=2950 gear=D(3) soc=70% turnSignal=0 doorLock=locked beltWarn=WARN highBeam=OFF coolantTemp=90.0C(warn=NO) batteryWarn=OK
Parsed: seq=258 time=1786929857396 speed=84 km/h rpm=2900 gear=D(3) soc=70% turnSignal=0 doorLock=locked beltWarn=WARN highBeam=OFF coolantTemp=90.0C(warn=NO) batteryWarn=OK
Parsed: seq=259 time=1786929857498 speed=82 km/h rpm=2850 gear=D(3) soc=70% turnSignal=0 doorLock=locked beltWarn=WARN highBeam=OFF coolantTemp=90.0C(warn=NO) batteryWarn=OK
Parsed: seq=260 time=1786929857599 speed=80 km/h rpm=2800 gear=D(3) soc=70% turnSignal=0 doorLock=locked beltWarn=WARN highBeam=OFF coolantTemp=90.0C(warn=NO) batteryWarn=OK
Parsed: seq=261 time=1786929857700 speed=78 km/h rpm=2750 gear=D(3) soc=70% turnSignal=0 doorLock=locked beltWarn=WARN highBeam=OFF coolantTemp=90.0C(warn=NO) batteryWarn=OK
Parsed: seq=262 time=1786929857801 speed=76 km/h rpm=2700 gear=D(3) soc=70% turnSignal=0 doorLock=locked beltWarn=WARN highBeam=OFF coolantTemp=90.0C(warn=NO) batteryWarn=OK
Parsed: seq=263 time=1786929857902 speed=74 km/h rpm=2650 gear=D(3) soc=70% turnSignal=0 doorLock=locked beltWarn=WARN highBeam=OFF coolantTemp=90.0C(warn=NO) batteryWarn=OK
Parsed: seq=264 time=1786929858004 speed=72 km/h rpm=2600 gear=D(3) soc=70% turnSignal=0 doorLock=locked beltWarn=WARN highBeam=OFF coolantTemp=90.0C(warn=NO) batteryWarn=OK
Parsed: seq=265 time=1786929858104 speed=70 km/h rpm=2550 gear=D(3) soc=70% turnSignal=0 doorLock=locked beltWarn=WARN highBeam=OFF coolantTemp=90.0C(warn=NO) batteryWarn=OK
Parsed: seq=266 time=1786929858207 speed=68 km/h rpm=2500 gear=D(3) soc=70% turnSignal=0 doorLock=locked beltWarn=WARN highBeam=OFF coolantTemp=90.0C(warn=NO) batteryWarn=OK
Parsed: seq=267 time=1786929858308 speed=66 km/h rpm=2450 gear=D(3) soc=70% turnSignal=0 doorLock=locked beltWarn=WARN highBeam=OFF coolantTemp=90.0C(warn=NO) batteryWarn=OK
Parsed: seq=268 time=1786929858410 speed=64 km/h rpm=2400 gear=D(3) soc=70% turnSignal=0 doorLock=locked beltWarn=WARN highBeam=OFF coolantTemp=90.0C(warn=NO) batteryWarn=OK
Parsed: seq=269 time=1786929858511 speed=62 km/h rpm=2350 gear=D(3) soc=70% turnSignal=0 doorLock=locked beltWarn=WARN highBeam=OFF coolantTemp=90.0C(warn=NO) batteryWarn=OK
Parsed: seq=270 time=1786929858611 speed=60 km/h rpm=2300 gear=D(3) soc=70% turnSignal=1 doorLock=locked beltWarn=WARN highBeam=OFF coolantTemp=90.0C(warn=NO) batteryWarn=OK
Parsed: seq=271 time=1786929858712 speed=58 km/h rpm=2250 gear=D(3) soc=70% turnSignal=1 doorLock=locked beltWarn=WARN highBeam=OFF coolantTemp=90.0C(warn=NO) batteryWarn=OK
Parsed: seq=272 time=1786929858813 speed=56 km/h rpm=2200 gear=D(3) soc=70% turnSignal=1 doorLock=locked beltWarn=WARN highBeam=OFF coolantTemp=90.0C(warn=NO) batteryWarn=OK
Parsed: seq=273 time=1786929858914 speed=54 km/h rpm=2150 gear=D(3) soc=70% turnSignal=1 doorLock=locked beltWarn=WARN highBeam=OFF coolantTemp=90.0C(warn=NO) batteryWarn=OK
Parsed: seq=274 time=1786929859015 speed=52 km/h rpm=2100 gear=D(3) soc=70% turnSignal=1 doorLock=locked beltWarn=WARN highBeam=OFF coolantTemp=90.0C(warn=NO) batteryWarn=OK
Parsed: seq=275 time=1786929859116 speed=50 km/h rpm=2050 gear=D(3) soc=70% turnSignal=1 doorLock=locked beltWarn=WARN highBeam=OFF coolantTemp=90.0C(warn=NO) batteryWarn=OK
Parsed: seq=276 time=1786929859216 speed=48 km/h rpm=2000 gear=D(3) soc=70% turnSignal=1 doorLock=locked beltWarn=WARN highBeam=OFF coolantTemp=90.0C(warn=NO) batteryWarn=OK
Parsed: seq=277 time=1786929859318 speed=46 km/h rpm=1950 gear=D(3) soc=70% turnSignal=1 doorLock=locked beltWarn=WARN highBeam=OFF coolantTemp=90.0C(warn=NO) batteryWarn=OK
Parsed: seq=278 time=1786929859418 speed=44 km/h rpm=1900 gear=D(3) soc=70% turnSignal=1 doorLock=locked beltWarn=WARN highBeam=OFF coolantTemp=90.0C(warn=NO) batteryWarn=OK
Parsed: seq=279 time=1786929859519 speed=42 km/h rpm=1850 gear=D(3) soc=70% turnSignal=1 doorLock=locked beltWarn=WARN highBeam=OFF coolantTemp=90.0C(warn=NO) batteryWarn=OK
Parsed: seq=280 time=1786929859621 speed=40 km/h rpm=1800 gear=D(3) soc=70% turnSignal=1 doorLock=locked beltWarn=WARN highBeam=OFF coolantTemp=90.0C(warn=NO) batteryWarn=OK
Parsed: seq=281 time=1786929859722 speed=38 km/h rpm=1750 gear=D(3) soc=70% turnSignal=1 doorLock=locked beltWarn=WARN highBeam=OFF coolantTemp=90.0C(warn=NO) batteryWarn=OK
Parsed: seq=282 time=1786929859823 speed=36 km/h rpm=1700 gear=D(3) soc=70% turnSignal=1 doorLock=locked beltWarn=WARN highBeam=OFF coolantTemp=90.0C(warn=NO) batteryWarn=OK
Parsed: seq=283 time=1786929859924 speed=34 km/h rpm=1650 gear=D(3) soc=70% turnSignal=1 doorLock=locked beltWarn=WARN highBeam=OFF coolantTemp=90.0C(warn=NO) batteryWarn=OK
Parsed: seq=284 time=1786929860026 speed=32 km/h rpm=1600 gear=D(3) soc=70% turnSignal=1 doorLock=locked beltWarn=WARN highBeam=OFF coolantTemp=90.0C(warn=NO) batteryWarn=OK
Parsed: seq=285 time=1786929860127 speed=30 km/h rpm=1550 gear=D(3) soc=70% turnSignal=1 doorLock=locked beltWarn=WARN highBeam=OFF coolantTemp=90.0C(warn=NO) batteryWarn=OK
Parsed: seq=286 time=1786929860228 speed=28 km/h rpm=1500 gear=D(3) soc=70% turnSignal=1 doorLock=locked beltWarn=WARN highBeam=OFF coolantTemp=90.0C(warn=NO) batteryWarn=OK
Parsed: seq=287 time=1786929860328 speed=26 km/h rpm=1450 gear=D(3) soc=70% turnSignal=1 doorLock=locked beltWarn=WARN highBeam=OFF coolantTemp=90.0C(warn=NO) batteryWarn=OK
Parsed: seq=288 time=1786929860429 speed=24 km/h rpm=1400 gear=D(3) soc=70% turnSignal=1 doorLock=locked beltWarn=WARN highBeam=OFF coolantTemp=90.0C(warn=NO) batteryWarn=OK
Parsed: seq=289 time=1786929860530 speed=22 km/h rpm=1350 gear=D(3) soc=70% turnSignal=1 doorLock=locked beltWarn=WARN highBeam=OFF coolantTemp=90.0C(warn=NO) batteryWarn=OK
Parsed: seq=290 time=1786929860631 speed=20 km/h rpm=1300 gear=D(3) soc=70% turnSignal=1 doorLock=locked beltWarn=WARN highBeam=OFF coolantTemp=90.0C(warn=NO) batteryWarn=OK
Parsed: seq=291 time=1786929860733 speed=18 km/h rpm=1250 gear=D(3) soc=70% turnSignal=1 doorLock=locked beltWarn=WARN highBeam=OFF coolantTemp=90.0C(warn=NO) batteryWarn=OK
Parsed: seq=292 time=1786929860834 speed=16 km/h rpm=1200 gear=D(3) soc=70% turnSignal=1 doorLock=locked beltWarn=WARN highBeam=OFF coolantTemp=90.0C(warn=NO) batteryWarn=OK
Parsed: seq=293 time=1786929860935 speed=14 km/h rpm=1150 gear=D(3) soc=70% turnSignal=1 doorLock=locked beltWarn=WARN highBeam=OFF coolantTemp=90.0C(warn=NO) batteryWarn=OK
Parsed: seq=294 time=1786929861036 speed=12 km/h rpm=1100 gear=D(3) soc=70% turnSignal=1 doorLock=locked beltWarn=WARN highBeam=OFF coolantTemp=90.0C(warn=NO) batteryWarn=OK
Parsed: seq=295 time=1786929861137 speed=10 km/h rpm=1050 gear=D(3) soc=70% turnSignal=1 doorLock=locked beltWarn=WARN highBeam=OFF coolantTemp=90.0C(warn=NO) batteryWarn=OK
Parsed: seq=296 time=1786929861239 speed=8 km/h rpm=1000 gear=D(3) soc=70% turnSignal=1 doorLock=locked beltWarn=WARN highBeam=OFF coolantTemp=90.0C(warn=NO) batteryWarn=OK
Parsed: seq=297 time=1786929861340 speed=6 km/h rpm=950 gear=D(3) soc=70% turnSignal=1 doorLock=locked beltWarn=WARN highBeam=OFF coolantTemp=90.0C(warn=NO) batteryWarn=OK
Parsed: seq=298 time=1786929861441 speed=4 km/h rpm=900 gear=D(3) soc=70% turnSignal=1 doorLock=locked beltWarn=WARN highBeam=OFF coolantTemp=90.0C(warn=NO) batteryWarn=OK
Parsed: seq=299 time=1786929861542 speed=2 km/h rpm=850 gear=D(3) soc=70% turnSignal=1 doorLock=locked beltWarn=WARN highBeam=OFF coolantTemp=90.0C(warn=NO) batteryWarn=OK
Parsed: seq=300 time=1786929861643 speed=0 km/h rpm=800 gear=P(0) soc=70% turnSignal=2 doorLock=locked beltWarn=OK highBeam=ON coolantTemp=90.0C(warn=NO) batteryWarn=OK
Parsed: seq=301 time=1786929861744 speed=2 km/h rpm=850 gear=D(3) soc=70% turnSignal=2 doorLock=locked beltWarn=OK highBeam=ON coolantTemp=90.0C(warn=NO) batteryWarn=OK
Parsed: seq=302 time=1786929861845 speed=4 km/h rpm=900 gear=D(3) soc=70% turnSignal=2 doorLock=locked beltWarn=OK highBeam=ON coolantTemp=90.0C(warn=NO) batteryWarn=OK
Parsed: seq=303 time=1786929861946 speed=6 km/h rpm=950 gear=D(3) soc=70% turnSignal=2 doorLock=locked beltWarn=OK highBeam=ON coolantTemp=90.0C(warn=NO) batteryWarn=OK
Parsed: seq=304 time=1786929862047 speed=8 km/h rpm=1000 gear=D(3) soc=70% turnSignal=2 doorLock=locked beltWarn=OK highBeam=ON coolantTemp=90.0C(warn=NO) batteryWarn=OK
Parsed: seq=305 time=1786929862148 speed=10 km/h rpm=1050 gear=D(3) soc=70% turnSignal=2 doorLock=locked beltWarn=OK highBeam=ON coolantTemp=90.0C(warn=NO) batteryWarn=OK
Parsed: seq=306 time=1786929862251 speed=12 km/h rpm=1100 gear=D(3) soc=70% turnSignal=2 doorLock=locked beltWarn=OK highBeam=ON coolantTemp=90.0C(warn=NO) batteryWarn=OK
Parsed: seq=307 time=1786929862352 speed=14 km/h rpm=1150 gear=D(3) soc=70% turnSignal=2 doorLock=locked beltWarn=OK highBeam=ON coolantTemp=90.0C(warn=NO) batteryWarn=OK
Parsed: seq=308 time=1786929862453 speed=16 km/h rpm=1200 gear=D(3) soc=70% turnSignal=2 doorLock=locked beltWarn=OK highBeam=ON coolantTemp=90.0C(warn=NO) batteryWarn=OK
Parsed: seq=309 time=1786929862554 speed=18 km/h rpm=1250 gear=D(3) soc=70% turnSignal=2 doorLock=locked beltWarn=OK highBeam=ON coolantTemp=90.0C(warn=NO) batteryWarn=OK
Parsed: seq=310 time=1786929862656 speed=20 km/h rpm=1300 gear=D(3) soc=70% turnSignal=2 doorLock=locked beltWarn=OK highBeam=ON coolantTemp=90.0C(warn=NO) batteryWarn=OK
Parsed: seq=311 time=1786929862756 speed=22 km/h rpm=1350 gear=D(3) soc=70% turnSignal=2 doorLock=locked beltWarn=OK highBeam=ON coolantTemp=90.0C(warn=NO) batteryWarn=OK
Parsed: seq=312 time=1786929862858 speed=24 km/h rpm=1400 gear=D(3) soc=70% turnSignal=2 doorLock=locked beltWarn=OK highBeam=ON coolantTemp=90.0C(warn=NO) batteryWarn=OK
Parsed: seq=313 time=1786929862959 speed=26 km/h rpm=1450 gear=D(3) soc=70% turnSignal=2 doorLock=locked beltWarn=OK highBeam=ON coolantTemp=90.0C(warn=NO) batteryWarn=OK
Parsed: seq=314 time=1786929863061 speed=28 km/h rpm=1500 gear=D(3) soc=70% turnSignal=2 doorLock=locked beltWarn=OK highBeam=ON coolantTemp=90.0C(warn=NO) batteryWarn=OK
Parsed: seq=315 time=1786929863162 speed=30 km/h rpm=1550 gear=D(3) soc=70% turnSignal=2 doorLock=locked beltWarn=OK highBeam=ON coolantTemp=90.0C(warn=NO) batteryWarn=OK
Parsed: seq=316 time=1786929863264 speed=32 km/h rpm=1600 gear=D(3) soc=70% turnSignal=2 doorLock=locked beltWarn=OK highBeam=ON coolantTemp=90.0C(warn=NO) batteryWarn=OK
Parsed: seq=317 time=1786929863365 speed=34 km/h rpm=1650 gear=D(3) soc=70% turnSignal=2 doorLock=locked beltWarn=OK highBeam=ON coolantTemp=90.0C(warn=NO) batteryWarn=OK
Parsed: seq=318 time=1786929863466 speed=36 km/h rpm=1700 gear=D(3) soc=70% turnSignal=2 doorLock=locked beltWarn=OK highBeam=ON coolantTemp=90.0C(warn=NO) batteryWarn=OK
Parsed: seq=319 time=1786929863566 speed=38 km/h rpm=1750 gear=D(3) soc=70% turnSignal=2 doorLock=locked beltWarn=OK highBeam=ON coolantTemp=90.0C(warn=NO) batteryWarn=OK
Parsed: seq=320 time=1786929863667 speed=40 km/h rpm=1800 gear=D(3) soc=70% turnSignal=2 doorLock=locked beltWarn=OK highBeam=ON coolantTemp=90.0C(warn=NO) batteryWarn=OK
Parsed: seq=321 time=1786929863768 speed=42 km/h rpm=1850 gear=D(3) soc=70% turnSignal=2 doorLock=locked beltWarn=OK highBeam=ON coolantTemp=90.0C(warn=NO) batteryWarn=OK
Parsed: seq=322 time=1786929863869 speed=44 km/h rpm=1900 gear=D(3) soc=70% turnSignal=2 doorLock=locked beltWarn=OK highBeam=ON coolantTemp=90.0C(warn=NO) batteryWarn=OK
Parsed: seq=323 time=1786929863971 speed=46 km/h rpm=1950 gear=D(3) soc=70% turnSignal=2 doorLock=locked beltWarn=OK highBeam=ON coolantTemp=90.0C(warn=NO) batteryWarn=OK
Parsed: seq=324 time=1786929864072 speed=48 km/h rpm=2000 gear=D(3) soc=70% turnSignal=2 doorLock=locked beltWarn=OK highBeam=ON coolantTemp=90.0C(warn=NO) batteryWarn=OK
Parsed: seq=325 time=1786929864173 speed=50 km/h rpm=2050 gear=D(3) soc=70% turnSignal=2 doorLock=locked beltWarn=OK highBeam=ON coolantTemp=90.0C(warn=NO) batteryWarn=OK
Parsed: seq=326 time=1786929864274 speed=52 km/h rpm=2100 gear=D(3) soc=70% turnSignal=2 doorLock=locked beltWarn=OK highBeam=ON coolantTemp=90.0C(warn=NO) batteryWarn=OK
Parsed: seq=327 time=1786929864375 speed=54 km/h rpm=2150 gear=D(3) soc=70% turnSignal=2 doorLock=locked beltWarn=OK highBeam=ON coolantTemp=90.0C(warn=NO) batteryWarn=OK
Parsed: seq=328 time=1786929864476 speed=56 km/h rpm=2200 gear=D(3) soc=70% turnSignal=2 doorLock=locked beltWarn=OK highBeam=ON coolantTemp=90.0C(warn=NO) batteryWarn=OK
Parsed: seq=329 time=1786929864578 speed=58 km/h rpm=2250 gear=D(3) soc=70% turnSignal=2 doorLock=locked beltWarn=OK highBeam=ON coolantTemp=90.0C(warn=NO) batteryWarn=OK
Parsed: seq=330 time=1786929864679 speed=60 km/h rpm=2300 gear=D(3) soc=70% turnSignal=3 doorLock=locked beltWarn=OK highBeam=ON coolantTemp=90.0C(warn=NO) batteryWarn=OK
Parsed: seq=331 time=1786929864780 speed=62 km/h rpm=2350 gear=D(3) soc=70% turnSignal=3 doorLock=locked beltWarn=OK highBeam=ON coolantTemp=90.0C(warn=NO) batteryWarn=OK
Parsed: seq=332 time=1786929864881 speed=64 km/h rpm=2400 gear=D(3) soc=70% turnSignal=3 doorLock=locked beltWarn=OK highBeam=ON coolantTemp=90.0C(warn=NO) batteryWarn=OK
Parsed: seq=333 time=1786929864983 speed=66 km/h rpm=2450 gear=D(3) soc=70% turnSignal=3 doorLock=locked beltWarn=OK highBeam=ON coolantTemp=90.0C(warn=NO) batteryWarn=OK
Parsed: seq=334 time=1786929865084 speed=68 km/h rpm=2500 gear=D(3) soc=70% turnSignal=3 doorLock=locked beltWarn=OK highBeam=ON coolantTemp=90.0C(warn=NO) batteryWarn=OK
Parsed: seq=335 time=1786929865184 speed=70 km/h rpm=2550 gear=D(3) soc=70% turnSignal=3 doorLock=locked beltWarn=OK highBeam=ON coolantTemp=90.0C(warn=NO) batteryWarn=OK
Parsed: seq=336 time=1786929865285 speed=72 km/h rpm=2600 gear=D(3) soc=70% turnSignal=3 doorLock=locked beltWarn=OK highBeam=ON coolantTemp=90.0C(warn=NO) batteryWarn=OK
Parsed: seq=337 time=1786929865386 speed=74 km/h rpm=2650 gear=D(3) soc=70% turnSignal=3 doorLock=locked beltWarn=OK highBeam=ON coolantTemp=90.0C(warn=NO) batteryWarn=OK
Parsed: seq=338 time=1786929865488 speed=76 km/h rpm=2700 gear=D(3) soc=70% turnSignal=3 doorLock=locked beltWarn=OK highBeam=ON coolantTemp=90.0C(warn=NO) batteryWarn=OK
Parsed: seq=339 time=1786929865589 speed=78 km/h rpm=2750 gear=D(3) soc=70% turnSignal=3 doorLock=locked beltWarn=OK highBeam=ON coolantTemp=90.0C(warn=NO) batteryWarn=OK
Parsed: seq=340 time=1786929865690 speed=80 km/h rpm=2800 gear=D(3) soc=70% turnSignal=3 doorLock=locked beltWarn=OK highBeam=ON coolantTemp=90.0C(warn=NO) batteryWarn=OK
Parsed: seq=341 time=1786929865790 speed=82 km/h rpm=2850 gear=D(3) soc=70% turnSignal=3 doorLock=locked beltWarn=OK highBeam=ON coolantTemp=90.0C(warn=NO) batteryWarn=OK
Parsed: seq=342 time=1786929865891 speed=84 km/h rpm=2900 gear=D(3) soc=70% turnSignal=3 doorLock=locked beltWarn=OK highBeam=ON coolantTemp=90.0C(warn=NO) batteryWarn=OK
Parsed: seq=343 time=1786929865992 speed=86 km/h rpm=2950 gear=D(3) soc=70% turnSignal=3 doorLock=locked beltWarn=OK highBeam=ON coolantTemp=90.0C(warn=NO) batteryWarn=OK
Parsed: seq=344 time=1786929866094 speed=88 km/h rpm=3000 gear=D(3) soc=70% turnSignal=3 doorLock=locked beltWarn=OK highBeam=ON coolantTemp=90.0C(warn=NO) batteryWarn=OK
Parsed: seq=345 time=1786929866195 speed=90 km/h rpm=3050 gear=D(3) soc=70% turnSignal=3 doorLock=locked beltWarn=OK highBeam=ON coolantTemp=90.0C(warn=NO) batteryWarn=OK
Parsed: seq=346 time=1786929866297 speed=92 km/h rpm=3100 gear=D(3) soc=70% turnSignal=3 doorLock=locked beltWarn=OK highBeam=ON coolantTemp=90.0C(warn=NO) batteryWarn=OK
Parsed: seq=347 time=1786929866399 speed=94 km/h rpm=3150 gear=D(3) soc=70% turnSignal=3 doorLock=locked beltWarn=OK highBeam=ON coolantTemp=90.0C(warn=NO) batteryWarn=OK
Parsed: seq=348 time=1786929866499 speed=96 km/h rpm=3200 gear=D(3) soc=70% turnSignal=3 doorLock=locked beltWarn=OK highBeam=ON coolantTemp=90.0C(warn=NO) batteryWarn=OK
Parsed: seq=349 time=1786929866600 speed=98 km/h rpm=3250 gear=D(3) soc=70% turnSignal=3 doorLock=locked beltWarn=OK highBeam=ON coolantTemp=90.0C(warn=NO) batteryWarn=OK
Parsed: seq=350 time=1786929866701 speed=100 km/h rpm=3300 gear=D(3) soc=70% turnSignal=3 doorLock=locked beltWarn=OK highBeam=OFF coolantTemp=90.0C(warn=NO) batteryWarn=OK
Parsed: seq=351 time=1786929866802 speed=98 km/h rpm=3250 gear=D(3) soc=70% turnSignal=3 doorLock=locked beltWarn=OK highBeam=OFF coolantTemp=90.0C(warn=NO) batteryWarn=OK
Parsed: seq=352 time=1786929866904 speed=96 km/h rpm=3200 gear=D(3) soc=70% turnSignal=3 doorLock=locked beltWarn=OK highBeam=OFF coolantTemp=90.0C(warn=NO) batteryWarn=OK
Parsed: seq=353 time=1786929867005 speed=94 km/h rpm=3150 gear=D(3) soc=70% turnSignal=3 doorLock=locked beltWarn=OK highBeam=OFF coolantTemp=90.0C(warn=NO) batteryWarn=OK
Parsed: seq=354 time=1786929867106 speed=92 km/h rpm=3100 gear=D(3) soc=70% turnSignal=3 doorLock=locked beltWarn=OK highBeam=OFF coolantTemp=90.0C(warn=NO) batteryWarn=OK
Parsed: seq=355 time=1786929867208 speed=90 km/h rpm=3050 gear=D(3) soc=70% turnSignal=3 doorLock=locked beltWarn=OK highBeam=OFF coolantTemp=90.0C(warn=NO) batteryWarn=OK
Parsed: seq=356 time=1786929867309 speed=88 km/h rpm=3000 gear=D(3) soc=70% turnSignal=3 doorLock=locked beltWarn=OK highBeam=OFF coolantTemp=90.0C(warn=NO) batteryWarn=OK
Parsed: seq=357 time=1786929867411 speed=86 km/h rpm=2950 gear=D(3) soc=70% turnSignal=3 doorLock=locked beltWarn=OK highBeam=OFF coolantTemp=90.0C(warn=NO) batteryWarn=OK
Parsed: seq=358 time=1786929867512 speed=84 km/h rpm=2900 gear=D(3) soc=70% turnSignal=3 doorLock=locked beltWarn=OK highBeam=OFF coolantTemp=90.0C(warn=NO) batteryWarn=OK
Parsed: seq=359 time=1786929867613 speed=82 km/h rpm=2850 gear=D(3) soc=70% turnSignal=3 doorLock=locked beltWarn=OK highBeam=OFF coolantTemp=90.0C(warn=NO) batteryWarn=OK
Parsed: seq=360 time=1786929867714 speed=80 km/h rpm=2800 gear=D(3) soc=70% turnSignal=0 doorLock=locked beltWarn=OK highBeam=OFF coolantTemp=90.0C(warn=NO) batteryWarn=OK
Parsed: seq=361 time=1786929867816 speed=78 km/h rpm=2750 gear=D(3) soc=70% turnSignal=0 doorLock=locked beltWarn=OK highBeam=OFF coolantTemp=90.0C(warn=NO) batteryWarn=OK
Parsed: seq=362 time=1786929867917 speed=76 km/h rpm=2700 gear=D(3) soc=70% turnSignal=0 doorLock=locked beltWarn=OK highBeam=OFF coolantTemp=90.0C(warn=NO) batteryWarn=OK
Parsed: seq=363 time=1786929868018 speed=74 km/h rpm=2650 gear=D(3) soc=70% turnSignal=0 doorLock=locked beltWarn=OK highBeam=OFF coolantTemp=90.0C(warn=NO) batteryWarn=OK
Parsed: seq=364 time=1786929868119 speed=72 km/h rpm=2600 gear=D(3) soc=70% turnSignal=0 doorLock=locked beltWarn=OK highBeam=OFF coolantTemp=90.0C(warn=NO) batteryWarn=OK
Parsed: seq=365 time=1786929868220 speed=70 km/h rpm=2550 gear=D(3) soc=70% turnSignal=0 doorLock=locked beltWarn=OK highBeam=OFF coolantTemp=90.0C(warn=NO) batteryWarn=OK
Parsed: seq=366 time=1786929868322 speed=68 km/h rpm=2500 gear=D(3) soc=70% turnSignal=0 doorLock=locked beltWarn=OK highBeam=OFF coolantTemp=90.0C(warn=NO) batteryWarn=OK
Parsed: seq=367 time=1786929868423 speed=66 km/h rpm=2450 gear=D(3) soc=70% turnSignal=0 doorLock=locked beltWarn=OK highBeam=OFF coolantTemp=90.0C(warn=NO) batteryWarn=OK
Parsed: seq=368 time=1786929868524 speed=64 km/h rpm=2400 gear=D(3) soc=70% turnSignal=0 doorLock=locked beltWarn=OK highBeam=OFF coolantTemp=90.0C(warn=NO) batteryWarn=OK
Parsed: seq=369 time=1786929868624 speed=62 km/h rpm=2350 gear=D(3) soc=70% turnSignal=0 doorLock=locked beltWarn=OK highBeam=OFF coolantTemp=90.0C(warn=NO) batteryWarn=OK
Parsed: seq=370 time=1786929868725 speed=60 km/h rpm=2300 gear=D(3) soc=70% turnSignal=0 doorLock=locked beltWarn=OK highBeam=OFF coolantTemp=90.0C(warn=NO) batteryWarn=OK
Parsed: seq=371 time=1786929868826 speed=58 km/h rpm=2250 gear=D(3) soc=70% turnSignal=0 doorLock=locked beltWarn=OK highBeam=OFF coolantTemp=90.0C(warn=NO) batteryWarn=OK
Parsed: seq=372 time=1786929868927 speed=56 km/h rpm=2200 gear=D(3) soc=70% turnSignal=0 doorLock=locked beltWarn=OK highBeam=OFF coolantTemp=90.0C(warn=NO) batteryWarn=OK
Parsed: seq=373 time=1786929869028 speed=54 km/h rpm=2150 gear=D(3) soc=70% turnSignal=0 doorLock=locked beltWarn=OK highBeam=OFF coolantTemp=90.0C(warn=NO) batteryWarn=OK
Parsed: seq=374 time=1786929869129 speed=52 km/h rpm=2100 gear=D(3) soc=70% turnSignal=0 doorLock=locked beltWarn=OK highBeam=OFF coolantTemp=90.0C(warn=NO) batteryWarn=OK
Parsed: seq=375 time=1786929869231 speed=50 km/h rpm=2050 gear=D(3) soc=70% turnSignal=0 doorLock=locked beltWarn=OK highBeam=OFF coolantTemp=90.0C(warn=NO) batteryWarn=OK
Parsed: seq=376 time=1786929869333 speed=48 km/h rpm=2000 gear=D(3) soc=70% turnSignal=0 doorLock=locked beltWarn=OK highBeam=OFF coolantTemp=90.0C(warn=NO) batteryWarn=OK
Parsed: seq=377 time=1786929869434 speed=46 km/h rpm=1950 gear=D(3) soc=70% turnSignal=0 doorLock=locked beltWarn=OK highBeam=OFF coolantTemp=90.0C(warn=NO) batteryWarn=OK
Parsed: seq=378 time=1786929869534 speed=44 km/h rpm=1900 gear=D(3) soc=70% turnSignal=0 doorLock=locked beltWarn=OK highBeam=OFF coolantTemp=90.0C(warn=NO) batteryWarn=OK
Parsed: seq=379 time=1786929869635 speed=42 km/h rpm=1850 gear=D(3) soc=70% turnSignal=0 doorLock=locked beltWarn=OK highBeam=OFF coolantTemp=90.0C(warn=NO) batteryWarn=OK
Parsed: seq=380 time=1786929869737 speed=40 km/h rpm=1800 gear=D(3) soc=70% turnSignal=0 doorLock=locked beltWarn=OK highBeam=OFF coolantTemp=90.0C(warn=NO) batteryWarn=OK
Parsed: seq=381 time=1786929869838 speed=38 km/h rpm=1750 gear=D(3) soc=70% turnSignal=0 doorLock=locked beltWarn=OK highBeam=OFF coolantTemp=90.0C(warn=NO) batteryWarn=OK
Parsed: seq=382 time=1786929869939 speed=36 km/h rpm=1700 gear=D(3) soc=70% turnSignal=0 doorLock=locked beltWarn=OK highBeam=OFF coolantTemp=90.0C(warn=NO) batteryWarn=OK
Parsed: seq=383 time=1786929870040 speed=34 km/h rpm=1650 gear=D(3) soc=70% turnSignal=0 doorLock=locked beltWarn=OK highBeam=OFF coolantTemp=90.0C(warn=NO) batteryWarn=OK
Parsed: seq=384 time=1786929870141 speed=32 km/h rpm=1600 gear=D(3) soc=70% turnSignal=0 doorLock=locked beltWarn=OK highBeam=OFF coolantTemp=90.0C(warn=NO) batteryWarn=OK
Parsed: seq=385 time=1786929870242 speed=30 km/h rpm=1550 gear=D(3) soc=70% turnSignal=0 doorLock=locked beltWarn=OK highBeam=OFF coolantTemp=90.0C(warn=NO) batteryWarn=OK
Parsed: seq=386 time=1786929870342 speed=28 km/h rpm=1500 gear=D(3) soc=70% turnSignal=0 doorLock=locked beltWarn=OK highBeam=OFF coolantTemp=90.0C(warn=NO) batteryWarn=OK
Parsed: seq=387 time=1786929870444 speed=26 km/h rpm=1450 gear=D(3) soc=70% turnSignal=0 doorLock=locked beltWarn=OK highBeam=OFF coolantTemp=90.0C(warn=NO) batteryWarn=OK
Parsed: seq=388 time=1786929870546 speed=24 km/h rpm=1400 gear=D(3) soc=70% turnSignal=0 doorLock=locked beltWarn=OK highBeam=OFF coolantTemp=90.0C(warn=NO) batteryWarn=OK
Parsed: seq=389 time=1786929870647 speed=22 km/h rpm=1350 gear=D(3) soc=70% turnSignal=0 doorLock=locked beltWarn=OK highBeam=OFF coolantTemp=90.0C(warn=NO) batteryWarn=OK
Parsed: seq=390 time=1786929870748 speed=20 km/h rpm=1300 gear=D(3) soc=70% turnSignal=1 doorLock=locked beltWarn=OK highBeam=OFF coolantTemp=90.0C(warn=NO) batteryWarn=OK
Parsed: seq=391 time=1786929870850 speed=18 km/h rpm=1250 gear=D(3) soc=70% turnSignal=1 doorLock=locked beltWarn=OK highBeam=OFF coolantTemp=90.0C(warn=NO) batteryWarn=OK
Parsed: seq=392 time=1786929870951 speed=16 km/h rpm=1200 gear=D(3) soc=70% turnSignal=1 doorLock=locked beltWarn=OK highBeam=OFF coolantTemp=90.0C(warn=NO) batteryWarn=OK
Parsed: seq=393 time=1786929871052 speed=14 km/h rpm=1150 gear=D(3) soc=70% turnSignal=1 doorLock=locked beltWarn=OK highBeam=OFF coolantTemp=90.0C(warn=NO) batteryWarn=OK
Parsed: seq=394 time=1786929871153 speed=12 km/h rpm=1100 gear=D(3) soc=70% turnSignal=1 doorLock=locked beltWarn=OK highBeam=OFF coolantTemp=90.0C(warn=NO) batteryWarn=OK
Parsed: seq=395 time=1786929871255 speed=10 km/h rpm=1050 gear=D(3) soc=70% turnSignal=1 doorLock=locked beltWarn=OK highBeam=OFF coolantTemp=90.0C(warn=NO) batteryWarn=OK
Parsed: seq=396 time=1786929871356 speed=8 km/h rpm=1000 gear=D(3) soc=70% turnSignal=1 doorLock=locked beltWarn=OK highBeam=OFF coolantTemp=90.0C(warn=NO) batteryWarn=OK
Parsed: seq=397 time=1786929871457 speed=6 km/h rpm=950 gear=D(3) soc=70% turnSignal=1 doorLock=locked beltWarn=OK highBeam=OFF coolantTemp=90.0C(warn=NO) batteryWarn=OK
Parsed: seq=398 time=1786929871559 speed=4 km/h rpm=900 gear=D(3) soc=70% turnSignal=1 doorLock=locked beltWarn=OK highBeam=OFF coolantTemp=90.0C(warn=NO) batteryWarn=OK
Parsed: seq=399 time=1786929871661 speed=2 km/h rpm=850 gear=D(3) soc=70% turnSignal=1 doorLock=locked beltWarn=OK highBeam=OFF coolantTemp=90.0C(warn=NO) batteryWarn=OK
Parsed: seq=400 time=1786929871762 speed=0 km/h rpm=800 gear=P(0) soc=70% turnSignal=1 doorLock=locked beltWarn=OK highBeam=ON coolantTemp=90.0C(warn=NO) batteryWarn=OK
Parsed: seq=401 time=1786929871863 speed=2 km/h rpm=850 gear=D(3) soc=70% turnSignal=1 doorLock=locked beltWarn=OK highBeam=ON coolantTemp=90.0C(warn=NO) batteryWarn=OK
Parsed: seq=402 time=1786929871965 speed=4 km/h rpm=900 gear=D(3) soc=70% turnSignal=1 doorLock=locked beltWarn=OK highBeam=ON coolantTemp=90.0C(warn=NO) batteryWarn=OK
Parsed: seq=403 time=1786929872066 speed=6 km/h rpm=950 gear=D(3) soc=70% turnSignal=1 doorLock=locked beltWarn=OK highBeam=ON coolantTemp=90.0C(warn=NO) batteryWarn=OK
Parsed: seq=404 time=1786929872168 speed=8 km/h rpm=1000 gear=D(3) soc=70% turnSignal=1 doorLock=locked beltWarn=OK highBeam=ON coolantTemp=90.0C(warn=NO) batteryWarn=OK
Parsed: seq=405 time=1786929872269 speed=10 km/h rpm=1050 gear=D(3) soc=70% turnSignal=1 doorLock=locked beltWarn=OK highBeam=ON coolantTemp=90.0C(warn=NO) batteryWarn=OK
Parsed: seq=406 time=1786929872370 speed=12 km/h rpm=1100 gear=D(3) soc=70% turnSignal=1 doorLock=locked beltWarn=OK highBeam=ON coolantTemp=90.0C(warn=NO) batteryWarn=OK
Parsed: seq=407 time=1786929872472 speed=14 km/h rpm=1150 gear=D(3) soc=70% turnSignal=1 doorLock=locked beltWarn=OK highBeam=ON coolantTemp=90.0C(warn=NO) batteryWarn=OK
Parsed: seq=408 time=1786929872572 speed=16 km/h rpm=1200 gear=D(3) soc=70% turnSignal=1 doorLock=locked beltWarn=OK highBeam=ON coolantTemp=90.0C(warn=NO) batteryWarn=OK
Parsed: seq=409 time=1786929872673 speed=18 km/h rpm=1250 gear=D(3) soc=70% turnSignal=1 doorLock=locked beltWarn=OK highBeam=ON coolantTemp=90.0C(warn=NO) batteryWarn=OK
Parsed: seq=410 time=1786929872774 speed=20 km/h rpm=1300 gear=D(3) soc=70% turnSignal=1 doorLock=locked beltWarn=OK highBeam=ON coolantTemp=90.0C(warn=NO) batteryWarn=OK
Parsed: seq=411 time=1786929872876 speed=22 km/h rpm=1350 gear=D(3) soc=70% turnSignal=1 doorLock=locked beltWarn=OK highBeam=ON coolantTemp=90.0C(warn=NO) batteryWarn=OK
Parsed: seq=412 time=1786929872977 speed=24 km/h rpm=1400 gear=D(3) soc=70% turnSignal=1 doorLock=locked beltWarn=OK highBeam=ON coolantTemp=90.0C(warn=NO) batteryWarn=OK
Parsed: seq=413 time=1786929873078 speed=26 km/h rpm=1450 gear=D(3) soc=70% turnSignal=1 doorLock=locked beltWarn=OK highBeam=ON coolantTemp=90.0C(warn=NO) batteryWarn=OK
Parsed: seq=414 time=1786929873179 speed=28 km/h rpm=1500 gear=D(3) soc=70% turnSignal=1 doorLock=locked beltWarn=OK highBeam=ON coolantTemp=90.0C(warn=NO) batteryWarn=OK
Parsed: seq=415 time=1786929873280 speed=30 km/h rpm=1550 gear=D(3) soc=70% turnSignal=1 doorLock=locked beltWarn=OK highBeam=ON coolantTemp=90.0C(warn=NO) batteryWarn=OK
Parsed: seq=416 time=1786929873381 speed=32 km/h rpm=1600 gear=D(3) soc=70% turnSignal=1 doorLock=locked beltWarn=OK highBeam=ON coolantTemp=90.0C(warn=NO) batteryWarn=OK
Parsed: seq=417 time=1786929873482 speed=34 km/h rpm=1650 gear=D(3) soc=70% turnSignal=1 doorLock=locked beltWarn=OK highBeam=ON coolantTemp=90.0C(warn=NO) batteryWarn=OK
Parsed: seq=418 time=1786929873584 speed=36 km/h rpm=1700 gear=D(3) soc=70% turnSignal=1 doorLock=locked beltWarn=OK highBeam=ON coolantTemp=90.0C(warn=NO) batteryWarn=OK
Parsed: seq=419 time=1786929873685 speed=38 km/h rpm=1750 gear=D(3) soc=70% turnSignal=1 doorLock=locked beltWarn=OK highBeam=ON coolantTemp=90.0C(warn=NO) batteryWarn=OK
Parsed: seq=420 time=1786929873786 speed=40 km/h rpm=1800 gear=D(3) soc=70% turnSignal=2 doorLock=locked beltWarn=OK highBeam=ON coolantTemp=90.0C(warn=NO) batteryWarn=OK
Parsed: seq=421 time=1786929873887 speed=42 km/h rpm=1850 gear=D(3) soc=70% turnSignal=2 doorLock=locked beltWarn=OK highBeam=ON coolantTemp=90.0C(warn=NO) batteryWarn=OK
Parsed: seq=422 time=1786929873989 speed=44 km/h rpm=1900 gear=D(3) soc=70% turnSignal=2 doorLock=locked beltWarn=OK highBeam=ON coolantTemp=90.0C(warn=NO) batteryWarn=OK
Parsed: seq=423 time=1786929874089 speed=46 km/h rpm=1950 gear=D(3) soc=70% turnSignal=2 doorLock=locked beltWarn=OK highBeam=ON coolantTemp=90.0C(warn=NO) batteryWarn=OK
Parsed: seq=424 time=1786929874190 speed=48 km/h rpm=2000 gear=D(3) soc=70% turnSignal=2 doorLock=locked beltWarn=OK highBeam=ON coolantTemp=90.0C(warn=NO) batteryWarn=OK
Parsed: seq=425 time=1786929874291 speed=50 km/h rpm=2050 gear=D(3) soc=70% turnSignal=2 doorLock=locked beltWarn=OK highBeam=ON coolantTemp=90.0C(warn=NO) batteryWarn=OK
Parsed: seq=426 time=1786929874392 speed=52 km/h rpm=2100 gear=D(3) soc=70% turnSignal=2 doorLock=locked beltWarn=OK highBeam=ON coolantTemp=90.0C(warn=NO) batteryWarn=OK
Parsed: seq=427 time=1786929874493 speed=54 km/h rpm=2150 gear=D(3) soc=70% turnSignal=2 doorLock=locked beltWarn=OK highBeam=ON coolantTemp=90.0C(warn=NO) batteryWarn=OK
Parsed: seq=428 time=1786929874595 speed=56 km/h rpm=2200 gear=D(3) soc=70% turnSignal=2 doorLock=locked beltWarn=OK highBeam=ON coolantTemp=90.0C(warn=NO) batteryWarn=OK
Parsed: seq=429 time=1786929874696 speed=58 km/h rpm=2250 gear=D(3) soc=70% turnSignal=2 doorLock=locked beltWarn=OK highBeam=ON coolantTemp=90.0C(warn=NO) batteryWarn=OK
Parsed: seq=430 time=1786929874797 speed=60 km/h rpm=2300 gear=D(3) soc=70% turnSignal=2 doorLock=locked beltWarn=OK highBeam=ON coolantTemp=90.0C(warn=NO) batteryWarn=OK
Parsed: seq=431 time=1786929874898 speed=62 km/h rpm=2350 gear=D(3) soc=70% turnSignal=2 doorLock=locked beltWarn=OK highBeam=ON coolantTemp=90.0C(warn=NO) batteryWarn=OK
Parsed: seq=432 time=1786929874999 speed=64 km/h rpm=2400 gear=D(3) soc=70% turnSignal=2 doorLock=locked beltWarn=OK highBeam=ON coolantTemp=90.0C(warn=NO) batteryWarn=OK
Parsed: seq=433 time=1786929875100 speed=66 km/h rpm=2450 gear=D(3) soc=70% turnSignal=2 doorLock=locked beltWarn=OK highBeam=ON coolantTemp=90.0C(warn=NO) batteryWarn=OK
Parsed: seq=434 time=1786929875201 speed=68 km/h rpm=2500 gear=D(3) soc=70% turnSignal=2 doorLock=locked beltWarn=OK highBeam=ON coolantTemp=90.0C(warn=NO) batteryWarn=OK
Parsed: seq=435 time=1786929875301 speed=70 km/h rpm=2550 gear=D(3) soc=70% turnSignal=2 doorLock=locked beltWarn=OK highBeam=ON coolantTemp=90.0C(warn=NO) batteryWarn=OK
Parsed: seq=436 time=1786929875402 speed=72 km/h rpm=2600 gear=D(3) soc=70% turnSignal=2 doorLock=locked beltWarn=OK highBeam=ON coolantTemp=90.0C(warn=NO) batteryWarn=OK
Parsed: seq=437 time=1786929875504 speed=74 km/h rpm=2650 gear=D(3) soc=70% turnSignal=2 doorLock=locked beltWarn=OK highBeam=ON coolantTemp=90.0C(warn=NO) batteryWarn=OK
Parsed: seq=438 time=1786929875605 speed=76 km/h rpm=2700 gear=D(3) soc=70% turnSignal=2 doorLock=locked beltWarn=OK highBeam=ON coolantTemp=90.0C(warn=NO) batteryWarn=OK
Parsed: seq=439 time=1786929875706 speed=78 km/h rpm=2750 gear=D(3) soc=70% turnSignal=2 doorLock=locked beltWarn=OK highBeam=ON coolantTemp=90.0C(warn=NO) batteryWarn=OK
Parsed: seq=440 time=1786929875807 speed=80 km/h rpm=2800 gear=D(3) soc=70% turnSignal=2 doorLock=locked beltWarn=OK highBeam=ON coolantTemp=90.0C(warn=NO) batteryWarn=OK
Parsed: seq=441 time=1786929875908 speed=82 km/h rpm=2850 gear=D(3) soc=70% turnSignal=2 doorLock=locked beltWarn=OK highBeam=ON coolantTemp=90.0C(warn=NO) batteryWarn=OK
Parsed: seq=442 time=1786929876010 speed=84 km/h rpm=2900 gear=D(3) soc=70% turnSignal=2 doorLock=locked beltWarn=OK highBeam=ON coolantTemp=90.0C(warn=NO) batteryWarn=OK
Parsed: seq=443 time=1786929876111 speed=86 km/h rpm=2950 gear=D(3) soc=70% turnSignal=2 doorLock=locked beltWarn=OK highBeam=ON coolantTemp=90.0C(warn=NO) batteryWarn=OK
Parsed: seq=444 time=1786929876212 speed=88 km/h rpm=3000 gear=D(3) soc=70% turnSignal=2 doorLock=locked beltWarn=OK highBeam=ON coolantTemp=90.0C(warn=NO) batteryWarn=OK
Parsed: seq=445 time=1786929876313 speed=90 km/h rpm=3050 gear=D(3) soc=70% turnSignal=2 doorLock=locked beltWarn=OK highBeam=ON coolantTemp=90.0C(warn=NO) batteryWarn=OK
Parsed: seq=446 time=1786929876414 speed=92 km/h rpm=3100 gear=D(3) soc=70% turnSignal=2 doorLock=locked beltWarn=OK highBeam=ON coolantTemp=90.0C(warn=NO) batteryWarn=OK
Parsed: seq=447 time=1786929876515 speed=94 km/h rpm=3150 gear=D(3) soc=70% turnSignal=2 doorLock=locked beltWarn=OK highBeam=ON coolantTemp=90.0C(warn=NO) batteryWarn=OK
Parsed: seq=448 time=1786929876616 speed=96 km/h rpm=3200 gear=D(3) soc=70% turnSignal=2 doorLock=locked beltWarn=OK highBeam=ON coolantTemp=90.0C(warn=NO) batteryWarn=OK
Parsed: seq=449 time=1786929876717 speed=98 km/h rpm=3250 gear=D(3) soc=70% turnSignal=2 doorLock=locked beltWarn=OK highBeam=ON coolantTemp=90.0C(warn=NO) batteryWarn=OK
Parsed: seq=450 time=1786929876818 speed=100 km/h rpm=3300 gear=D(3) soc=70% turnSignal=3 doorLock=unlocked beltWarn=OK highBeam=OFF coolantTemp=90.0C(warn=NO) batteryWarn=OK
Parsed: seq=451 time=1786929876919 speed=98 km/h rpm=3250 gear=D(3) soc=70% turnSignal=3 doorLock=unlocked beltWarn=OK highBeam=OFF coolantTemp=90.0C(warn=NO) batteryWarn=OK
Parsed: seq=452 time=1786929877020 speed=96 km/h rpm=3200 gear=D(3) soc=70% turnSignal=3 doorLock=unlocked beltWarn=OK highBeam=OFF coolantTemp=90.0C(warn=NO) batteryWarn=OK
Parsed: seq=453 time=1786929877121 speed=94 km/h rpm=3150 gear=D(3) soc=70% turnSignal=3 doorLock=unlocked beltWarn=OK highBeam=OFF coolantTemp=90.0C(warn=NO) batteryWarn=OK
Parsed: seq=454 time=1786929877222 speed=92 km/h rpm=3100 gear=D(3) soc=70% turnSignal=3 doorLock=unlocked beltWarn=OK highBeam=OFF coolantTemp=90.0C(warn=NO) batteryWarn=OK
Parsed: seq=455 time=1786929877322 speed=90 km/h rpm=3050 gear=D(3) soc=70% turnSignal=3 doorLock=unlocked beltWarn=OK highBeam=OFF coolantTemp=90.0C(warn=NO) batteryWarn=OK
Parsed: seq=456 time=1786929877424 speed=88 km/h rpm=3000 gear=D(3) soc=70% turnSignal=3 doorLock=unlocked beltWarn=OK highBeam=OFF coolantTemp=90.0C(warn=NO) batteryWarn=OK
Parsed: seq=457 time=1786929877526 speed=86 km/h rpm=2950 gear=D(3) soc=70% turnSignal=3 doorLock=unlocked beltWarn=OK highBeam=OFF coolantTemp=90.0C(warn=NO) batteryWarn=OK
Parsed: seq=458 time=1786929877627 speed=84 km/h rpm=2900 gear=D(3) soc=70% turnSignal=3 doorLock=unlocked beltWarn=OK highBeam=OFF coolantTemp=90.0C(warn=NO) batteryWarn=OK
Parsed: seq=459 time=1786929877728 speed=82 km/h rpm=2850 gear=D(3) soc=70% turnSignal=3 doorLock=unlocked beltWarn=OK highBeam=OFF coolantTemp=90.0C(warn=NO) batteryWarn=OK
Parsed: seq=460 time=1786929877832 speed=80 km/h rpm=2800 gear=D(3) soc=70% turnSignal=3 doorLock=unlocked beltWarn=OK highBeam=OFF coolantTemp=90.0C(warn=NO) batteryWarn=OK
Parsed: seq=461 time=1786929877933 speed=78 km/h rpm=2750 gear=D(3) soc=70% turnSignal=3 doorLock=unlocked beltWarn=OK highBeam=OFF coolantTemp=90.0C(warn=NO) batteryWarn=OK
Parsed: seq=462 time=1786929878034 speed=76 km/h rpm=2700 gear=D(3) soc=70% turnSignal=3 doorLock=unlocked beltWarn=OK highBeam=OFF coolantTemp=90.0C(warn=NO) batteryWarn=OK
Parsed: seq=463 time=1786929878136 speed=74 km/h rpm=2650 gear=D(3) soc=70% turnSignal=3 doorLock=unlocked beltWarn=OK highBeam=OFF coolantTemp=90.0C(warn=NO) batteryWarn=OK
Parsed: seq=464 time=1786929878236 speed=72 km/h rpm=2600 gear=D(3) soc=70% turnSignal=3 doorLock=unlocked beltWarn=OK highBeam=OFF coolantTemp=90.0C(warn=NO) batteryWarn=OK
Parsed: seq=465 time=1786929878339 speed=70 km/h rpm=2550 gear=D(3) soc=70% turnSignal=3 doorLock=unlocked beltWarn=OK highBeam=OFF coolantTemp=90.0C(warn=NO) batteryWarn=OK
Parsed: seq=466 time=1786929878440 speed=68 km/h rpm=2500 gear=D(3) soc=70% turnSignal=3 doorLock=unlocked beltWarn=OK highBeam=OFF coolantTemp=90.0C(warn=NO) batteryWarn=OK
Parsed: seq=467 time=1786929878542 speed=66 km/h rpm=2450 gear=D(3) soc=70% turnSignal=3 doorLock=unlocked beltWarn=OK highBeam=OFF coolantTemp=90.0C(warn=NO) batteryWarn=OK
Parsed: seq=468 time=1786929878643 speed=64 km/h rpm=2400 gear=D(3) soc=70% turnSignal=3 doorLock=unlocked beltWarn=OK highBeam=OFF coolantTemp=90.0C(warn=NO) batteryWarn=OK
Parsed: seq=469 time=1786929878744 speed=62 km/h rpm=2350 gear=D(3) soc=70% turnSignal=3 doorLock=unlocked beltWarn=OK highBeam=OFF coolantTemp=90.0C(warn=NO) batteryWarn=OK
Parsed: seq=470 time=1786929878845 speed=60 km/h rpm=2300 gear=D(3) soc=70% turnSignal=3 doorLock=unlocked beltWarn=OK highBeam=OFF coolantTemp=90.0C(warn=NO) batteryWarn=OK
Parsed: seq=471 time=1786929878946 speed=58 km/h rpm=2250 gear=D(3) soc=70% turnSignal=3 doorLock=unlocked beltWarn=OK highBeam=OFF coolantTemp=90.0C(warn=NO) batteryWarn=OK
Parsed: seq=472 time=1786929879047 speed=56 km/h rpm=2200 gear=D(3) soc=70% turnSignal=3 doorLock=unlocked beltWarn=OK highBeam=OFF coolantTemp=90.0C(warn=NO) batteryWarn=OK
Parsed: seq=473 time=1786929879148 speed=54 km/h rpm=2150 gear=D(3) soc=70% turnSignal=3 doorLock=unlocked beltWarn=OK highBeam=OFF coolantTemp=90.0C(warn=NO) batteryWarn=OK
Parsed: seq=474 time=1786929879249 speed=52 km/h rpm=2100 gear=D(3) soc=70% turnSignal=3 doorLock=unlocked beltWarn=OK highBeam=OFF coolantTemp=90.0C(warn=NO) batteryWarn=OK
Parsed: seq=475 time=1786929879349 speed=50 km/h rpm=2050 gear=D(3) soc=70% turnSignal=3 doorLock=unlocked beltWarn=OK highBeam=OFF coolantTemp=90.0C(warn=NO) batteryWarn=OK
Parsed: seq=476 time=1786929879450 speed=48 km/h rpm=2000 gear=D(3) soc=70% turnSignal=3 doorLock=unlocked beltWarn=OK highBeam=OFF coolantTemp=90.0C(warn=NO) batteryWarn=OK
Parsed: seq=477 time=1786929879552 speed=46 km/h rpm=1950 gear=D(3) soc=70% turnSignal=3 doorLock=unlocked beltWarn=OK highBeam=OFF coolantTemp=90.0C(warn=NO) batteryWarn=OK
Parsed: seq=478 time=1786929879653 speed=44 km/h rpm=1900 gear=D(3) soc=70% turnSignal=3 doorLock=unlocked beltWarn=OK highBeam=OFF coolantTemp=90.0C(warn=NO) batteryWarn=OK
Parsed: seq=479 time=1786929879754 speed=42 km/h rpm=1850 gear=D(3) soc=70% turnSignal=3 doorLock=unlocked beltWarn=OK highBeam=OFF coolantTemp=90.0C(warn=NO) batteryWarn=OK
Parsed: seq=480 time=1786929879858 speed=40 km/h rpm=1800 gear=D(3) soc=70% turnSignal=0 doorLock=unlocked beltWarn=OK highBeam=OFF coolantTemp=90.0C(warn=NO) batteryWarn=OK
Parsed: seq=481 time=1786929879959 speed=38 km/h rpm=1750 gear=D(3) soc=70% turnSignal=0 doorLock=unlocked beltWarn=OK highBeam=OFF coolantTemp=90.0C(warn=NO) batteryWarn=OK
Parsed: seq=482 time=1786929880061 speed=36 km/h rpm=1700 gear=D(3) soc=70% turnSignal=0 doorLock=unlocked beltWarn=OK highBeam=OFF coolantTemp=90.0C(warn=NO) batteryWarn=OK
Parsed: seq=483 time=1786929880162 speed=34 km/h rpm=1650 gear=D(3) soc=70% turnSignal=0 doorLock=unlocked beltWarn=OK highBeam=OFF coolantTemp=90.0C(warn=NO) batteryWarn=OK
Parsed: seq=484 time=1786929880264 speed=32 km/h rpm=1600 gear=D(3) soc=70% turnSignal=0 doorLock=unlocked beltWarn=OK highBeam=OFF coolantTemp=90.0C(warn=NO) batteryWarn=OK
Parsed: seq=485 time=1786929880365 speed=30 km/h rpm=1550 gear=D(3) soc=70% turnSignal=0 doorLock=unlocked beltWarn=OK highBeam=OFF coolantTemp=90.0C(warn=NO) batteryWarn=OK
Parsed: seq=486 time=1786929880466 speed=28 km/h rpm=1500 gear=D(3) soc=70% turnSignal=0 doorLock=unlocked beltWarn=OK highBeam=OFF coolantTemp=90.0C(warn=NO) batteryWarn=OK
Parsed: seq=487 time=1786929880567 speed=26 km/h rpm=1450 gear=D(3) soc=70% turnSignal=0 doorLock=unlocked beltWarn=OK highBeam=OFF coolantTemp=90.0C(warn=NO) batteryWarn=OK
Parsed: seq=488 time=1786929880669 speed=24 km/h rpm=1400 gear=D(3) soc=70% turnSignal=0 doorLock=unlocked beltWarn=OK highBeam=OFF coolantTemp=90.0C(warn=NO) batteryWarn=OK
Parsed: seq=489 time=1786929880770 speed=22 km/h rpm=1350 gear=D(3) soc=70% turnSignal=0 doorLock=unlocked beltWarn=OK highBeam=OFF coolantTemp=90.0C(warn=NO) batteryWarn=OK
Parsed: seq=490 time=1786929880870 speed=20 km/h rpm=1300 gear=D(3) soc=70% turnSignal=0 doorLock=unlocked beltWarn=OK highBeam=OFF coolantTemp=90.0C(warn=NO) batteryWarn=OK
Parsed: seq=491 time=1786929880972 speed=18 km/h rpm=1250 gear=D(3) soc=70% turnSignal=0 doorLock=unlocked beltWarn=OK highBeam=OFF coolantTemp=90.0C(warn=NO) batteryWarn=OK
Parsed: seq=492 time=1786929881073 speed=16 km/h rpm=1200 gear=D(3) soc=70% turnSignal=0 doorLock=unlocked beltWarn=OK highBeam=OFF coolantTemp=90.0C(warn=NO) batteryWarn=OK
Parsed: seq=493 time=1786929881173 speed=14 km/h rpm=1150 gear=D(3) soc=70% turnSignal=0 doorLock=unlocked beltWarn=OK highBeam=OFF coolantTemp=90.0C(warn=NO) batteryWarn=OK
Parsed: seq=494 time=1786929881275 speed=12 km/h rpm=1100 gear=D(3) soc=70% turnSignal=0 doorLock=unlocked beltWarn=OK highBeam=OFF coolantTemp=90.0C(warn=NO) batteryWarn=OK
Parsed: seq=495 time=1786929881376 speed=10 km/h rpm=1050 gear=D(3) soc=70% turnSignal=0 doorLock=unlocked beltWarn=OK highBeam=OFF coolantTemp=90.0C(warn=NO) batteryWarn=OK
Parsed: seq=496 time=1786929881477 speed=8 km/h rpm=1000 gear=D(3) soc=70% turnSignal=0 doorLock=unlocked beltWarn=OK highBeam=OFF coolantTemp=90.0C(warn=NO) batteryWarn=OK
Parsed: seq=497 time=1786929881578 speed=6 km/h rpm=950 gear=D(3) soc=70% turnSignal=0 doorLock=unlocked beltWarn=OK highBeam=OFF coolantTemp=90.0C(warn=NO) batteryWarn=OK
Parsed: seq=498 time=1786929881679 speed=4 km/h rpm=900 gear=D(3) soc=70% turnSignal=0 doorLock=unlocked beltWarn=OK highBeam=OFF coolantTemp=90.0C(warn=NO) batteryWarn=OK
Parsed: seq=499 time=1786929881780 speed=2 km/h rpm=850 gear=D(3) soc=70% turnSignal=0 doorLock=unlocked beltWarn=OK highBeam=OFF coolantTemp=90.0C(warn=NO) batteryWarn=OK
Parsed: seq=500 time=1786929881883 speed=0 km/h rpm=800 gear=P(0) soc=70% turnSignal=0 doorLock=unlocked beltWarn=OK highBeam=ON coolantTemp=90.0C(warn=NO) batteryWarn=OK
Parsed: seq=501 time=1786929881983 speed=2 km/h rpm=850 gear=D(3) soc=70% turnSignal=0 doorLock=unlocked beltWarn=OK highBeam=ON coolantTemp=90.0C(warn=NO) batteryWarn=OK
Parsed: seq=502 time=1786929882084 speed=4 km/h rpm=900 gear=D(3) soc=70% turnSignal=0 doorLock=unlocked beltWarn=OK highBeam=ON coolantTemp=90.0C(warn=NO) batteryWarn=OK
Parsed: seq=503 time=1786929882185 speed=6 km/h rpm=950 gear=D(3) soc=70% turnSignal=0 doorLock=unlocked beltWarn=OK highBeam=ON coolantTemp=90.0C(warn=NO) batteryWarn=OK
Parsed: seq=504 time=1786929882286 speed=8 km/h rpm=1000 gear=D(3) soc=70% turnSignal=0 doorLock=unlocked beltWarn=OK highBeam=ON coolantTemp=90.0C(warn=NO) batteryWarn=OK
Parsed: seq=505 time=1786929882387 speed=10 km/h rpm=1050 gear=D(3) soc=70% turnSignal=0 doorLock=unlocked beltWarn=OK highBeam=ON coolantTemp=90.0C(warn=NO) batteryWarn=OK
Parsed: seq=506 time=1786929882489 speed=12 km/h rpm=1100 gear=D(3) soc=70% turnSignal=0 doorLock=unlocked beltWarn=OK highBeam=ON coolantTemp=90.0C(warn=NO) batteryWarn=OK
Parsed: seq=507 time=1786929882589 speed=14 km/h rpm=1150 gear=D(3) soc=70% turnSignal=0 doorLock=unlocked beltWarn=OK highBeam=ON coolantTemp=90.0C(warn=NO) batteryWarn=OK
Parsed: seq=508 time=1786929882691 speed=16 km/h rpm=1200 gear=D(3) soc=70% turnSignal=0 doorLock=unlocked beltWarn=OK highBeam=ON coolantTemp=90.0C(warn=NO) batteryWarn=OK
Parsed: seq=509 time=1786929882791 speed=18 km/h rpm=1250 gear=D(3) soc=70% turnSignal=0 doorLock=unlocked beltWarn=OK highBeam=ON coolantTemp=90.0C(warn=NO) batteryWarn=OK
Parsed: seq=510 time=1786929882893 speed=20 km/h rpm=1300 gear=D(3) soc=70% turnSignal=1 doorLock=unlocked beltWarn=OK highBeam=ON coolantTemp=90.0C(warn=NO) batteryWarn=OK
Parsed: seq=511 time=1786929882994 speed=22 km/h rpm=1350 gear=D(3) soc=70% turnSignal=1 doorLock=unlocked beltWarn=OK highBeam=ON coolantTemp=90.0C(warn=NO) batteryWarn=OK
Parsed: seq=512 time=1786929883094 speed=24 km/h rpm=1400 gear=D(3) soc=70% turnSignal=1 doorLock=unlocked beltWarn=OK highBeam=ON coolantTemp=90.0C(warn=NO) batteryWarn=OK
Parsed: seq=513 time=1786929883195 speed=26 km/h rpm=1450 gear=D(3) soc=70% turnSignal=1 doorLock=unlocked beltWarn=OK highBeam=ON coolantTemp=90.0C(warn=NO) batteryWarn=OK
Parsed: seq=514 time=1786929883296 speed=28 km/h rpm=1500 gear=D(3) soc=70% turnSignal=1 doorLock=unlocked beltWarn=OK highBeam=ON coolantTemp=90.0C(warn=NO) batteryWarn=OK
Parsed: seq=515 time=1786929883397 speed=30 km/h rpm=1550 gear=D(3) soc=70% turnSignal=1 doorLock=unlocked beltWarn=OK highBeam=ON coolantTemp=90.0C(warn=NO) batteryWarn=OK
Parsed: seq=516 time=1786929883498 speed=32 km/h rpm=1600 gear=D(3) soc=70% turnSignal=1 doorLock=unlocked beltWarn=OK highBeam=ON coolantTemp=90.0C(warn=NO) batteryWarn=OK
Parsed: seq=517 time=1786929883600 speed=34 km/h rpm=1650 gear=D(3) soc=70% turnSignal=1 doorLock=unlocked beltWarn=OK highBeam=ON coolantTemp=90.0C(warn=NO) batteryWarn=OK
Parsed: seq=518 time=1786929883701 speed=36 km/h rpm=1700 gear=D(3) soc=70% turnSignal=1 doorLock=unlocked beltWarn=OK highBeam=ON coolantTemp=90.0C(warn=NO) batteryWarn=OK
Parsed: seq=519 time=1786929883802 speed=38 km/h rpm=1750 gear=D(3) soc=70% turnSignal=1 doorLock=unlocked beltWarn=OK highBeam=ON coolantTemp=90.0C(warn=NO) batteryWarn=OK
Parsed: seq=520 time=1786929883903 speed=40 km/h rpm=1800 gear=D(3) soc=70% turnSignal=1 doorLock=unlocked beltWarn=OK highBeam=ON coolantTemp=90.0C(warn=NO) batteryWarn=OK
Parsed: seq=521 time=1786929884004 speed=42 km/h rpm=1850 gear=D(3) soc=70% turnSignal=1 doorLock=unlocked beltWarn=OK highBeam=ON coolantTemp=90.0C(warn=NO) batteryWarn=OK
Parsed: seq=522 time=1786929884106 speed=44 km/h rpm=1900 gear=D(3) soc=70% turnSignal=1 doorLock=unlocked beltWarn=OK highBeam=ON coolantTemp=90.0C(warn=NO) batteryWarn=OK
Parsed: seq=523 time=1786929884206 speed=46 km/h rpm=1950 gear=D(3) soc=70% turnSignal=1 doorLock=unlocked beltWarn=OK highBeam=ON coolantTemp=90.0C(warn=NO) batteryWarn=OK
Parsed: seq=524 time=1786929884308 speed=48 km/h rpm=2000 gear=D(3) soc=70% turnSignal=1 doorLock=unlocked beltWarn=OK highBeam=ON coolantTemp=90.0C(warn=NO) batteryWarn=OK
Parsed: seq=525 time=1786929884408 speed=50 km/h rpm=2050 gear=D(3) soc=70% turnSignal=1 doorLock=unlocked beltWarn=OK highBeam=ON coolantTemp=90.0C(warn=NO) batteryWarn=OK
Parsed: seq=526 time=1786929884510 speed=52 km/h rpm=2100 gear=D(3) soc=70% turnSignal=1 doorLock=unlocked beltWarn=OK highBeam=ON coolantTemp=90.0C(warn=NO) batteryWarn=OK
Parsed: seq=527 time=1786929884611 speed=54 km/h rpm=2150 gear=D(3) soc=70% turnSignal=1 doorLock=unlocked beltWarn=OK highBeam=ON coolantTemp=90.0C(warn=NO) batteryWarn=OK
Parsed: seq=528 time=1786929884711 speed=56 km/h rpm=2200 gear=D(3) soc=70% turnSignal=1 doorLock=unlocked beltWarn=OK highBeam=ON coolantTemp=90.0C(warn=NO) batteryWarn=OK
Parsed: seq=529 time=1786929884812 speed=58 km/h rpm=2250 gear=D(3) soc=70% turnSignal=1 doorLock=unlocked beltWarn=OK highBeam=ON coolantTemp=90.0C(warn=NO) batteryWarn=OK
Parsed: seq=530 time=1786929884914 speed=60 km/h rpm=2300 gear=D(3) soc=70% turnSignal=1 doorLock=unlocked beltWarn=OK highBeam=ON coolantTemp=90.0C(warn=NO) batteryWarn=OK
Parsed: seq=531 time=1786929885015 speed=62 km/h rpm=2350 gear=D(3) soc=70% turnSignal=1 doorLock=unlocked beltWarn=OK highBeam=ON coolantTemp=90.0C(warn=NO) batteryWarn=OK
Parsed: seq=532 time=1786929885116 speed=64 km/h rpm=2400 gear=D(3) soc=70% turnSignal=1 doorLock=unlocked beltWarn=OK highBeam=ON coolantTemp=90.0C(warn=NO) batteryWarn=OK
Parsed: seq=533 time=1786929885217 speed=66 km/h rpm=2450 gear=D(3) soc=70% turnSignal=1 doorLock=unlocked beltWarn=OK highBeam=ON coolantTemp=90.0C(warn=NO) batteryWarn=OK
Parsed: seq=534 time=1786929885318 speed=68 km/h rpm=2500 gear=D(3) soc=70% turnSignal=1 doorLock=unlocked beltWarn=OK highBeam=ON coolantTemp=90.0C(warn=NO) batteryWarn=OK
Parsed: seq=535 time=1786929885419 speed=70 km/h rpm=2550 gear=D(3) soc=70% turnSignal=1 doorLock=unlocked beltWarn=OK highBeam=ON coolantTemp=90.0C(warn=NO) batteryWarn=OK
Parsed: seq=536 time=1786929885520 speed=72 km/h rpm=2600 gear=D(3) soc=70% turnSignal=1 doorLock=unlocked beltWarn=OK highBeam=ON coolantTemp=90.0C(warn=NO) batteryWarn=OK
Parsed: seq=537 time=1786929885622 speed=74 km/h rpm=2650 gear=D(3) soc=70% turnSignal=1 doorLock=unlocked beltWarn=OK highBeam=ON coolantTemp=90.0C(warn=NO) batteryWarn=OK
Parsed: seq=538 time=1786929885723 speed=76 km/h rpm=2700 gear=D(3) soc=70% turnSignal=1 doorLock=unlocked beltWarn=OK highBeam=ON coolantTemp=90.0C(warn=NO) batteryWarn=OK
Parsed: seq=539 time=1786929885825 speed=78 km/h rpm=2750 gear=D(3) soc=70% turnSignal=1 doorLock=unlocked beltWarn=OK highBeam=ON coolantTemp=90.0C(warn=NO) batteryWarn=OK
Parsed: seq=540 time=1786929885926 speed=80 km/h rpm=2800 gear=D(3) soc=70% turnSignal=2 doorLock=unlocked beltWarn=OK highBeam=ON coolantTemp=90.0C(warn=NO) batteryWarn=OK
Parsed: seq=541 time=1786929886028 speed=82 km/h rpm=2850 gear=D(3) soc=70% turnSignal=2 doorLock=unlocked beltWarn=OK highBeam=ON coolantTemp=90.0C(warn=NO) batteryWarn=OK
Parsed: seq=542 time=1786929886129 speed=84 km/h rpm=2900 gear=D(3) soc=70% turnSignal=2 doorLock=unlocked beltWarn=OK highBeam=ON coolantTemp=90.0C(warn=NO) batteryWarn=OK
Parsed: seq=543 time=1786929886230 speed=86 km/h rpm=2950 gear=D(3) soc=70% turnSignal=2 doorLock=unlocked beltWarn=OK highBeam=ON coolantTemp=90.0C(warn=NO) batteryWarn=OK
Parsed: seq=544 time=1786929886332 speed=88 km/h rpm=3000 gear=D(3) soc=70% turnSignal=2 doorLock=unlocked beltWarn=OK highBeam=ON coolantTemp=90.0C(warn=NO) batteryWarn=OK
Parsed: seq=545 time=1786929886433 speed=90 km/h rpm=3050 gear=D(3) soc=70% turnSignal=2 doorLock=unlocked beltWarn=OK highBeam=ON coolantTemp=90.0C(warn=NO) batteryWarn=OK
Parsed: seq=546 time=1786929886533 speed=92 km/h rpm=3100 gear=D(3) soc=70% turnSignal=2 doorLock=unlocked beltWarn=OK highBeam=ON coolantTemp=90.0C(warn=NO) batteryWarn=OK
Parsed: seq=547 time=1786929886635 speed=94 km/h rpm=3150 gear=D(3) soc=70% turnSignal=2 doorLock=unlocked beltWarn=OK highBeam=ON coolantTemp=90.0C(warn=NO) batteryWarn=OK
Parsed: seq=548 time=1786929886736 speed=96 km/h rpm=3200 gear=D(3) soc=70% turnSignal=2 doorLock=unlocked beltWarn=OK highBeam=ON coolantTemp=90.0C(warn=NO) batteryWarn=OK
Parsed: seq=549 time=1786929886837 speed=98 km/h rpm=3250 gear=D(3) soc=70% turnSignal=2 doorLock=unlocked beltWarn=OK highBeam=ON coolantTemp=90.0C(warn=NO) batteryWarn=OK
Parsed: seq=550 time=1786929886938 speed=100 km/h rpm=3300 gear=D(3) soc=70% turnSignal=2 doorLock=unlocked beltWarn=OK highBeam=OFF coolantTemp=90.0C(warn=NO) batteryWarn=OK
Parsed: seq=551 time=1786929887039 speed=98 km/h rpm=3250 gear=D(3) soc=70% turnSignal=2 doorLock=unlocked beltWarn=OK highBeam=OFF coolantTemp=90.0C(warn=NO) batteryWarn=OK
Parsed: seq=552 time=1786929887140 speed=96 km/h rpm=3200 gear=D(3) soc=70% turnSignal=2 doorLock=unlocked beltWarn=OK highBeam=OFF coolantTemp=90.0C(warn=NO) batteryWarn=OK
Parsed: seq=553 time=1786929887241 speed=94 km/h rpm=3150 gear=D(3) soc=70% turnSignal=2 doorLock=unlocked beltWarn=OK highBeam=OFF coolantTemp=90.0C(warn=NO) batteryWarn=OK
Parsed: seq=554 time=1786929887342 speed=92 km/h rpm=3100 gear=D(3) soc=70% turnSignal=2 doorLock=unlocked beltWarn=OK highBeam=OFF coolantTemp=90.0C(warn=NO) batteryWarn=OK
Parsed: seq=555 time=1786929887442 speed=90 km/h rpm=3050 gear=D(3) soc=70% turnSignal=2 doorLock=unlocked beltWarn=OK highBeam=OFF coolantTemp=90.0C(warn=NO) batteryWarn=OK
Parsed: seq=556 time=1786929887543 speed=88 km/h rpm=3000 gear=D(3) soc=70% turnSignal=2 doorLock=unlocked beltWarn=OK highBeam=OFF coolantTemp=90.0C(warn=NO) batteryWarn=OK
Parsed: seq=557 time=1786929887644 speed=86 km/h rpm=2950 gear=D(3) soc=70% turnSignal=2 doorLock=unlocked beltWarn=OK highBeam=OFF coolantTemp=90.0C(warn=NO) batteryWarn=OK
Parsed: seq=558 time=1786929887745 speed=84 km/h rpm=2900 gear=D(3) soc=70% turnSignal=2 doorLock=unlocked beltWarn=OK highBeam=OFF coolantTemp=90.0C(warn=NO) batteryWarn=OK
Parsed: seq=559 time=1786929887846 speed=82 km/h rpm=2850 gear=D(3) soc=70% turnSignal=2 doorLock=unlocked beltWarn=OK highBeam=OFF coolantTemp=90.0C(warn=NO) batteryWarn=OK
Parsed: seq=560 time=1786929887947 speed=80 km/h rpm=2800 gear=D(3) soc=70% turnSignal=2 doorLock=unlocked beltWarn=OK highBeam=OFF coolantTemp=90.0C(warn=NO) batteryWarn=OK
Parsed: seq=561 time=1786929888047 speed=78 km/h rpm=2750 gear=D(3) soc=70% turnSignal=2 doorLock=unlocked beltWarn=OK highBeam=OFF coolantTemp=90.0C(warn=NO) batteryWarn=OK
Parsed: seq=562 time=1786929888150 speed=76 km/h rpm=2700 gear=D(3) soc=70% turnSignal=2 doorLock=unlocked beltWarn=OK highBeam=OFF coolantTemp=90.0C(warn=NO) batteryWarn=OK
Parsed: seq=563 time=1786929888251 speed=74 km/h rpm=2650 gear=D(3) soc=70% turnSignal=2 doorLock=unlocked beltWarn=OK highBeam=OFF coolantTemp=90.0C(warn=NO) batteryWarn=OK
Parsed: seq=564 time=1786929888352 speed=72 km/h rpm=2600 gear=D(3) soc=70% turnSignal=2 doorLock=unlocked beltWarn=OK highBeam=OFF coolantTemp=90.0C(warn=NO) batteryWarn=OK
Parsed: seq=565 time=1786929888453 speed=70 km/h rpm=2550 gear=D(3) soc=70% turnSignal=2 doorLock=unlocked beltWarn=OK highBeam=OFF coolantTemp=90.0C(warn=NO) batteryWarn=OK
Parsed: seq=566 time=1786929888554 speed=68 km/h rpm=2500 gear=D(3) soc=70% turnSignal=2 doorLock=unlocked beltWarn=OK highBeam=OFF coolantTemp=90.0C(warn=NO) batteryWarn=OK
Parsed: seq=567 time=1786929888655 speed=66 km/h rpm=2450 gear=D(3) soc=70% turnSignal=2 doorLock=unlocked beltWarn=OK highBeam=OFF coolantTemp=90.0C(warn=NO) batteryWarn=OK
Parsed: seq=568 time=1786929888756 speed=64 km/h rpm=2400 gear=D(3) soc=70% turnSignal=2 doorLock=unlocked beltWarn=OK highBeam=OFF coolantTemp=90.0C(warn=NO) batteryWarn=OK
Parsed: seq=569 time=1786929888857 speed=62 km/h rpm=2350 gear=D(3) soc=70% turnSignal=2 doorLock=unlocked beltWarn=OK highBeam=OFF coolantTemp=90.0C(warn=NO) batteryWarn=OK
Parsed: seq=570 time=1786929888958 speed=60 km/h rpm=2300 gear=D(3) soc=70% turnSignal=3 doorLock=unlocked beltWarn=OK highBeam=OFF coolantTemp=90.0C(warn=NO) batteryWarn=OK
Parsed: seq=571 time=1786929889060 speed=58 km/h rpm=2250 gear=D(3) soc=70% turnSignal=3 doorLock=unlocked beltWarn=OK highBeam=OFF coolantTemp=90.0C(warn=NO) batteryWarn=OK
Parsed: seq=572 time=1786929889161 speed=56 km/h rpm=2200 gear=D(3) soc=70% turnSignal=3 doorLock=unlocked beltWarn=OK highBeam=OFF coolantTemp=90.0C(warn=NO) batteryWarn=OK
Parsed: seq=573 time=1786929889262 speed=54 km/h rpm=2150 gear=D(3) soc=70% turnSignal=3 doorLock=unlocked beltWarn=OK highBeam=OFF coolantTemp=90.0C(warn=NO) batteryWarn=OK
Parsed: seq=574 time=1786929889364 speed=52 km/h rpm=2100 gear=D(3) soc=70% turnSignal=3 doorLock=unlocked beltWarn=OK highBeam=OFF coolantTemp=90.0C(warn=NO) batteryWarn=OK
Parsed: seq=575 time=1786929889465 speed=50 km/h rpm=2050 gear=D(3) soc=70% turnSignal=3 doorLock=unlocked beltWarn=OK highBeam=OFF coolantTemp=90.0C(warn=NO) batteryWarn=OK
Parsed: seq=576 time=1786929889566 speed=48 km/h rpm=2000 gear=D(3) soc=70% turnSignal=3 doorLock=unlocked beltWarn=OK highBeam=OFF coolantTemp=90.0C(warn=NO) batteryWarn=OK
Parsed: seq=577 time=1786929889667 speed=46 km/h rpm=1950 gear=D(3) soc=70% turnSignal=3 doorLock=unlocked beltWarn=OK highBeam=OFF coolantTemp=90.0C(warn=NO) batteryWarn=OK
Parsed: seq=578 time=1786929889769 speed=44 km/h rpm=1900 gear=D(3) soc=70% turnSignal=3 doorLock=unlocked beltWarn=OK highBeam=OFF coolantTemp=90.0C(warn=NO) batteryWarn=OK
Parsed: seq=579 time=1786929889870 speed=42 km/h rpm=1850 gear=D(3) soc=70% turnSignal=3 doorLock=unlocked beltWarn=OK highBeam=OFF coolantTemp=90.0C(warn=NO) batteryWarn=OK
Parsed: seq=580 time=1786929889971 speed=40 km/h rpm=1800 gear=D(3) soc=70% turnSignal=3 doorLock=unlocked beltWarn=OK highBeam=OFF coolantTemp=90.0C(warn=NO) batteryWarn=OK
Parsed: seq=581 time=1786929890074 speed=38 km/h rpm=1750 gear=D(3) soc=70% turnSignal=3 doorLock=unlocked beltWarn=OK highBeam=OFF coolantTemp=90.0C(warn=NO) batteryWarn=OK
Parsed: seq=582 time=1786929890175 speed=36 km/h rpm=1700 gear=D(3) soc=70% turnSignal=3 doorLock=unlocked beltWarn=OK highBeam=OFF coolantTemp=90.0C(warn=NO) batteryWarn=OK
Parsed: seq=583 time=1786929890276 speed=34 km/h rpm=1650 gear=D(3) soc=70% turnSignal=3 doorLock=unlocked beltWarn=OK highBeam=OFF coolantTemp=90.0C(warn=NO) batteryWarn=OK
Parsed: seq=584 time=1786929890377 speed=32 km/h rpm=1600 gear=D(3) soc=70% turnSignal=3 doorLock=unlocked beltWarn=OK highBeam=OFF coolantTemp=90.0C(warn=NO) batteryWarn=OK
Parsed: seq=585 time=1786929890478 speed=30 km/h rpm=1550 gear=D(3) soc=70% turnSignal=3 doorLock=unlocked beltWarn=OK highBeam=OFF coolantTemp=90.0C(warn=NO) batteryWarn=OK
Parsed: seq=586 time=1786929890579 speed=28 km/h rpm=1500 gear=D(3) soc=70% turnSignal=3 doorLock=unlocked beltWarn=OK highBeam=OFF coolantTemp=90.0C(warn=NO) batteryWarn=OK
Parsed: seq=587 time=1786929890680 speed=26 km/h rpm=1450 gear=D(3) soc=70% turnSignal=3 doorLock=unlocked beltWarn=OK highBeam=OFF coolantTemp=90.0C(warn=NO) batteryWarn=OK
Parsed: seq=588 time=1786929890781 speed=24 km/h rpm=1400 gear=D(3) soc=70% turnSignal=3 doorLock=unlocked beltWarn=OK highBeam=OFF coolantTemp=90.0C(warn=NO) batteryWarn=OK
Parsed: seq=589 time=1786929890882 speed=22 km/h rpm=1350 gear=D(3) soc=70% turnSignal=3 doorLock=unlocked beltWarn=OK highBeam=OFF coolantTemp=90.0C(warn=NO) batteryWarn=OK
Parsed: seq=590 time=1786929890983 speed=20 km/h rpm=1300 gear=D(3) soc=70% turnSignal=3 doorLock=unlocked beltWarn=OK highBeam=OFF coolantTemp=90.0C(warn=NO) batteryWarn=OK
Parsed: seq=591 time=1786929891084 speed=18 km/h rpm=1250 gear=D(3) soc=70% turnSignal=3 doorLock=unlocked beltWarn=OK highBeam=OFF coolantTemp=90.0C(warn=NO) batteryWarn=OK
Parsed: seq=592 time=1786929891185 speed=16 km/h rpm=1200 gear=D(3) soc=70% turnSignal=3 doorLock=unlocked beltWarn=OK highBeam=OFF coolantTemp=90.0C(warn=NO) batteryWarn=OK
Parsed: seq=593 time=1786929891286 speed=14 km/h rpm=1150 gear=D(3) soc=70% turnSignal=3 doorLock=unlocked beltWarn=OK highBeam=OFF coolantTemp=90.0C(warn=NO) batteryWarn=OK
Parsed: seq=594 time=1786929891388 speed=12 km/h rpm=1100 gear=D(3) soc=70% turnSignal=3 doorLock=unlocked beltWarn=OK highBeam=OFF coolantTemp=90.0C(warn=NO) batteryWarn=OK
Parsed: seq=595 time=1786929891489 speed=10 km/h rpm=1050 gear=D(3) soc=70% turnSignal=3 doorLock=unlocked beltWarn=OK highBeam=OFF coolantTemp=90.0C(warn=NO) batteryWarn=OK
Parsed: seq=596 time=1786929891590 speed=8 km/h rpm=1000 gear=D(3) soc=70% turnSignal=3 doorLock=unlocked beltWarn=OK highBeam=OFF coolantTemp=90.0C(warn=NO) batteryWarn=OK
Parsed: seq=597 time=1786929891692 speed=6 km/h rpm=950 gear=D(3) soc=70% turnSignal=3 doorLock=unlocked beltWarn=OK highBeam=OFF coolantTemp=90.0C(warn=NO) batteryWarn=OK
Parsed: seq=598 time=1786929891794 speed=4 km/h rpm=900 gear=D(3) soc=70% turnSignal=3 doorLock=unlocked beltWarn=OK highBeam=OFF coolantTemp=90.0C(warn=NO) batteryWarn=OK
Parsed: seq=599 time=1786929891895 speed=2 km/h rpm=850 gear=D(3) soc=70% turnSignal=3 doorLock=unlocked beltWarn=OK highBeam=OFF coolantTemp=90.0C(warn=NO) batteryWarn=OK
Vehicle field out of range
Discarded frame: {"version":0,"seq":600,"timestampMs":1786929891996,"speedKph":255,"rpm":9999,"gear":3,"soc":100,"turnSignal":0,"parkingBrake":false,"warning":2,"validity":1,"doorLock":false,"beltWarning":true,"headlightsState":1,"highBeamLightsState":1,"engineCoolantTemp":-999,"evBatteryLevel":150,"dataStatus":1}
Vehicle field out of range
Discarded frame: {"version":0,"seq":601,"timestampMs":1786929892097,"speedKph":255,"rpm":9999,"gear":3,"soc":100,"turnSignal":0,"parkingBrake":false,"warning":2,"validity":1,"doorLock":false,"beltWarning":true,"headlightsState":1,"highBeamLightsState":1,"engineCoolantTemp":-999,"evBatteryLevel":150,"dataStatus":1}
Vehicle field out of range
Discarded frame: {"version":0,"seq":602,"timestampMs":1786929892199,"speedKph":255,"rpm":9999,"gear":3,"soc":100,"turnSignal":0,"parkingBrake":false,"warning":2,"validity":1,"doorLock":false,"beltWarning":true,"headlightsState":1,"highBeamLightsState":1,"engineCoolantTemp":-999,"evBatteryLevel":150,"dataStatus":1}
Vehicle field out of range
Discarded frame: {"version":0,"seq":603,"timestampMs":1786929892300,"speedKph":255,"rpm":9999,"gear":3,"soc":100,"turnSignal":0,"parkingBrake":false,"warning":2,"validity":1,"doorLock":false,"beltWarning":true,"headlightsState":1,"highBeamLightsState":1,"engineCoolantTemp":-999,"evBatteryLevel":150,"dataStatus":1}
Vehicle field out of range
Discarded frame: {"version":0,"seq":604,"timestampMs":1786929892401,"speedKph":255,"rpm":9999,"gear":3,"soc":100,"turnSignal":0,"parkingBrake":false,"warning":2,"validity":1,"doorLock":false,"beltWarning":true,"headlightsState":1,"highBeamLightsState":1,"engineCoolantTemp":-999,"evBatteryLevel":150,"dataStatus":1}
Vehicle field out of range
Discarded frame: {"version":0,"seq":605,"timestampMs":1786929892503,"speedKph":255,"rpm":9999,"gear":3,"soc":100,"turnSignal":0,"parkingBrake":false,"warning":2,"validity":1,"doorLock":false,"beltWarning":true,"headlightsState":1,"highBeamLightsState":1,"engineCoolantTemp":-999,"evBatteryLevel":150,"dataStatus":1}
Vehicle field out of range
Discarded frame: {"version":0,"seq":606,"timestampMs":1786929892604,"speedKph":255,"rpm":9999,"gear":3,"soc":100,"turnSignal":0,"parkingBrake":false,"warning":2,"validity":1,"doorLock":false,"beltWarning":true,"headlightsState":1,"highBeamLightsState":1,"engineCoolantTemp":-999,"evBatteryLevel":150,"dataStatus":1}
Vehicle field out of range
Discarded frame: {"version":0,"seq":607,"timestampMs":1786929892705,"speedKph":255,"rpm":9999,"gear":3,"soc":100,"turnSignal":0,"parkingBrake":false,"warning":2,"validity":1,"doorLock":false,"beltWarning":true,"headlightsState":1,"highBeamLightsState":1,"engineCoolantTemp":-999,"evBatteryLevel":150,"dataStatus":1}
Vehicle field out of range
Discarded frame: {"version":0,"seq":608,"timestampMs":1786929892806,"speedKph":255,"rpm":9999,"gear":3,"soc":100,"turnSignal":0,"parkingBrake":false,"warning":2,"validity":1,"doorLock":false,"beltWarning":true,"headlightsState":1,"highBeamLightsState":1,"engineCoolantTemp":-999,"evBatteryLevel":150,"dataStatus":1}
Vehicle field out of range
Discarded frame: {"version":0,"seq":609,"timestampMs":1786929892907,"speedKph":255,"rpm":9999,"gear":3,"soc":100,"turnSignal":0,"parkingBrake":false,"warning":2,"validity":1,"doorLock":false,"beltWarning":true,"headlightsState":1,"highBeamLightsState":1,"engineCoolantTemp":-999,"evBatteryLevel":150,"dataStatus":1}
Vehicle field out of range
Discarded frame: {"version":0,"seq":610,"timestampMs":1786929893009,"speedKph":255,"rpm":9999,"gear":3,"soc":100,"turnSignal":0,"parkingBrake":false,"warning":2,"validity":1,"doorLock":false,"beltWarning":true,"headlightsState":1,"highBeamLightsState":1,"engineCoolantTemp":-999,"evBatteryLevel":150,"dataStatus":1}
Vehicle field out of range
Discarded frame: {"version":0,"seq":611,"timestampMs":1786929893111,"speedKph":255,"rpm":9999,"gear":3,"soc":100,"turnSignal":0,"parkingBrake":false,"warning":2,"validity":1,"doorLock":false,"beltWarning":true,"headlightsState":1,"highBeamLightsState":1,"engineCoolantTemp":-999,"evBatteryLevel":150,"dataStatus":1}
Vehicle field out of range
Discarded frame: {"version":0,"seq":612,"timestampMs":1786929893212,"speedKph":255,"rpm":9999,"gear":3,"soc":100,"turnSignal":0,"parkingBrake":false,"warning":2,"validity":1,"doorLock":false,"beltWarning":true,"headlightsState":1,"highBeamLightsState":1,"engineCoolantTemp":-999,"evBatteryLevel":150,"dataStatus":1}
Vehicle field out of range
Discarded frame: {"version":0,"seq":613,"timestampMs":1786929893313,"speedKph":255,"rpm":9999,"gear":3,"soc":100,"turnSignal":0,"parkingBrake":false,"warning":2,"validity":1,"doorLock":false,"beltWarning":true,"headlightsState":1,"highBeamLightsState":1,"engineCoolantTemp":-999,"evBatteryLevel":150,"dataStatus":1}
Vehicle field out of range
Discarded frame: {"version":0,"seq":614,"timestampMs":1786929893415,"speedKph":255,"rpm":9999,"gear":3,"soc":100,"turnSignal":0,"parkingBrake":false,"warning":2,"validity":1,"doorLock":false,"beltWarning":true,"headlightsState":1,"highBeamLightsState":1,"engineCoolantTemp":-999,"evBatteryLevel":150,"dataStatus":1}
Vehicle field out of range
Discarded frame: {"version":0,"seq":615,"timestampMs":1786929893515,"speedKph":255,"rpm":9999,"gear":3,"soc":100,"turnSignal":0,"parkingBrake":false,"warning":2,"validity":1,"doorLock":false,"beltWarning":true,"headlightsState":1,"highBeamLightsState":1,"engineCoolantTemp":-999,"evBatteryLevel":150,"dataStatus":1}
Vehicle field out of range
Discarded frame: {"version":0,"seq":616,"timestampMs":1786929893616,"speedKph":255,"rpm":9999,"gear":3,"soc":100,"turnSignal":0,"parkingBrake":false,"warning":2,"validity":1,"doorLock":false,"beltWarning":true,"headlightsState":1,"highBeamLightsState":1,"engineCoolantTemp":-999,"evBatteryLevel":150,"dataStatus":1}
Vehicle field out of range
Discarded frame: {"version":0,"seq":617,"timestampMs":1786929893717,"speedKph":255,"rpm":9999,"gear":3,"soc":100,"turnSignal":0,"parkingBrake":false,"warning":2,"validity":1,"doorLock":false,"beltWarning":true,"headlightsState":1,"highBeamLightsState":1,"engineCoolantTemp":-999,"evBatteryLevel":150,"dataStatus":1}
Vehicle field out of range
Discarded frame: {"version":0,"seq":618,"timestampMs":1786929893818,"speedKph":255,"rpm":9999,"gear":3,"soc":100,"turnSignal":0,"parkingBrake":false,"warning":2,"validity":1,"doorLock":false,"beltWarning":true,"headlightsState":1,"highBeamLightsState":1,"engineCoolantTemp":-999,"evBatteryLevel":150,"dataStatus":1}
Vehicle field out of range
Discarded frame: {"version":0,"seq":619,"timestampMs":1786929893920,"speedKph":255,"rpm":9999,"gear":3,"soc":100,"turnSignal":0,"parkingBrake":false,"warning":2,"validity":1,"doorLock":false,"beltWarning":true,"headlightsState":1,"highBeamLightsState":1,"engineCoolantTemp":-999,"evBatteryLevel":150,"dataStatus":1}
Vehicle field out of range
Discarded frame: {"version":0,"seq":620,"timestampMs":1786929894021,"speedKph":255,"rpm":9999,"gear":3,"soc":100,"turnSignal":0,"parkingBrake":false,"warning":2,"validity":1,"doorLock":false,"beltWarning":true,"headlightsState":1,"highBeamLightsState":1,"engineCoolantTemp":-999,"evBatteryLevel":150,"dataStatus":1}
Vehicle field out of range
Discarded frame: {"version":0,"seq":621,"timestampMs":1786929894122,"speedKph":255,"rpm":9999,"gear":3,"soc":100,"turnSignal":0,"parkingBrake":false,"warning":2,"validity":1,"doorLock":false,"beltWarning":true,"headlightsState":1,"highBeamLightsState":1,"engineCoolantTemp":-999,"evBatteryLevel":150,"dataStatus":1}
Vehicle field out of range
Discarded frame: {"version":0,"seq":622,"timestampMs":1786929894224,"speedKph":255,"rpm":9999,"gear":3,"soc":100,"turnSignal":0,"parkingBrake":false,"warning":2,"validity":1,"doorLock":false,"beltWarning":true,"headlightsState":1,"highBeamLightsState":1,"engineCoolantTemp":-999,"evBatteryLevel":150,"dataStatus":1}
Vehicle field out of range
Discarded frame: {"version":0,"seq":623,"timestampMs":1786929894325,"speedKph":255,"rpm":9999,"gear":3,"soc":100,"turnSignal":0,"parkingBrake":false,"warning":2,"validity":1,"doorLock":false,"beltWarning":true,"headlightsState":1,"highBeamLightsState":1,"engineCoolantTemp":-999,"evBatteryLevel":150,"dataStatus":1}
Vehicle field out of range
Discarded frame: {"version":0,"seq":624,"timestampMs":1786929894426,"speedKph":255,"rpm":9999,"gear":3,"soc":100,"turnSignal":0,"parkingBrake":false,"warning":2,"validity":1,"doorLock":false,"beltWarning":true,"headlightsState":1,"highBeamLightsState":1,"engineCoolantTemp":-999,"evBatteryLevel":150,"dataStatus":1}
Vehicle field out of range
Discarded frame: {"version":0,"seq":625,"timestampMs":1786929894527,"speedKph":255,"rpm":9999,"gear":3,"soc":100,"turnSignal":0,"parkingBrake":false,"warning":2,"validity":1,"doorLock":false,"beltWarning":true,"headlightsState":1,"highBeamLightsState":1,"engineCoolantTemp":-999,"evBatteryLevel":150,"dataStatus":1}
Vehicle field out of range
Discarded frame: {"version":0,"seq":626,"timestampMs":1786929894629,"speedKph":255,"rpm":9999,"gear":3,"soc":100,"turnSignal":0,"parkingBrake":false,"warning":2,"validity":1,"doorLock":false,"beltWarning":true,"headlightsState":1,"highBeamLightsState":1,"engineCoolantTemp":-999,"evBatteryLevel":150,"dataStatus":1}
Vehicle field out of range
Discarded frame: {"version":0,"seq":627,"timestampMs":1786929894731,"speedKph":255,"rpm":9999,"gear":3,"soc":100,"turnSignal":0,"parkingBrake":false,"warning":2,"validity":1,"doorLock":false,"beltWarning":true,"headlightsState":1,"highBeamLightsState":1,"engineCoolantTemp":-999,"evBatteryLevel":150,"dataStatus":1}
Vehicle field out of range
Discarded frame: {"version":0,"seq":628,"timestampMs":1786929894831,"speedKph":255,"rpm":9999,"gear":3,"soc":100,"turnSignal":0,"parkingBrake":false,"warning":2,"validity":1,"doorLock":false,"beltWarning":true,"headlightsState":1,"highBeamLightsState":1,"engineCoolantTemp":-999,"evBatteryLevel":150,"dataStatus":1}
Vehicle field out of range
Discarded frame: {"version":0,"seq":629,"timestampMs":1786929894932,"speedKph":255,"rpm":9999,"gear":3,"soc":100,"turnSignal":0,"parkingBrake":false,"warning":2,"validity":1,"doorLock":false,"beltWarning":true,"headlightsState":1,"highBeamLightsState":1,"engineCoolantTemp":-999,"evBatteryLevel":150,"dataStatus":1}
[VehicleData] TCP receive timeout (> 3000 ms), state invalidated
Vehicle field out of range
Discarded frame: {"version":0,"seq":630,"timestampMs":1786929895033,"speedKph":255,"rpm":9999,"gear":3,"soc":100,"turnSignal":1,"parkingBrake":false,"warning":2,"validity":1,"doorLock":false,"beltWarning":true,"headlightsState":1,"highBeamLightsState":1,"engineCoolantTemp":-999,"evBatteryLevel":150,"dataStatus":1}
Vehicle field out of range
Discarded frame: {"version":0,"seq":631,"timestampMs":1786929895135,"speedKph":255,"rpm":9999,"gear":3,"soc":100,"turnSignal":1,"parkingBrake":false,"warning":2,"validity":1,"doorLock":false,"beltWarning":true,"headlightsState":1,"highBeamLightsState":1,"engineCoolantTemp":-999,"evBatteryLevel":150,"dataStatus":1}
Vehicle field out of range
Discarded frame: {"version":0,"seq":632,"timestampMs":1786929895238,"speedKph":255,"rpm":9999,"gear":3,"soc":100,"turnSignal":1,"parkingBrake":false,"warning":2,"validity":1,"doorLock":false,"beltWarning":true,"headlightsState":1,"highBeamLightsState":1,"engineCoolantTemp":-999,"evBatteryLevel":150,"dataStatus":1}
Vehicle field out of range
Discarded frame: {"version":0,"seq":633,"timestampMs":1786929895340,"speedKph":255,"rpm":9999,"gear":3,"soc":100,"turnSignal":1,"parkingBrake":false,"warning":2,"validity":1,"doorLock":false,"beltWarning":true,"headlightsState":1,"highBeamLightsState":1,"engineCoolantTemp":-999,"evBatteryLevel":150,"dataStatus":1}
Vehicle field out of range
Discarded frame: {"version":0,"seq":634,"timestampMs":1786929895441,"speedKph":255,"rpm":9999,"gear":3,"soc":100,"turnSignal":1,"parkingBrake":false,"warning":2,"validity":1,"doorLock":false,"beltWarning":true,"headlightsState":1,"highBeamLightsState":1,"engineCoolantTemp":-999,"evBatteryLevel":150,"dataStatus":1}
Vehicle field out of range
Discarded frame: {"version":0,"seq":635,"timestampMs":1786929895542,"speedKph":255,"rpm":9999,"gear":3,"soc":100,"turnSignal":1,"parkingBrake":false,"warning":2,"validity":1,"doorLock":false,"beltWarning":true,"headlightsState":1,"highBeamLightsState":1,"engineCoolantTemp":-999,"evBatteryLevel":150,"dataStatus":1}
Vehicle field out of range
Discarded frame: {"version":0,"seq":636,"timestampMs":1786929895643,"speedKph":255,"rpm":9999,"gear":3,"soc":100,"turnSignal":1,"parkingBrake":false,"warning":2,"validity":1,"doorLock":false,"beltWarning":true,"headlightsState":1,"highBeamLightsState":1,"engineCoolantTemp":-999,"evBatteryLevel":150,"dataStatus":1}
Vehicle field out of range
Discarded frame: {"version":0,"seq":637,"timestampMs":1786929895745,"speedKph":255,"rpm":9999,"gear":3,"soc":100,"turnSignal":1,"parkingBrake":false,"warning":2,"validity":1,"doorLock":false,"beltWarning":true,"headlightsState":1,"highBeamLightsState":1,"engineCoolantTemp":-999,"evBatteryLevel":150,"dataStatus":1}
Vehicle field out of range
Discarded frame: {"version":0,"seq":638,"timestampMs":1786929895846,"speedKph":255,"rpm":9999,"gear":3,"soc":100,"turnSignal":1,"parkingBrake":false,"warning":2,"validity":1,"doorLock":false,"beltWarning":true,"headlightsState":1,"highBeamLightsState":1,"engineCoolantTemp":-999,"evBatteryLevel":150,"dataStatus":1}
Vehicle field out of range
Discarded frame: {"version":0,"seq":639,"timestampMs":1786929895947,"speedKph":255,"rpm":9999,"gear":3,"soc":100,"turnSignal":1,"parkingBrake":false,"warning":2,"validity":1,"doorLock":false,"beltWarning":true,"headlightsState":1,"highBeamLightsState":1,"engineCoolantTemp":-999,"evBatteryLevel":150,"dataStatus":1}
Vehicle field out of range
Discarded frame: {"version":0,"seq":640,"timestampMs":1786929896048,"speedKph":255,"rpm":9999,"gear":3,"soc":100,"turnSignal":1,"parkingBrake":false,"warning":2,"validity":1,"doorLock":false,"beltWarning":true,"headlightsState":1,"highBeamLightsState":1,"engineCoolantTemp":-999,"evBatteryLevel":150,"dataStatus":1}
Vehicle field out of range
Discarded frame: {"version":0,"seq":641,"timestampMs":1786929896149,"speedKph":255,"rpm":9999,"gear":3,"soc":100,"turnSignal":1,"parkingBrake":false,"warning":2,"validity":1,"doorLock":false,"beltWarning":true,"headlightsState":1,"highBeamLightsState":1,"engineCoolantTemp":-999,"evBatteryLevel":150,"dataStatus":1}
Vehicle field out of range
Discarded frame: {"version":0,"seq":642,"timestampMs":1786929896249,"speedKph":255,"rpm":9999,"gear":3,"soc":100,"turnSignal":1,"parkingBrake":false,"warning":2,"validity":1,"doorLock":false,"beltWarning":true,"headlightsState":1,"highBeamLightsState":1,"engineCoolantTemp":-999,"evBatteryLevel":150,"dataStatus":1}
Vehicle field out of range
Discarded frame: {"version":0,"seq":643,"timestampMs":1786929896350,"speedKph":255,"rpm":9999,"gear":3,"soc":100,"turnSignal":1,"parkingBrake":false,"warning":2,"validity":1,"doorLock":false,"beltWarning":true,"headlightsState":1,"highBeamLightsState":1,"engineCoolantTemp":-999,"evBatteryLevel":150,"dataStatus":1}
Vehicle field out of range
Discarded frame: {"version":0,"seq":644,"timestampMs":1786929896451,"speedKph":255,"rpm":9999,"gear":3,"soc":100,"turnSignal":1,"parkingBrake":false,"warning":2,"validity":1,"doorLock":false,"beltWarning":true,"headlightsState":1,"highBeamLightsState":1,"engineCoolantTemp":-999,"evBatteryLevel":150,"dataStatus":1}
Vehicle field out of range
Discarded frame: {"version":0,"seq":645,"timestampMs":1786929896553,"speedKph":255,"rpm":9999,"gear":3,"soc":100,"turnSignal":1,"parkingBrake":false,"warning":2,"validity":1,"doorLock":false,"beltWarning":true,"headlightsState":1,"highBeamLightsState":1,"engineCoolantTemp":-999,"evBatteryLevel":150,"dataStatus":1}
Vehicle field out of range
Discarded frame: {"version":0,"seq":646,"timestampMs":1786929896653,"speedKph":255,"rpm":9999,"gear":3,"soc":100,"turnSignal":1,"parkingBrake":false,"warning":2,"validity":1,"doorLock":false,"beltWarning":true,"headlightsState":1,"highBeamLightsState":1,"engineCoolantTemp":-999,"evBatteryLevel":150,"dataStatus":1}
Vehicle field out of range
Discarded frame: {"version":0,"seq":647,"timestampMs":1786929896756,"speedKph":255,"rpm":9999,"gear":3,"soc":100,"turnSignal":1,"parkingBrake":false,"warning":2,"validity":1,"doorLock":false,"beltWarning":true,"headlightsState":1,"highBeamLightsState":1,"engineCoolantTemp":-999,"evBatteryLevel":150,"dataStatus":1}
Vehicle field out of range
Discarded frame: {"version":0,"seq":648,"timestampMs":1786929896858,"speedKph":255,"rpm":9999,"gear":3,"soc":100,"turnSignal":1,"parkingBrake":false,"warning":2,"validity":1,"doorLock":false,"beltWarning":true,"headlightsState":1,"highBeamLightsState":1,"engineCoolantTemp":-999,"evBatteryLevel":150,"dataStatus":1}
Vehicle field out of range
Discarded frame: {"version":0,"seq":649,"timestampMs":1786929896959,"speedKph":255,"rpm":9999,"gear":3,"soc":100,"turnSignal":1,"parkingBrake":false,"warning":2,"validity":1,"doorLock":false,"beltWarning":true,"headlightsState":1,"highBeamLightsState":1,"engineCoolantTemp":-999,"evBatteryLevel":150,"dataStatus":1}
Vehicle field out of range
Discarded frame: {"version":0,"seq":650,"timestampMs":1786929897060,"speedKph":255,"rpm":9999,"gear":3,"soc":100,"turnSignal":1,"parkingBrake":false,"warning":2,"validity":1,"doorLock":false,"beltWarning":true,"headlightsState":1,"highBeamLightsState":0,"engineCoolantTemp":-999,"evBatteryLevel":150,"dataStatus":1}
Vehicle field out of range
Discarded frame: {"version":0,"seq":651,"timestampMs":1786929897161,"speedKph":255,"rpm":9999,"gear":3,"soc":100,"turnSignal":1,"parkingBrake":false,"warning":2,"validity":1,"doorLock":false,"beltWarning":true,"headlightsState":1,"highBeamLightsState":0,"engineCoolantTemp":-999,"evBatteryLevel":150,"dataStatus":1}
Vehicle field out of range
Discarded frame: {"version":0,"seq":652,"timestampMs":1786929897262,"speedKph":255,"rpm":9999,"gear":3,"soc":100,"turnSignal":1,"parkingBrake":false,"warning":2,"validity":1,"doorLock":false,"beltWarning":true,"headlightsState":1,"highBeamLightsState":0,"engineCoolantTemp":-999,"evBatteryLevel":150,"dataStatus":1}
Vehicle field out of range
Discarded frame: {"version":0,"seq":653,"timestampMs":1786929897363,"speedKph":255,"rpm":9999,"gear":3,"soc":100,"turnSignal":1,"parkingBrake":false,"warning":2,"validity":1,"doorLock":false,"beltWarning":true,"headlightsState":1,"highBeamLightsState":0,"engineCoolantTemp":-999,"evBatteryLevel":150,"dataStatus":1}
Vehicle field out of range
Discarded frame: {"version":0,"seq":654,"timestampMs":1786929897464,"speedKph":255,"rpm":9999,"gear":3,"soc":100,"turnSignal":1,"parkingBrake":false,"warning":2,"validity":1,"doorLock":false,"beltWarning":true,"headlightsState":1,"highBeamLightsState":0,"engineCoolantTemp":-999,"evBatteryLevel":150,"dataStatus":1}
Vehicle field out of range
Discarded frame: {"version":0,"seq":655,"timestampMs":1786929897565,"speedKph":255,"rpm":9999,"gear":3,"soc":100,"turnSignal":1,"parkingBrake":false,"warning":2,"validity":1,"doorLock":false,"beltWarning":true,"headlightsState":1,"highBeamLightsState":0,"engineCoolantTemp":-999,"evBatteryLevel":150,"dataStatus":1}
Vehicle field out of range
Discarded frame: {"version":0,"seq":656,"timestampMs":1786929897666,"speedKph":255,"rpm":9999,"gear":3,"soc":100,"turnSignal":1,"parkingBrake":false,"warning":2,"validity":1,"doorLock":false,"beltWarning":true,"headlightsState":1,"highBeamLightsState":0,"engineCoolantTemp":-999,"evBatteryLevel":150,"dataStatus":1}
Vehicle field out of range
Discarded frame: {"version":0,"seq":657,"timestampMs":1786929897767,"speedKph":255,"rpm":9999,"gear":3,"soc":100,"turnSignal":1,"parkingBrake":false,"warning":2,"validity":1,"doorLock":false,"beltWarning":true,"headlightsState":1,"highBeamLightsState":0,"engineCoolantTemp":-999,"evBatteryLevel":150,"dataStatus":1}
Vehicle field out of range
Discarded frame: {"version":0,"seq":658,"timestampMs":1786929897868,"speedKph":255,"rpm":9999,"gear":3,"soc":100,"turnSignal":1,"parkingBrake":false,"warning":2,"validity":1,"doorLock":false,"beltWarning":true,"headlightsState":1,"highBeamLightsState":0,"engineCoolantTemp":-999,"evBatteryLevel":150,"dataStatus":1}
Vehicle field out of range
Discarded frame: {"version":0,"seq":659,"timestampMs":1786929897968,"speedKph":255,"rpm":9999,"gear":3,"soc":100,"turnSignal":1,"parkingBrake":false,"warning":2,"validity":1,"doorLock":false,"beltWarning":true,"headlightsState":1,"highBeamLightsState":0,"engineCoolantTemp":-999,"evBatteryLevel":150,"dataStatus":1}
Vehicle field out of range
Discarded frame: {"version":0,"seq":660,"timestampMs":1786929898070,"speedKph":255,"rpm":9999,"gear":3,"soc":100,"turnSignal":2,"parkingBrake":false,"warning":2,"validity":1,"doorLock":false,"beltWarning":true,"headlightsState":1,"highBeamLightsState":0,"engineCoolantTemp":-999,"evBatteryLevel":150,"dataStatus":1}
Vehicle field out of range
Discarded frame: {"version":0,"seq":661,"timestampMs":1786929898170,"speedKph":255,"rpm":9999,"gear":3,"soc":100,"turnSignal":2,"parkingBrake":false,"warning":2,"validity":1,"doorLock":false,"beltWarning":true,"headlightsState":1,"highBeamLightsState":0,"engineCoolantTemp":-999,"evBatteryLevel":150,"dataStatus":1}
Vehicle field out of range
Discarded frame: {"version":0,"seq":662,"timestampMs":1786929898272,"speedKph":255,"rpm":9999,"gear":3,"soc":100,"turnSignal":2,"parkingBrake":false,"warning":2,"validity":1,"doorLock":false,"beltWarning":true,"headlightsState":1,"highBeamLightsState":0,"engineCoolantTemp":-999,"evBatteryLevel":150,"dataStatus":1}
Vehicle field out of range
Discarded frame: {"version":0,"seq":663,"timestampMs":1786929898374,"speedKph":255,"rpm":9999,"gear":3,"soc":100,"turnSignal":2,"parkingBrake":false,"warning":2,"validity":1,"doorLock":false,"beltWarning":true,"headlightsState":1,"highBeamLightsState":0,"engineCoolantTemp":-999,"evBatteryLevel":150,"dataStatus":1}
Vehicle field out of range
Discarded frame: {"version":0,"seq":664,"timestampMs":1786929898475,"speedKph":255,"rpm":9999,"gear":3,"soc":100,"turnSignal":2,"parkingBrake":false,"warning":2,"validity":1,"doorLock":false,"beltWarning":true,"headlightsState":1,"highBeamLightsState":0,"engineCoolantTemp":-999,"evBatteryLevel":150,"dataStatus":1}
Vehicle field out of range
Discarded frame: {"version":0,"seq":665,"timestampMs":1786929898577,"speedKph":255,"rpm":9999,"gear":3,"soc":100,"turnSignal":2,"parkingBrake":false,"warning":2,"validity":1,"doorLock":false,"beltWarning":true,"headlightsState":1,"highBeamLightsState":0,"engineCoolantTemp":-999,"evBatteryLevel":150,"dataStatus":1}
Vehicle field out of range
Discarded frame: {"version":0,"seq":666,"timestampMs":1786929898677,"speedKph":255,"rpm":9999,"gear":3,"soc":100,"turnSignal":2,"parkingBrake":false,"warning":2,"validity":1,"doorLock":false,"beltWarning":true,"headlightsState":1,"highBeamLightsState":0,"engineCoolantTemp":-999,"evBatteryLevel":150,"dataStatus":1}
Vehicle field out of range
Discarded frame: {"version":0,"seq":667,"timestampMs":1786929898779,"speedKph":255,"rpm":9999,"gear":3,"soc":100,"turnSignal":2,"parkingBrake":false,"warning":2,"validity":1,"doorLock":false,"beltWarning":true,"headlightsState":1,"highBeamLightsState":0,"engineCoolantTemp":-999,"evBatteryLevel":150,"dataStatus":1}
Vehicle field out of range
Discarded frame: {"version":0,"seq":668,"timestampMs":1786929898880,"speedKph":255,"rpm":9999,"gear":3,"soc":100,"turnSignal":2,"parkingBrake":false,"warning":2,"validity":1,"doorLock":false,"beltWarning":true,"headlightsState":1,"highBeamLightsState":0,"engineCoolantTemp":-999,"evBatteryLevel":150,"dataStatus":1}
Vehicle field out of range
Discarded frame: {"version":0,"seq":669,"timestampMs":1786929898980,"speedKph":255,"rpm":9999,"gear":3,"soc":100,"turnSignal":2,"parkingBrake":false,"warning":2,"validity":1,"doorLock":false,"beltWarning":true,"headlightsState":1,"highBeamLightsState":0,"engineCoolantTemp":-999,"evBatteryLevel":150,"dataStatus":1}
Vehicle field out of range
Discarded frame: {"version":0,"seq":670,"timestampMs":1786929899081,"speedKph":255,"rpm":9999,"gear":3,"soc":100,"turnSignal":2,"parkingBrake":false,"warning":2,"validity":1,"doorLock":false,"beltWarning":true,"headlightsState":1,"highBeamLightsState":0,"engineCoolantTemp":-999,"evBatteryLevel":150,"dataStatus":1}
Vehicle field out of range
Discarded frame: {"version":0,"seq":671,"timestampMs":1786929899182,"speedKph":255,"rpm":9999,"gear":3,"soc":100,"turnSignal":2,"parkingBrake":false,"warning":2,"validity":1,"doorLock":false,"beltWarning":true,"headlightsState":1,"highBeamLightsState":0,"engineCoolantTemp":-999,"evBatteryLevel":150,"dataStatus":1}
Vehicle field out of range
Discarded frame: {"version":0,"seq":672,"timestampMs":1786929899283,"speedKph":255,"rpm":9999,"gear":3,"soc":100,"turnSignal":2,"parkingBrake":false,"warning":2,"validity":1,"doorLock":false,"beltWarning":true,"headlightsState":1,"highBeamLightsState":0,"engineCoolantTemp":-999,"evBatteryLevel":150,"dataStatus":1}
Vehicle field out of range
Discarded frame: {"version":0,"seq":673,"timestampMs":1786929899384,"speedKph":255,"rpm":9999,"gear":3,"soc":100,"turnSignal":2,"parkingBrake":false,"warning":2,"validity":1,"doorLock":false,"beltWarning":true,"headlightsState":1,"highBeamLightsState":0,"engineCoolantTemp":-999,"evBatteryLevel":150,"dataStatus":1}
Vehicle field out of range
Discarded frame: {"version":0,"seq":674,"timestampMs":1786929899485,"speedKph":255,"rpm":9999,"gear":3,"soc":100,"turnSignal":2,"parkingBrake":false,"warning":2,"validity":1,"doorLock":false,"beltWarning":true,"headlightsState":1,"highBeamLightsState":0,"engineCoolantTemp":-999,"evBatteryLevel":150,"dataStatus":1}
Vehicle field out of range
Discarded frame: {"version":0,"seq":675,"timestampMs":1786929899587,"speedKph":255,"rpm":9999,"gear":3,"soc":100,"turnSignal":2,"parkingBrake":false,"warning":2,"validity":1,"doorLock":false,"beltWarning":true,"headlightsState":1,"highBeamLightsState":0,"engineCoolantTemp":-999,"evBatteryLevel":150,"dataStatus":1}
Vehicle field out of range
Discarded frame: {"version":0,"seq":676,"timestampMs":1786929899687,"speedKph":255,"rpm":9999,"gear":3,"soc":100,"turnSignal":2,"parkingBrake":false,"warning":2,"validity":1,"doorLock":false,"beltWarning":true,"headlightsState":1,"highBeamLightsState":0,"engineCoolantTemp":-999,"evBatteryLevel":150,"dataStatus":1}
Vehicle field out of range
Discarded frame: {"version":0,"seq":677,"timestampMs":1786929899788,"speedKph":255,"rpm":9999,"gear":3,"soc":100,"turnSignal":2,"parkingBrake":false,"warning":2,"validity":1,"doorLock":false,"beltWarning":true,"headlightsState":1,"highBeamLightsState":0,"engineCoolantTemp":-999,"evBatteryLevel":150,"dataStatus":1}
Vehicle field out of range
Discarded frame: {"version":0,"seq":678,"timestampMs":1786929899890,"speedKph":255,"rpm":9999,"gear":3,"soc":100,"turnSignal":2,"parkingBrake":false,"warning":2,"validity":1,"doorLock":false,"beltWarning":true,"headlightsState":1,"highBeamLightsState":0,"engineCoolantTemp":-999,"evBatteryLevel":150,"dataStatus":1}
Vehicle field out of range
Discarded frame: {"version":0,"seq":679,"timestampMs":1786929899993,"speedKph":255,"rpm":9999,"gear":3,"soc":100,"turnSignal":2,"parkingBrake":false,"warning":2,"validity":1,"doorLock":false,"beltWarning":true,"headlightsState":1,"highBeamLightsState":0,"engineCoolantTemp":-999,"evBatteryLevel":150,"dataStatus":1}
Vehicle field out of range
Discarded frame: {"version":0,"seq":680,"timestampMs":1786929900093,"speedKph":255,"rpm":9999,"gear":3,"soc":100,"turnSignal":2,"parkingBrake":false,"warning":2,"validity":1,"doorLock":false,"beltWarning":true,"headlightsState":1,"highBeamLightsState":0,"engineCoolantTemp":-999,"evBatteryLevel":150,"dataStatus":1}
Vehicle field out of range
Discarded frame: {"version":0,"seq":681,"timestampMs":1786929900195,"speedKph":255,"rpm":9999,"gear":3,"soc":100,"turnSignal":2,"parkingBrake":false,"warning":2,"validity":1,"doorLock":false,"beltWarning":true,"headlightsState":1,"highBeamLightsState":0,"engineCoolantTemp":-999,"evBatteryLevel":150,"dataStatus":1}
Vehicle field out of range
Discarded frame: {"version":0,"seq":682,"timestampMs":1786929900296,"speedKph":255,"rpm":9999,"gear":3,"soc":100,"turnSignal":2,"parkingBrake":false,"warning":2,"validity":1,"doorLock":false,"beltWarning":true,"headlightsState":1,"highBeamLightsState":0,"engineCoolantTemp":-999,"evBatteryLevel":150,"dataStatus":1}
Vehicle field out of range
Discarded frame: {"version":0,"seq":683,"timestampMs":1786929900397,"speedKph":255,"rpm":9999,"gear":3,"soc":100,"turnSignal":2,"parkingBrake":false,"warning":2,"validity":1,"doorLock":false,"beltWarning":true,"headlightsState":1,"highBeamLightsState":0,"engineCoolantTemp":-999,"evBatteryLevel":150,"dataStatus":1}
Vehicle field out of range
Discarded frame: {"version":0,"seq":684,"timestampMs":1786929900498,"speedKph":255,"rpm":9999,"gear":3,"soc":100,"turnSignal":2,"parkingBrake":false,"warning":2,"validity":1,"doorLock":false,"beltWarning":true,"headlightsState":1,"highBeamLightsState":0,"engineCoolantTemp":-999,"evBatteryLevel":150,"dataStatus":1}
Vehicle field out of range
Discarded frame: {"version":0,"seq":685,"timestampMs":1786929900599,"speedKph":255,"rpm":9999,"gear":3,"soc":100,"turnSignal":2,"parkingBrake":false,"warning":2,"validity":1,"doorLock":false,"beltWarning":true,"headlightsState":1,"highBeamLightsState":0,"engineCoolantTemp":-999,"evBatteryLevel":150,"dataStatus":1}
Vehicle field out of range
Discarded frame: {"version":0,"seq":686,"timestampMs":1786929900699,"speedKph":255,"rpm":9999,"gear":3,"soc":100,"turnSignal":2,"parkingBrake":false,"warning":2,"validity":1,"doorLock":false,"beltWarning":true,"headlightsState":1,"highBeamLightsState":0,"engineCoolantTemp":-999,"evBatteryLevel":150,"dataStatus":1}
Vehicle field out of range
Discarded frame: {"version":0,"seq":687,"timestampMs":1786929900801,"speedKph":255,"rpm":9999,"gear":3,"soc":100,"turnSignal":2,"parkingBrake":false,"warning":2,"validity":1,"doorLock":false,"beltWarning":true,"headlightsState":1,"highBeamLightsState":0,"engineCoolantTemp":-999,"evBatteryLevel":150,"dataStatus":1}
Vehicle field out of range
Discarded frame: {"version":0,"seq":688,"timestampMs":1786929900902,"speedKph":255,"rpm":9999,"gear":3,"soc":100,"turnSignal":2,"parkingBrake":false,"warning":2,"validity":1,"doorLock":false,"beltWarning":true,"headlightsState":1,"highBeamLightsState":0,"engineCoolantTemp":-999,"evBatteryLevel":150,"dataStatus":1}
Vehicle field out of range
Discarded frame: {"version":0,"seq":689,"timestampMs":1786929901004,"speedKph":255,"rpm":9999,"gear":3,"soc":100,"turnSignal":2,"parkingBrake":false,"warning":2,"validity":1,"doorLock":false,"beltWarning":true,"headlightsState":1,"highBeamLightsState":0,"engineCoolantTemp":-999,"evBatteryLevel":150,"dataStatus":1}
Vehicle field out of range
Discarded frame: {"version":0,"seq":690,"timestampMs":1786929901105,"speedKph":255,"rpm":9999,"gear":3,"soc":100,"turnSignal":3,"parkingBrake":false,"warning":2,"validity":1,"doorLock":false,"beltWarning":true,"headlightsState":1,"highBeamLightsState":0,"engineCoolantTemp":-999,"evBatteryLevel":150,"dataStatus":1}
Vehicle field out of range
Discarded frame: {"version":0,"seq":691,"timestampMs":1786929901206,"speedKph":255,"rpm":9999,"gear":3,"soc":100,"turnSignal":3,"parkingBrake":false,"warning":2,"validity":1,"doorLock":false,"beltWarning":true,"headlightsState":1,"highBeamLightsState":0,"engineCoolantTemp":-999,"evBatteryLevel":150,"dataStatus":1}
Vehicle field out of range
Discarded frame: {"version":0,"seq":692,"timestampMs":1786929901308,"speedKph":255,"rpm":9999,"gear":3,"soc":100,"turnSignal":3,"parkingBrake":false,"warning":2,"validity":1,"doorLock":false,"beltWarning":true,"headlightsState":1,"highBeamLightsState":0,"engineCoolantTemp":-999,"evBatteryLevel":150,"dataStatus":1}
Vehicle field out of range
Discarded frame: {"version":0,"seq":693,"timestampMs":1786929901409,"speedKph":255,"rpm":9999,"gear":3,"soc":100,"turnSignal":3,"parkingBrake":false,"warning":2,"validity":1,"doorLock":false,"beltWarning":true,"headlightsState":1,"highBeamLightsState":0,"engineCoolantTemp":-999,"evBatteryLevel":150,"dataStatus":1}
Vehicle field out of range
Discarded frame: {"version":0,"seq":694,"timestampMs":1786929901511,"speedKph":255,"rpm":9999,"gear":3,"soc":100,"turnSignal":3,"parkingBrake":false,"warning":2,"validity":1,"doorLock":false,"beltWarning":true,"headlightsState":1,"highBeamLightsState":0,"engineCoolantTemp":-999,"evBatteryLevel":150,"dataStatus":1}
Vehicle field out of range
Discarded frame: {"version":0,"seq":695,"timestampMs":1786929901613,"speedKph":255,"rpm":9999,"gear":3,"soc":100,"turnSignal":3,"parkingBrake":false,"warning":2,"validity":1,"doorLock":false,"beltWarning":true,"headlightsState":1,"highBeamLightsState":0,"engineCoolantTemp":-999,"evBatteryLevel":150,"dataStatus":1}
Vehicle field out of range
Discarded frame: {"version":0,"seq":696,"timestampMs":1786929901714,"speedKph":255,"rpm":9999,"gear":3,"soc":100,"turnSignal":3,"parkingBrake":false,"warning":2,"validity":1,"doorLock":false,"beltWarning":true,"headlightsState":1,"highBeamLightsState":0,"engineCoolantTemp":-999,"evBatteryLevel":150,"dataStatus":1}
Vehicle field out of range
Discarded frame: {"version":0,"seq":697,"timestampMs":1786929901816,"speedKph":255,"rpm":9999,"gear":3,"soc":100,"turnSignal":3,"parkingBrake":false,"warning":2,"validity":1,"doorLock":false,"beltWarning":true,"headlightsState":1,"highBeamLightsState":0,"engineCoolantTemp":-999,"evBatteryLevel":150,"dataStatus":1}
Vehicle field out of range
Discarded frame: {"version":0,"seq":698,"timestampMs":1786929901917,"speedKph":255,"rpm":9999,"gear":3,"soc":100,"turnSignal":3,"parkingBrake":false,"warning":2,"validity":1,"doorLock":false,"beltWarning":true,"headlightsState":1,"highBeamLightsState":0,"engineCoolantTemp":-999,"evBatteryLevel":150,"dataStatus":1}
Vehicle field out of range
Discarded frame: {"version":0,"seq":699,"timestampMs":1786929902019,"speedKph":255,"rpm":9999,"gear":3,"soc":100,"turnSignal":3,"parkingBrake":false,"warning":2,"validity":1,"doorLock":false,"beltWarning":true,"headlightsState":1,"highBeamLightsState":0,"engineCoolantTemp":-999,"evBatteryLevel":150,"dataStatus":1}
Parsed: seq=1000 time=1786929932419 speed=0 km/h rpm=800 gear=P(0) soc=70% turnSignal=1 doorLock=locked beltWarn=OK highBeam=ON coolantTemp=90.0C(warn=NO) batteryWarn=OK
Parsed: seq=1001 time=1786929932521 speed=2 km/h rpm=850 gear=D(3) soc=70% turnSignal=1 doorLock=locked beltWarn=OK highBeam=ON coolantTemp=90.0C(warn=NO) batteryWarn=OK
Parsed: seq=1002 time=1786929932622 speed=4 km/h rpm=900 gear=D(3) soc=70% turnSignal=1 doorLock=locked beltWarn=OK highBeam=ON coolantTemp=90.0C(warn=NO) batteryWarn=OK
Parsed: seq=1003 time=1786929932724 speed=6 km/h rpm=950 gear=D(3) soc=70% turnSignal=1 doorLock=locked beltWarn=OK highBeam=ON coolantTemp=90.0C(warn=NO) batteryWarn=OK
Parsed: seq=1004 time=1786929932824 speed=8 km/h rpm=1000 gear=D(3) soc=70% turnSignal=1 doorLock=locked beltWarn=OK highBeam=ON coolantTemp=90.0C(warn=NO) batteryWarn=OK
Parsed: seq=1005 time=1786929932925 speed=10 km/h rpm=1050 gear=D(3) soc=70% turnSignal=1 doorLock=locked beltWarn=OK highBeam=ON coolantTemp=90.0C(warn=NO) batteryWarn=OK
Parsed: seq=1006 time=1786929933026 speed=12 km/h rpm=1100 gear=D(3) soc=70% turnSignal=1 doorLock=locked beltWarn=OK highBeam=ON coolantTemp=90.0C(warn=NO) batteryWarn=OK
Parsed: seq=1007 time=1786929933128 speed=14 km/h rpm=1150 gear=D(3) soc=70% turnSignal=1 doorLock=locked beltWarn=OK highBeam=ON coolantTemp=90.0C(warn=NO) batteryWarn=OK
Parsed: seq=1008 time=1786929933229 speed=16 km/h rpm=1200 gear=D(3) soc=70% turnSignal=1 doorLock=locked beltWarn=OK highBeam=ON coolantTemp=90.0C(warn=NO) batteryWarn=OK
Parsed: seq=1009 time=1786929933331 speed=18 km/h rpm=1250 gear=D(3) soc=70% turnSignal=1 doorLock=locked beltWarn=OK highBeam=ON coolantTemp=90.0C(warn=NO) batteryWarn=OK
Parsed: seq=1010 time=1786929933432 speed=20 km/h rpm=1300 gear=D(3) soc=70% turnSignal=1 doorLock=locked beltWarn=OK highBeam=ON coolantTemp=90.0C(warn=NO) batteryWarn=OK
Parsed: seq=1011 time=1786929933533 speed=22 km/h rpm=1350 gear=D(3) soc=70% turnSignal=1 doorLock=locked beltWarn=OK highBeam=ON coolantTemp=90.0C(warn=NO) batteryWarn=OK
Parsed: seq=1012 time=1786929933635 speed=24 km/h rpm=1400 gear=D(3) soc=70% turnSignal=1 doorLock=locked beltWarn=OK highBeam=ON coolantTemp=90.0C(warn=NO) batteryWarn=OK
Parsed: seq=1013 time=1786929933736 speed=26 km/h rpm=1450 gear=D(3) soc=70% turnSignal=1 doorLock=locked beltWarn=OK highBeam=ON coolantTemp=90.0C(warn=NO) batteryWarn=OK
Parsed: seq=1014 time=1786929933838 speed=28 km/h rpm=1500 gear=D(3) soc=70% turnSignal=1 doorLock=locked beltWarn=OK highBeam=ON coolantTemp=90.0C(warn=NO) batteryWarn=OK
Parsed: seq=1015 time=1786929933939 speed=30 km/h rpm=1550 gear=D(3) soc=70% turnSignal=1 doorLock=locked beltWarn=OK highBeam=ON coolantTemp=90.0C(warn=NO) batteryWarn=OK
Parsed: seq=1016 time=1786929934039 speed=32 km/h rpm=1600 gear=D(3) soc=70% turnSignal=1 doorLock=locked beltWarn=OK highBeam=ON coolantTemp=90.0C(warn=NO) batteryWarn=OK
Parsed: seq=1017 time=1786929934141 speed=34 km/h rpm=1650 gear=D(3) soc=70% turnSignal=1 doorLock=locked beltWarn=OK highBeam=ON coolantTemp=90.0C(warn=NO) batteryWarn=OK
Parsed: seq=1018 time=1786929934242 speed=36 km/h rpm=1700 gear=D(3) soc=70% turnSignal=1 doorLock=locked beltWarn=OK highBeam=ON coolantTemp=90.0C(warn=NO) batteryWarn=OK
Parsed: seq=1019 time=1786929934343 speed=38 km/h rpm=1750 gear=D(3) soc=70% turnSignal=1 doorLock=locked beltWarn=OK highBeam=ON coolantTemp=90.0C(warn=NO) batteryWarn=OK
Parsed: seq=1020 time=1786929934444 speed=40 km/h rpm=1800 gear=D(3) soc=70% turnSignal=2 doorLock=locked beltWarn=OK highBeam=ON coolantTemp=90.0C(warn=NO) batteryWarn=OK
Parsed: seq=1021 time=1786929934544 speed=42 km/h rpm=1850 gear=D(3) soc=70% turnSignal=2 doorLock=locked beltWarn=OK highBeam=ON coolantTemp=90.0C(warn=NO) batteryWarn=OK
Parsed: seq=1022 time=1786929934645 speed=44 km/h rpm=1900 gear=D(3) soc=70% turnSignal=2 doorLock=locked beltWarn=OK highBeam=ON coolantTemp=90.0C(warn=NO) batteryWarn=OK
Parsed: seq=1023 time=1786929934747 speed=46 km/h rpm=1950 gear=D(3) soc=70% turnSignal=2 doorLock=locked beltWarn=OK highBeam=ON coolantTemp=90.0C(warn=NO) batteryWarn=OK
Parsed: seq=1024 time=1786929934848 speed=48 km/h rpm=2000 gear=D(3) soc=70% turnSignal=2 doorLock=locked beltWarn=OK highBeam=ON coolantTemp=90.0C(warn=NO) batteryWarn=OK
Parsed: seq=1025 time=1786929934949 speed=50 km/h rpm=2050 gear=D(3) soc=70% turnSignal=2 doorLock=locked beltWarn=OK highBeam=ON coolantTemp=90.0C(warn=NO) batteryWarn=OK
Parsed: seq=1026 time=1786929935050 speed=52 km/h rpm=2100 gear=D(3) soc=70% turnSignal=2 doorLock=locked beltWarn=OK highBeam=ON coolantTemp=90.0C(warn=NO) batteryWarn=OK
Parsed: seq=1027 time=1786929935152 speed=54 km/h rpm=2150 gear=D(3) soc=70% turnSignal=2 doorLock=locked beltWarn=OK highBeam=ON coolantTemp=90.0C(warn=NO) batteryWarn=OK
Parsed: seq=1028 time=1786929935253 speed=56 km/h rpm=2200 gear=D(3) soc=70% turnSignal=2 doorLock=locked beltWarn=OK highBeam=ON coolantTemp=90.0C(warn=NO) batteryWarn=OK
Parsed: seq=1029 time=1786929935354 speed=58 km/h rpm=2250 gear=D(3) soc=70% turnSignal=2 doorLock=locked beltWarn=OK highBeam=ON coolantTemp=90.0C(warn=NO) batteryWarn=OK
Parsed: seq=1030 time=1786929935455 speed=60 km/h rpm=2300 gear=D(3) soc=70% turnSignal=2 doorLock=locked beltWarn=OK highBeam=ON coolantTemp=90.0C(warn=NO) batteryWarn=OK
Parsed: seq=1031 time=1786929935556 speed=62 km/h rpm=2350 gear=D(3) soc=70% turnSignal=2 doorLock=locked beltWarn=OK highBeam=ON coolantTemp=90.0C(warn=NO) batteryWarn=OK
Parsed: seq=1032 time=1786929935657 speed=64 km/h rpm=2400 gear=D(3) soc=70% turnSignal=2 doorLock=locked beltWarn=OK highBeam=ON coolantTemp=90.0C(warn=NO) batteryWarn=OK
Parsed: seq=1033 time=1786929935758 speed=66 km/h rpm=2450 gear=D(3) soc=70% turnSignal=2 doorLock=locked beltWarn=OK highBeam=ON coolantTemp=90.0C(warn=NO) batteryWarn=OK
Parsed: seq=1034 time=1786929935859 speed=68 km/h rpm=2500 gear=D(3) soc=70% turnSignal=2 doorLock=locked beltWarn=OK highBeam=ON coolantTemp=90.0C(warn=NO) batteryWarn=OK
Parsed: seq=1035 time=1786929935961 speed=70 km/h rpm=2550 gear=D(3) soc=70% turnSignal=2 doorLock=locked beltWarn=OK highBeam=ON coolantTemp=90.0C(warn=NO) batteryWarn=OK
Parsed: seq=1036 time=1786929936062 speed=72 km/h rpm=2600 gear=D(3) soc=70% turnSignal=2 doorLock=locked beltWarn=OK highBeam=ON coolantTemp=90.0C(warn=NO) batteryWarn=OK
Parsed: seq=1037 time=1786929936163 speed=74 km/h rpm=2650 gear=D(3) soc=70% turnSignal=2 doorLock=locked beltWarn=OK highBeam=ON coolantTemp=90.0C(warn=NO) batteryWarn=OK
Parsed: seq=1038 time=1786929936264 speed=76 km/h rpm=2700 gear=D(3) soc=70% turnSignal=2 doorLock=locked beltWarn=OK highBeam=ON coolantTemp=90.0C(warn=NO) batteryWarn=OK
Parsed: seq=1039 time=1786929936365 speed=78 km/h rpm=2750 gear=D(3) soc=70% turnSignal=2 doorLock=locked beltWarn=OK highBeam=ON coolantTemp=90.0C(warn=NO) batteryWarn=OK
Parsed: seq=1040 time=1786929936466 speed=80 km/h rpm=2800 gear=D(3) soc=70% turnSignal=2 doorLock=locked beltWarn=OK highBeam=ON coolantTemp=90.0C(warn=NO) batteryWarn=OK
Parsed: seq=1041 time=1786929936567 speed=82 km/h rpm=2850 gear=D(3) soc=70% turnSignal=2 doorLock=locked beltWarn=OK highBeam=ON coolantTemp=90.0C(warn=NO) batteryWarn=OK
Parsed: seq=1042 time=1786929936668 speed=84 km/h rpm=2900 gear=D(3) soc=70% turnSignal=2 doorLock=locked beltWarn=OK highBeam=ON coolantTemp=90.0C(warn=NO) batteryWarn=OK
Parsed: seq=1043 time=1786929936770 speed=86 km/h rpm=2950 gear=D(3) soc=70% turnSignal=2 doorLock=locked beltWarn=OK highBeam=ON coolantTemp=90.0C(warn=NO) batteryWarn=OK
Parsed: seq=1044 time=1786929936871 speed=88 km/h rpm=3000 gear=D(3) soc=70% turnSignal=2 doorLock=locked beltWarn=OK highBeam=ON coolantTemp=90.0C(warn=NO) batteryWarn=OK
Parsed: seq=1045 time=1786929936973 speed=90 km/h rpm=3050 gear=D(3) soc=70% turnSignal=2 doorLock=locked beltWarn=OK highBeam=ON coolantTemp=90.0C(warn=NO) batteryWarn=OK
Parsed: seq=1046 time=1786929937075 speed=92 km/h rpm=3100 gear=D(3) soc=70% turnSignal=2 doorLock=locked beltWarn=OK highBeam=ON coolantTemp=90.0C(warn=NO) batteryWarn=OK
Parsed: seq=1047 time=1786929937177 speed=94 km/h rpm=3150 gear=D(3) soc=70% turnSignal=2 doorLock=locked beltWarn=OK highBeam=ON coolantTemp=90.0C(warn=NO) batteryWarn=OK
Parsed: seq=1048 time=1786929937278 speed=96 km/h rpm=3200 gear=D(3) soc=70% turnSignal=2 doorLock=locked beltWarn=OK highBeam=ON coolantTemp=90.0C(warn=NO) batteryWarn=OK
Parsed: seq=1049 time=1786929937380 speed=98 km/h rpm=3250 gear=D(3) soc=70% turnSignal=2 doorLock=locked beltWarn=OK highBeam=ON coolantTemp=90.0C(warn=NO) batteryWarn=OK
Parsed: seq=1050 time=1786929937481 speed=100 km/h rpm=3300 gear=D(3) soc=70% turnSignal=3 doorLock=locked beltWarn=OK highBeam=OFF coolantTemp=90.0C(warn=NO) batteryWarn=OK
Parsed: seq=1051 time=1786929937582 speed=98 km/h rpm=3250 gear=D(3) soc=70% turnSignal=3 doorLock=locked beltWarn=OK highBeam=OFF coolantTemp=90.0C(warn=NO) batteryWarn=OK
Parsed: seq=1052 time=1786929937683 speed=96 km/h rpm=3200 gear=D(3) soc=70% turnSignal=3 doorLock=locked beltWarn=OK highBeam=OFF coolantTemp=90.0C(warn=NO) batteryWarn=OK
Parsed: seq=1053 time=1786929937785 speed=94 km/h rpm=3150 gear=D(3) soc=70% turnSignal=3 doorLock=locked beltWarn=OK highBeam=OFF coolantTemp=90.0C(warn=NO) batteryWarn=OK
Parsed: seq=1054 time=1786929937886 speed=92 km/h rpm=3100 gear=D(3) soc=70% turnSignal=3 doorLock=locked beltWarn=OK highBeam=OFF coolantTemp=90.0C(warn=NO) batteryWarn=OK
Parsed: seq=1055 time=1786929937987 speed=90 km/h rpm=3050 gear=D(3) soc=70% turnSignal=3 doorLock=locked beltWarn=OK highBeam=OFF coolantTemp=90.0C(warn=NO) batteryWarn=OK
Parsed: seq=1056 time=1786929938089 speed=88 km/h rpm=3000 gear=D(3) soc=70% turnSignal=3 doorLock=locked beltWarn=OK highBeam=OFF coolantTemp=90.0C(warn=NO) batteryWarn=OK
Parsed: seq=1057 time=1786929938191 speed=86 km/h rpm=2950 gear=D(3) soc=70% turnSignal=3 doorLock=locked beltWarn=OK highBeam=OFF coolantTemp=90.0C(warn=NO) batteryWarn=OK
Parsed: seq=1058 time=1786929938293 speed=84 km/h rpm=2900 gear=D(3) soc=70% turnSignal=3 doorLock=locked beltWarn=OK highBeam=OFF coolantTemp=90.0C(warn=NO) batteryWarn=OK
Parsed: seq=1059 time=1786929938395 speed=82 km/h rpm=2850 gear=D(3) soc=70% turnSignal=3 doorLock=locked beltWarn=OK highBeam=OFF coolantTemp=90.0C(warn=NO) batteryWarn=OK
Parsed: seq=1060 time=1786929938497 speed=80 km/h rpm=2800 gear=D(3) soc=70% turnSignal=3 doorLock=locked beltWarn=OK highBeam=OFF coolantTemp=90.0C(warn=NO) batteryWarn=OK
Parsed: seq=1061 time=1786929938599 speed=78 km/h rpm=2750 gear=D(3) soc=70% turnSignal=3 doorLock=locked beltWarn=OK highBeam=OFF coolantTemp=90.0C(warn=NO) batteryWarn=OK
Parsed: seq=1062 time=1786929938700 speed=76 km/h rpm=2700 gear=D(3) soc=70% turnSignal=3 doorLock=locked beltWarn=OK highBeam=OFF coolantTemp=90.0C(warn=NO) batteryWarn=OK
Parsed: seq=1063 time=1786929938801 speed=74 km/h rpm=2650 gear=D(3) soc=70% turnSignal=3 doorLock=locked beltWarn=OK highBeam=OFF coolantTemp=90.0C(warn=NO) batteryWarn=OK
Parsed: seq=1064 time=1786929938903 speed=72 km/h rpm=2600 gear=D(3) soc=70% turnSignal=3 doorLock=locked beltWarn=OK highBeam=OFF coolantTemp=90.0C(warn=NO) batteryWarn=OK
Parsed: seq=1065 time=1786929939006 speed=70 km/h rpm=2550 gear=D(3) soc=70% turnSignal=3 doorLock=locked beltWarn=OK highBeam=OFF coolantTemp=90.0C(warn=NO) batteryWarn=OK
Parsed: seq=1066 time=1786929939107 speed=68 km/h rpm=2500 gear=D(3) soc=70% turnSignal=3 doorLock=locked beltWarn=OK highBeam=OFF coolantTemp=90.0C(warn=NO) batteryWarn=OK
Parsed: seq=1067 time=1786929939208 speed=66 km/h rpm=2450 gear=D(3) soc=70% turnSignal=3 doorLock=locked beltWarn=OK highBeam=OFF coolantTemp=90.0C(warn=NO) batteryWarn=OK
Parsed: seq=1068 time=1786929939308 speed=64 km/h rpm=2400 gear=D(3) soc=70% turnSignal=3 doorLock=locked beltWarn=OK highBeam=OFF coolantTemp=90.0C(warn=NO) batteryWarn=OK
Parsed: seq=1069 time=1786929939409 speed=62 km/h rpm=2350 gear=D(3) soc=70% turnSignal=3 doorLock=locked beltWarn=OK highBeam=OFF coolantTemp=90.0C(warn=NO) batteryWarn=OK
Parsed: seq=1070 time=1786929939510 speed=60 km/h rpm=2300 gear=D(3) soc=70% turnSignal=3 doorLock=locked beltWarn=OK highBeam=OFF coolantTemp=90.0C(warn=NO) batteryWarn=OK
Parsed: seq=1071 time=1786929939612 speed=58 km/h rpm=2250 gear=D(3) soc=70% turnSignal=3 doorLock=locked beltWarn=OK highBeam=OFF coolantTemp=90.0C(warn=NO) batteryWarn=OK
Parsed: seq=1072 time=1786929939713 speed=56 km/h rpm=2200 gear=D(3) soc=70% turnSignal=3 doorLock=locked beltWarn=OK highBeam=OFF coolantTemp=90.0C(warn=NO) batteryWarn=OK
Parsed: seq=1073 time=1786929939815 speed=54 km/h rpm=2150 gear=D(3) soc=70% turnSignal=3 doorLock=locked beltWarn=OK highBeam=OFF coolantTemp=90.0C(warn=NO) batteryWarn=OK
Parsed: seq=1074 time=1786929939916 speed=52 km/h rpm=2100 gear=D(3) soc=70% turnSignal=3 doorLock=locked beltWarn=OK highBeam=OFF coolantTemp=90.0C(warn=NO) batteryWarn=OK
Parsed: seq=1075 time=1786929940017 speed=50 km/h rpm=2050 gear=D(3) soc=70% turnSignal=3 doorLock=locked beltWarn=OK highBeam=OFF coolantTemp=90.0C(warn=NO) batteryWarn=OK
Parsed: seq=1076 time=1786929940119 speed=48 km/h rpm=2000 gear=D(3) soc=70% turnSignal=3 doorLock=locked beltWarn=OK highBeam=OFF coolantTemp=90.0C(warn=NO) batteryWarn=OK
Parsed: seq=1077 time=1786929940220 speed=46 km/h rpm=1950 gear=D(3) soc=70% turnSignal=3 doorLock=locked beltWarn=OK highBeam=OFF coolantTemp=90.0C(warn=NO) batteryWarn=OK
Parsed: seq=1078 time=1786929940322 speed=44 km/h rpm=1900 gear=D(3) soc=70% turnSignal=3 doorLock=locked beltWarn=OK highBeam=OFF coolantTemp=90.0C(warn=NO) batteryWarn=OK
Parsed: seq=1079 time=1786929940422 speed=42 km/h rpm=1850 gear=D(3) soc=70% turnSignal=3 doorLock=locked beltWarn=OK highBeam=OFF coolantTemp=90.0C(warn=NO) batteryWarn=OK
Parsed: seq=1080 time=1786929940524 speed=40 km/h rpm=1800 gear=D(3) soc=70% turnSignal=0 doorLock=locked beltWarn=OK highBeam=OFF coolantTemp=90.0C(warn=NO) batteryWarn=OK
Parsed: seq=1081 time=1786929940624 speed=38 km/h rpm=1750 gear=D(3) soc=70% turnSignal=0 doorLock=locked beltWarn=OK highBeam=OFF coolantTemp=90.0C(warn=NO) batteryWarn=OK
Parsed: seq=1082 time=1786929940726 speed=36 km/h rpm=1700 gear=D(3) soc=70% turnSignal=0 doorLock=locked beltWarn=OK highBeam=OFF coolantTemp=90.0C(warn=NO) batteryWarn=OK
Parsed: seq=1083 time=1786929940827 speed=34 km/h rpm=1650 gear=D(3) soc=70% turnSignal=0 doorLock=locked beltWarn=OK highBeam=OFF coolantTemp=90.0C(warn=NO) batteryWarn=OK
Parsed: seq=1084 time=1786929940928 speed=32 km/h rpm=1600 gear=D(3) soc=70% turnSignal=0 doorLock=locked beltWarn=OK highBeam=OFF coolantTemp=90.0C(warn=NO) batteryWarn=OK
Parsed: seq=1085 time=1786929941029 speed=30 km/h rpm=1550 gear=D(3) soc=70% turnSignal=0 doorLock=locked beltWarn=OK highBeam=OFF coolantTemp=90.0C(warn=NO) batteryWarn=OK
Parsed: seq=1086 time=1786929941130 speed=28 km/h rpm=1500 gear=D(3) soc=70% turnSignal=0 doorLock=locked beltWarn=OK highBeam=OFF coolantTemp=90.0C(warn=NO) batteryWarn=OK
Parsed: seq=1087 time=1786929941231 speed=26 km/h rpm=1450 gear=D(3) soc=70% turnSignal=0 doorLock=locked beltWarn=OK highBeam=OFF coolantTemp=90.0C(warn=NO) batteryWarn=OK
Parsed: seq=1088 time=1786929941332 speed=24 km/h rpm=1400 gear=D(3) soc=70% turnSignal=0 doorLock=locked beltWarn=OK highBeam=OFF coolantTemp=90.0C(warn=NO) batteryWarn=OK
Parsed: seq=1089 time=1786929941433 speed=22 km/h rpm=1350 gear=D(3) soc=70% turnSignal=0 doorLock=locked beltWarn=OK highBeam=OFF coolantTemp=90.0C(warn=NO) batteryWarn=OK
Parsed: seq=1090 time=1786929941535 speed=20 km/h rpm=1300 gear=D(3) soc=70% turnSignal=0 doorLock=locked beltWarn=OK highBeam=OFF coolantTemp=90.0C(warn=NO) batteryWarn=OK
Parsed: seq=1091 time=1786929941636 speed=18 km/h rpm=1250 gear=D(3) soc=70% turnSignal=0 doorLock=locked beltWarn=OK highBeam=OFF coolantTemp=90.0C(warn=NO) batteryWarn=OK
Parsed: seq=1092 time=1786929941737 speed=16 km/h rpm=1200 gear=D(3) soc=70% turnSignal=0 doorLock=locked beltWarn=OK highBeam=OFF coolantTemp=90.0C(warn=NO) batteryWarn=OK
Parsed: seq=1093 time=1786929941838 speed=14 km/h rpm=1150 gear=D(3) soc=70% turnSignal=0 doorLock=locked beltWarn=OK highBeam=OFF coolantTemp=90.0C(warn=NO) batteryWarn=OK
Parsed: seq=1094 time=1786929941940 speed=12 km/h rpm=1100 gear=D(3) soc=70% turnSignal=0 doorLock=locked beltWarn=OK highBeam=OFF coolantTemp=90.0C(warn=NO) batteryWarn=OK
Parsed: seq=1095 time=1786929942042 speed=10 km/h rpm=1050 gear=D(3) soc=70% turnSignal=0 doorLock=locked beltWarn=OK highBeam=OFF coolantTemp=90.0C(warn=NO) batteryWarn=OK
Parsed: seq=1096 time=1786929942143 speed=8 km/h rpm=1000 gear=D(3) soc=70% turnSignal=0 doorLock=locked beltWarn=OK highBeam=OFF coolantTemp=90.0C(warn=NO) batteryWarn=OK
Parsed: seq=1097 time=1786929942246 speed=6 km/h rpm=950 gear=D(3) soc=70% turnSignal=0 doorLock=locked beltWarn=OK highBeam=OFF coolantTemp=90.0C(warn=NO) batteryWarn=OK
Parsed: seq=1098 time=1786929942348 speed=4 km/h rpm=900 gear=D(3) soc=70% turnSignal=0 doorLock=locked beltWarn=OK highBeam=OFF coolantTemp=90.0C(warn=NO) batteryWarn=OK
Parsed: seq=1099 time=1786929942449 speed=2 km/h rpm=850 gear=D(3) soc=70% turnSignal=0 doorLock=locked beltWarn=OK highBeam=OFF coolantTemp=90.0C(warn=NO) batteryWarn=OK
Parsed: seq=1100 time=1786929942551 speed=0 km/h rpm=800 gear=P(0) soc=70% turnSignal=0 doorLock=locked beltWarn=OK highBeam=ON coolantTemp=90.0C(warn=NO) batteryWarn=OK
Parsed: seq=1101 time=1786929942652 speed=2 km/h rpm=850 gear=D(3) soc=70% turnSignal=0 doorLock=locked beltWarn=OK highBeam=ON coolantTemp=90.0C(warn=NO) batteryWarn=OK
Parsed: seq=1102 time=1786929942753 speed=4 km/h rpm=900 gear=D(3) soc=70% turnSignal=0 doorLock=locked beltWarn=OK highBeam=ON coolantTemp=90.0C(warn=NO) batteryWarn=OK
Parsed: seq=1103 time=1786929942854 speed=6 km/h rpm=950 gear=D(3) soc=70% turnSignal=0 doorLock=locked beltWarn=OK highBeam=ON coolantTemp=90.0C(warn=NO) batteryWarn=OK
Parsed: seq=1104 time=1786929942955 speed=8 km/h rpm=1000 gear=D(3) soc=70% turnSignal=0 doorLock=locked beltWarn=OK highBeam=ON coolantTemp=90.0C(warn=NO) batteryWarn=OK
Parsed: seq=1105 time=1786929943058 speed=10 km/h rpm=1050 gear=D(3) soc=70% turnSignal=0 doorLock=locked beltWarn=OK highBeam=ON coolantTemp=90.0C(warn=NO) batteryWarn=OK
Parsed: seq=1106 time=1786929943159 speed=12 km/h rpm=1100 gear=D(3) soc=70% turnSignal=0 doorLock=locked beltWarn=OK highBeam=ON coolantTemp=90.0C(warn=NO) batteryWarn=OK
Parsed: seq=1107 time=1786929943260 speed=14 km/h rpm=1150 gear=D(3) soc=70% turnSignal=0 doorLock=locked beltWarn=OK highBeam=ON coolantTemp=90.0C(warn=NO) batteryWarn=OK
Parsed: seq=1108 time=1786929943361 speed=16 km/h rpm=1200 gear=D(3) soc=70% turnSignal=0 doorLock=locked beltWarn=OK highBeam=ON coolantTemp=90.0C(warn=NO) batteryWarn=OK
Parsed: seq=1109 time=1786929943462 speed=18 km/h rpm=1250 gear=D(3) soc=70% turnSignal=0 doorLock=locked beltWarn=OK highBeam=ON coolantTemp=90.0C(warn=NO) batteryWarn=OK
Parsed: seq=1110 time=1786929943564 speed=20 km/h rpm=1300 gear=D(3) soc=70% turnSignal=1 doorLock=locked beltWarn=OK highBeam=ON coolantTemp=90.0C(warn=NO) batteryWarn=OK
Parsed: seq=1111 time=1786929943666 speed=22 km/h rpm=1350 gear=D(3) soc=70% turnSignal=1 doorLock=locked beltWarn=OK highBeam=ON coolantTemp=90.0C(warn=NO) batteryWarn=OK
Parsed: seq=1112 time=1786929943766 speed=24 km/h rpm=1400 gear=D(3) soc=70% turnSignal=1 doorLock=locked beltWarn=OK highBeam=ON coolantTemp=90.0C(warn=NO) batteryWarn=OK
Parsed: seq=1113 time=1786929943867 speed=26 km/h rpm=1450 gear=D(3) soc=70% turnSignal=1 doorLock=locked beltWarn=OK highBeam=ON coolantTemp=90.0C(warn=NO) batteryWarn=OK
Parsed: seq=1114 time=1786929943968 speed=28 km/h rpm=1500 gear=D(3) soc=70% turnSignal=1 doorLock=locked beltWarn=OK highBeam=ON coolantTemp=90.0C(warn=NO) batteryWarn=OK
Parsed: seq=1115 time=1786929944069 speed=30 km/h rpm=1550 gear=D(3) soc=70% turnSignal=1 doorLock=locked beltWarn=OK highBeam=ON coolantTemp=90.0C(warn=NO) batteryWarn=OK
Parsed: seq=1116 time=1786929944170 speed=32 km/h rpm=1600 gear=D(3) soc=70% turnSignal=1 doorLock=locked beltWarn=OK highBeam=ON coolantTemp=90.0C(warn=NO) batteryWarn=OK
Parsed: seq=1117 time=1786929944271 speed=34 km/h rpm=1650 gear=D(3) soc=70% turnSignal=1 doorLock=locked beltWarn=OK highBeam=ON coolantTemp=90.0C(warn=NO) batteryWarn=OK
Parsed: seq=1118 time=1786929944372 speed=36 km/h rpm=1700 gear=D(3) soc=70% turnSignal=1 doorLock=locked beltWarn=OK highBeam=ON coolantTemp=90.0C(warn=NO) batteryWarn=OK
Parsed: seq=1119 time=1786929944474 speed=38 km/h rpm=1750 gear=D(3) soc=70% turnSignal=1 doorLock=locked beltWarn=OK highBeam=ON coolantTemp=90.0C(warn=NO) batteryWarn=OK
Parsed: seq=1120 time=1786929944575 speed=40 km/h rpm=1800 gear=D(3) soc=70% turnSignal=1 doorLock=locked beltWarn=OK highBeam=ON coolantTemp=90.0C(warn=NO) batteryWarn=OK
Parsed: seq=1121 time=1786929944676 speed=42 km/h rpm=1850 gear=D(3) soc=70% turnSignal=1 doorLock=locked beltWarn=OK highBeam=ON coolantTemp=90.0C(warn=NO) batteryWarn=OK
Parsed: seq=1122 time=1786929944777 speed=44 km/h rpm=1900 gear=D(3) soc=70% turnSignal=1 doorLock=locked beltWarn=OK highBeam=ON coolantTemp=90.0C(warn=NO) batteryWarn=OK
Parsed: seq=1123 time=1786929944878 speed=46 km/h rpm=1950 gear=D(3) soc=70% turnSignal=1 doorLock=locked beltWarn=OK highBeam=ON coolantTemp=90.0C(warn=NO) batteryWarn=OK
Parsed: seq=1124 time=1786929944979 speed=48 km/h rpm=2000 gear=D(3) soc=70% turnSignal=1 doorLock=locked beltWarn=OK highBeam=ON coolantTemp=90.0C(warn=NO) batteryWarn=OK
Parsed: seq=1125 time=1786929945080 speed=50 km/h rpm=2050 gear=D(3) soc=70% turnSignal=1 doorLock=locked beltWarn=OK highBeam=ON coolantTemp=90.0C(warn=NO) batteryWarn=OK
Parsed: seq=1126 time=1786929945182 speed=52 km/h rpm=2100 gear=D(3) soc=70% turnSignal=1 doorLock=locked beltWarn=OK highBeam=ON coolantTemp=90.0C(warn=NO) batteryWarn=OK
Parsed: seq=1127 time=1786929945283 speed=54 km/h rpm=2150 gear=D(3) soc=70% turnSignal=1 doorLock=locked beltWarn=OK highBeam=ON coolantTemp=90.0C(warn=NO) batteryWarn=OK
Parsed: seq=1128 time=1786929945383 speed=56 km/h rpm=2200 gear=D(3) soc=70% turnSignal=1 doorLock=locked beltWarn=OK highBeam=ON coolantTemp=90.0C(warn=NO) batteryWarn=OK
Parsed: seq=1129 time=1786929945484 speed=58 km/h rpm=2250 gear=D(3) soc=70% turnSignal=1 doorLock=locked beltWarn=OK highBeam=ON coolantTemp=90.0C(warn=NO) batteryWarn=OK
Parsed: seq=1130 time=1786929945586 speed=60 km/h rpm=2300 gear=D(3) soc=70% turnSignal=1 doorLock=locked beltWarn=OK highBeam=ON coolantTemp=90.0C(warn=NO) batteryWarn=OK
Parsed: seq=1131 time=1786929945687 speed=62 km/h rpm=2350 gear=D(3) soc=70% turnSignal=1 doorLock=locked beltWarn=OK highBeam=ON coolantTemp=90.0C(warn=NO) batteryWarn=OK
Parsed: seq=1132 time=1786929945789 speed=64 km/h rpm=2400 gear=D(3) soc=70% turnSignal=1 doorLock=locked beltWarn=OK highBeam=ON coolantTemp=90.0C(warn=NO) batteryWarn=OK
Parsed: seq=1133 time=1786929945891 speed=66 km/h rpm=2450 gear=D(3) soc=70% turnSignal=1 doorLock=locked beltWarn=OK highBeam=ON coolantTemp=90.0C(warn=NO) batteryWarn=OK
Parsed: seq=1134 time=1786929945992 speed=68 km/h rpm=2500 gear=D(3) soc=70% turnSignal=1 doorLock=locked beltWarn=OK highBeam=ON coolantTemp=90.0C(warn=NO) batteryWarn=OK
Parsed: seq=1135 time=1786929946094 speed=70 km/h rpm=2550 gear=D(3) soc=70% turnSignal=1 doorLock=locked beltWarn=OK highBeam=ON coolantTemp=90.0C(warn=NO) batteryWarn=OK
Parsed: seq=1136 time=1786929946195 speed=72 km/h rpm=2600 gear=D(3) soc=70% turnSignal=1 doorLock=locked beltWarn=OK highBeam=ON coolantTemp=90.0C(warn=NO) batteryWarn=OK
Parsed: seq=1137 time=1786929946297 speed=74 km/h rpm=2650 gear=D(3) soc=70% turnSignal=1 doorLock=locked beltWarn=OK highBeam=ON coolantTemp=90.0C(warn=NO) batteryWarn=OK
Parsed: seq=1138 time=1786929946398 speed=76 km/h rpm=2700 gear=D(3) soc=70% turnSignal=1 doorLock=locked beltWarn=OK highBeam=ON coolantTemp=90.0C(warn=NO) batteryWarn=OK
Parsed: seq=1139 time=1786929946498 speed=78 km/h rpm=2750 gear=D(3) soc=70% turnSignal=1 doorLock=locked beltWarn=OK highBeam=ON coolantTemp=90.0C(warn=NO) batteryWarn=OK
Parsed: seq=1140 time=1786929946599 speed=80 km/h rpm=2800 gear=D(3) soc=70% turnSignal=2 doorLock=locked beltWarn=OK highBeam=ON coolantTemp=90.0C(warn=NO) batteryWarn=OK
Parsed: seq=1141 time=1786929946700 speed=82 km/h rpm=2850 gear=D(3) soc=70% turnSignal=2 doorLock=locked beltWarn=OK highBeam=ON coolantTemp=90.0C(warn=NO) batteryWarn=OK
Parsed: seq=1142 time=1786929946801 speed=84 km/h rpm=2900 gear=D(3) soc=70% turnSignal=2 doorLock=locked beltWarn=OK highBeam=ON coolantTemp=90.0C(warn=NO) batteryWarn=OK
Parsed: seq=1143 time=1786929946902 speed=86 km/h rpm=2950 gear=D(3) soc=70% turnSignal=2 doorLock=locked beltWarn=OK highBeam=ON coolantTemp=90.0C(warn=NO) batteryWarn=OK
Parsed: seq=1144 time=1786929947003 speed=88 km/h rpm=3000 gear=D(3) soc=70% turnSignal=2 doorLock=locked beltWarn=OK highBeam=ON coolantTemp=90.0C(warn=NO) batteryWarn=OK
Parsed: seq=1145 time=1786929947105 speed=90 km/h rpm=3050 gear=D(3) soc=70% turnSignal=2 doorLock=locked beltWarn=OK highBeam=ON coolantTemp=90.0C(warn=NO) batteryWarn=OK
Parsed: seq=1146 time=1786929947206 speed=92 km/h rpm=3100 gear=D(3) soc=70% turnSignal=2 doorLock=locked beltWarn=OK highBeam=ON coolantTemp=90.0C(warn=NO) batteryWarn=OK
Parsed: seq=1147 time=1786929947307 speed=94 km/h rpm=3150 gear=D(3) soc=70% turnSignal=2 doorLock=locked beltWarn=OK highBeam=ON coolantTemp=90.0C(warn=NO) batteryWarn=OK
Parsed: seq=1148 time=1786929947408 speed=96 km/h rpm=3200 gear=D(3) soc=70% turnSignal=2 doorLock=locked beltWarn=OK highBeam=ON coolantTemp=90.0C(warn=NO) batteryWarn=OK
Parsed: seq=1149 time=1786929947511 speed=98 km/h rpm=3250 gear=D(3) soc=70% turnSignal=2 doorLock=locked beltWarn=OK highBeam=ON coolantTemp=90.0C(warn=NO) batteryWarn=OK
Parsed: seq=1150 time=1786929947612 speed=100 km/h rpm=3300 gear=D(3) soc=70% turnSignal=2 doorLock=locked beltWarn=OK highBeam=OFF coolantTemp=90.0C(warn=NO) batteryWarn=OK
Parsed: seq=1151 time=1786929947713 speed=98 km/h rpm=3250 gear=D(3) soc=70% turnSignal=2 doorLock=locked beltWarn=OK highBeam=OFF coolantTemp=90.0C(warn=NO) batteryWarn=OK
Parsed: seq=1152 time=1786929947813 speed=96 km/h rpm=3200 gear=D(3) soc=70% turnSignal=2 doorLock=locked beltWarn=OK highBeam=OFF coolantTemp=90.0C(warn=NO) batteryWarn=OK
Parsed: seq=1153 time=1786929947914 speed=94 km/h rpm=3150 gear=D(3) soc=70% turnSignal=2 doorLock=locked beltWarn=OK highBeam=OFF coolantTemp=90.0C(warn=NO) batteryWarn=OK
Parsed: seq=1154 time=1786929948015 speed=92 km/h rpm=3100 gear=D(3) soc=70% turnSignal=2 doorLock=locked beltWarn=OK highBeam=OFF coolantTemp=90.0C(warn=NO) batteryWarn=OK
Parsed: seq=1155 time=1786929948116 speed=90 km/h rpm=3050 gear=D(3) soc=70% turnSignal=2 doorLock=locked beltWarn=OK highBeam=OFF coolantTemp=90.0C(warn=NO) batteryWarn=OK
Parsed: seq=1156 time=1786929948217 speed=88 km/h rpm=3000 gear=D(3) soc=70% turnSignal=2 doorLock=locked beltWarn=OK highBeam=OFF coolantTemp=90.0C(warn=NO) batteryWarn=OK
Parsed: seq=1157 time=1786929948319 speed=86 km/h rpm=2950 gear=D(3) soc=70% turnSignal=2 doorLock=locked beltWarn=OK highBeam=OFF coolantTemp=90.0C(warn=NO) batteryWarn=OK
Parsed: seq=1158 time=1786929948421 speed=84 km/h rpm=2900 gear=D(3) soc=70% turnSignal=2 doorLock=locked beltWarn=OK highBeam=OFF coolantTemp=90.0C(warn=NO) batteryWarn=OK
Parsed: seq=1159 time=1786929948523 speed=82 km/h rpm=2850 gear=D(3) soc=70% turnSignal=2 doorLock=locked beltWarn=OK highBeam=OFF coolantTemp=90.0C(warn=NO) batteryWarn=OK
Parsed: seq=1160 time=1786929948625 speed=80 km/h rpm=2800 gear=D(3) soc=70% turnSignal=2 doorLock=locked beltWarn=OK highBeam=OFF coolantTemp=90.0C(warn=NO) batteryWarn=OK
Parsed: seq=1161 time=1786929948726 speed=78 km/h rpm=2750 gear=D(3) soc=70% turnSignal=2 doorLock=locked beltWarn=OK highBeam=OFF coolantTemp=90.0C(warn=NO) batteryWarn=OK
Parsed: seq=1162 time=1786929948826 speed=76 km/h rpm=2700 gear=D(3) soc=70% turnSignal=2 doorLock=locked beltWarn=OK highBeam=OFF coolantTemp=90.0C(warn=NO) batteryWarn=OK
Parsed: seq=1163 time=1786929948928 speed=74 km/h rpm=2650 gear=D(3) soc=70% turnSignal=2 doorLock=locked beltWarn=OK highBeam=OFF coolantTemp=90.0C(warn=NO) batteryWarn=OK
Parsed: seq=1164 time=1786929949029 speed=72 km/h rpm=2600 gear=D(3) soc=70% turnSignal=2 doorLock=locked beltWarn=OK highBeam=OFF coolantTemp=90.0C(warn=NO) batteryWarn=OK
Parsed: seq=1165 time=1786929949130 speed=70 km/h rpm=2550 gear=D(3) soc=70% turnSignal=2 doorLock=locked beltWarn=OK highBeam=OFF coolantTemp=90.0C(warn=NO) batteryWarn=OK
Parsed: seq=1166 time=1786929949230 speed=68 km/h rpm=2500 gear=D(3) soc=70% turnSignal=2 doorLock=locked beltWarn=OK highBeam=OFF coolantTemp=90.0C(warn=NO) batteryWarn=OK
Parsed: seq=1167 time=1786929949332 speed=66 km/h rpm=2450 gear=D(3) soc=70% turnSignal=2 doorLock=locked beltWarn=OK highBeam=OFF coolantTemp=90.0C(warn=NO) batteryWarn=OK
Parsed: seq=1168 time=1786929949433 speed=64 km/h rpm=2400 gear=D(3) soc=70% turnSignal=2 doorLock=locked beltWarn=OK highBeam=OFF coolantTemp=90.0C(warn=NO) batteryWarn=OK
Parsed: seq=1169 time=1786929949534 speed=62 km/h rpm=2350 gear=D(3) soc=70% turnSignal=2 doorLock=locked beltWarn=OK highBeam=OFF coolantTemp=90.0C(warn=NO) batteryWarn=OK
Parsed: seq=1170 time=1786929949635 speed=60 km/h rpm=2300 gear=D(3) soc=70% turnSignal=3 doorLock=locked beltWarn=OK highBeam=OFF coolantTemp=90.0C(warn=NO) batteryWarn=OK
Parsed: seq=1171 time=1786929949737 speed=58 km/h rpm=2250 gear=D(3) soc=70% turnSignal=3 doorLock=locked beltWarn=OK highBeam=OFF coolantTemp=90.0C(warn=NO) batteryWarn=OK
Parsed: seq=1172 time=1786929949839 speed=56 km/h rpm=2200 gear=D(3) soc=70% turnSignal=3 doorLock=locked beltWarn=OK highBeam=OFF coolantTemp=90.0C(warn=NO) batteryWarn=OK
Parsed: seq=1173 time=1786929949940 speed=54 km/h rpm=2150 gear=D(3) soc=70% turnSignal=3 doorLock=locked beltWarn=OK highBeam=OFF coolantTemp=90.0C(warn=NO) batteryWarn=OK
Parsed: seq=1174 time=1786929950041 speed=52 km/h rpm=2100 gear=D(3) soc=70% turnSignal=3 doorLock=locked beltWarn=OK highBeam=OFF coolantTemp=90.0C(warn=NO) batteryWarn=OK
Parsed: seq=1175 time=1786929950142 speed=50 km/h rpm=2050 gear=D(3) soc=70% turnSignal=3 doorLock=locked beltWarn=OK highBeam=OFF coolantTemp=90.0C(warn=NO) batteryWarn=OK
Parsed: seq=1176 time=1786929950243 speed=48 km/h rpm=2000 gear=D(3) soc=70% turnSignal=3 doorLock=locked beltWarn=OK highBeam=OFF coolantTemp=90.0C(warn=NO) batteryWarn=OK
Parsed: seq=1177 time=1786929950345 speed=46 km/h rpm=1950 gear=D(3) soc=70% turnSignal=3 doorLock=locked beltWarn=OK highBeam=OFF coolantTemp=90.0C(warn=NO) batteryWarn=OK
Parsed: seq=1178 time=1786929950445 speed=44 km/h rpm=1900 gear=D(3) soc=70% turnSignal=3 doorLock=locked beltWarn=OK highBeam=OFF coolantTemp=90.0C(warn=NO) batteryWarn=OK
Parsed: seq=1179 time=1786929950546 speed=42 km/h rpm=1850 gear=D(3) soc=70% turnSignal=3 doorLock=locked beltWarn=OK highBeam=OFF coolantTemp=90.0C(warn=NO) batteryWarn=OK
Parsed: seq=1180 time=1786929950648 speed=40 km/h rpm=1800 gear=D(3) soc=70% turnSignal=3 doorLock=locked beltWarn=OK highBeam=OFF coolantTemp=90.0C(warn=NO) batteryWarn=OK
Parsed: seq=1181 time=1786929950749 speed=38 km/h rpm=1750 gear=D(3) soc=70% turnSignal=3 doorLock=locked beltWarn=OK highBeam=OFF coolantTemp=90.0C(warn=NO) batteryWarn=OK
Parsed: seq=1182 time=1786929950850 speed=36 km/h rpm=1700 gear=D(3) soc=70% turnSignal=3 doorLock=locked beltWarn=OK highBeam=OFF coolantTemp=90.0C(warn=NO) batteryWarn=OK
Parsed: seq=1183 time=1786929950951 speed=34 km/h rpm=1650 gear=D(3) soc=70% turnSignal=3 doorLock=locked beltWarn=OK highBeam=OFF coolantTemp=90.0C(warn=NO) batteryWarn=OK
Parsed: seq=1184 time=1786929951052 speed=32 km/h rpm=1600 gear=D(3) soc=70% turnSignal=3 doorLock=locked beltWarn=OK highBeam=OFF coolantTemp=90.0C(warn=NO) batteryWarn=OK
Parsed: seq=1185 time=1786929951153 speed=30 km/h rpm=1550 gear=D(3) soc=70% turnSignal=3 doorLock=locked beltWarn=OK highBeam=OFF coolantTemp=90.0C(warn=NO) batteryWarn=OK
Parsed: seq=1186 time=1786929951254 speed=28 km/h rpm=1500 gear=D(3) soc=70% turnSignal=3 doorLock=locked beltWarn=OK highBeam=OFF coolantTemp=90.0C(warn=NO) batteryWarn=OK
Parsed: seq=1187 time=1786929951355 speed=26 km/h rpm=1450 gear=D(3) soc=70% turnSignal=3 doorLock=locked beltWarn=OK highBeam=OFF coolantTemp=90.0C(warn=NO) batteryWarn=OK
Parsed: seq=1188 time=1786929951456 speed=24 km/h rpm=1400 gear=D(3) soc=70% turnSignal=3 doorLock=locked beltWarn=OK highBeam=OFF coolantTemp=90.0C(warn=NO) batteryWarn=OK
Parsed: seq=1189 time=1786929951558 speed=22 km/h rpm=1350 gear=D(3) soc=70% turnSignal=3 doorLock=locked beltWarn=OK highBeam=OFF coolantTemp=90.0C(warn=NO) batteryWarn=OK
Parsed: seq=1190 time=1786929951659 speed=20 km/h rpm=1300 gear=D(3) soc=70% turnSignal=3 doorLock=locked beltWarn=OK highBeam=OFF coolantTemp=90.0C(warn=NO) batteryWarn=OK
Parsed: seq=1191 time=1786929951761 speed=18 km/h rpm=1250 gear=D(3) soc=70% turnSignal=3 doorLock=locked beltWarn=OK highBeam=OFF coolantTemp=90.0C(warn=NO) batteryWarn=OK
Parsed: seq=1192 time=1786929951862 speed=16 km/h rpm=1200 gear=D(3) soc=70% turnSignal=3 doorLock=locked beltWarn=OK highBeam=OFF coolantTemp=90.0C(warn=NO) batteryWarn=OK
Parsed: seq=1193 time=1786929951964 speed=14 km/h rpm=1150 gear=D(3) soc=70% turnSignal=3 doorLock=locked beltWarn=OK highBeam=OFF coolantTemp=90.0C(warn=NO) batteryWarn=OK
Parsed: seq=1194 time=1786929952065 speed=12 km/h rpm=1100 gear=D(3) soc=70% turnSignal=3 doorLock=locked beltWarn=OK highBeam=OFF coolantTemp=90.0C(warn=NO) batteryWarn=OK
Parsed: seq=1195 time=1786929952166 speed=10 km/h rpm=1050 gear=D(3) soc=70% turnSignal=3 doorLock=locked beltWarn=OK highBeam=OFF coolantTemp=90.0C(warn=NO) batteryWarn=OK
Parsed: seq=1196 time=1786929952267 speed=8 km/h rpm=1000 gear=D(3) soc=70% turnSignal=3 doorLock=locked beltWarn=OK highBeam=OFF coolantTemp=90.0C(warn=NO) batteryWarn=OK
Parsed: seq=1197 time=1786929952368 speed=6 km/h rpm=950 gear=D(3) soc=70% turnSignal=3 doorLock=locked beltWarn=OK highBeam=OFF coolantTemp=90.0C(warn=NO) batteryWarn=OK
Parsed: seq=1198 time=1786929952469 speed=4 km/h rpm=900 gear=D(3) soc=70% turnSignal=3 doorLock=locked beltWarn=OK highBeam=OFF coolantTemp=90.0C(warn=NO) batteryWarn=OK
Parsed: seq=1199 time=1786929952571 speed=2 km/h rpm=850 gear=D(3) soc=70% turnSignal=3 doorLock=locked beltWarn=OK highBeam=OFF coolantTemp=90.0C(warn=NO) batteryWarn=OK
Parsed: seq=1200 time=1786929952673 speed=0 km/h rpm=800 gear=P(0) soc=70% turnSignal=0 doorLock=locked beltWarn=WARN highBeam=ON coolantTemp=90.0C(warn=NO) batteryWarn=OK
Parsed: seq=1201 time=1786929952775 speed=2 km/h rpm=850 gear=D(3) soc=70% turnSignal=0 doorLock=locked beltWarn=WARN highBeam=ON coolantTemp=90.0C(warn=NO) batteryWarn=OK
Parsed: seq=1202 time=1786929952876 speed=4 km/h rpm=900 gear=D(3) soc=70% turnSignal=0 doorLock=locked beltWarn=WARN highBeam=ON coolantTemp=90.0C(warn=NO) batteryWarn=OK
Parsed: seq=1203 time=1786929952976 speed=6 km/h rpm=950 gear=D(3) soc=70% turnSignal=0 doorLock=locked beltWarn=WARN highBeam=ON coolantTemp=90.0C(warn=NO) batteryWarn=OK
Parsed: seq=1204 time=1786929953077 speed=8 km/h rpm=1000 gear=D(3) soc=70% turnSignal=0 doorLock=locked beltWarn=WARN highBeam=ON coolantTemp=90.0C(warn=NO) batteryWarn=OK
Parsed: seq=1205 time=1786929953179 speed=10 km/h rpm=1050 gear=D(3) soc=70% turnSignal=0 doorLock=locked beltWarn=WARN highBeam=ON coolantTemp=90.0C(warn=NO) batteryWarn=OK
Parsed: seq=1206 time=1786929953280 speed=12 km/h rpm=1100 gear=D(3) soc=70% turnSignal=0 doorLock=locked beltWarn=WARN highBeam=ON coolantTemp=90.0C(warn=NO) batteryWarn=OK
Parsed: seq=1207 time=1786929953380 speed=14 km/h rpm=1150 gear=D(3) soc=70% turnSignal=0 doorLock=locked beltWarn=WARN highBeam=ON coolantTemp=90.0C(warn=NO) batteryWarn=OK
Parsed: seq=1208 time=1786929953482 speed=16 km/h rpm=1200 gear=D(3) soc=70% turnSignal=0 doorLock=locked beltWarn=WARN highBeam=ON coolantTemp=90.0C(warn=NO) batteryWarn=OK
Parsed: seq=1209 time=1786929953583 speed=18 km/h rpm=1250 gear=D(3) soc=70% turnSignal=0 doorLock=locked beltWarn=WARN highBeam=ON coolantTemp=90.0C(warn=NO) batteryWarn=OK
Parsed: seq=1210 time=1786929953684 speed=20 km/h rpm=1300 gear=D(3) soc=70% turnSignal=0 doorLock=locked beltWarn=WARN highBeam=ON coolantTemp=90.0C(warn=NO) batteryWarn=OK
Parsed: seq=1211 time=1786929953785 speed=22 km/h rpm=1350 gear=D(3) soc=70% turnSignal=0 doorLock=locked beltWarn=WARN highBeam=ON coolantTemp=90.0C(warn=NO) batteryWarn=OK
Parsed: seq=1212 time=1786929953887 speed=24 km/h rpm=1400 gear=D(3) soc=70% turnSignal=0 doorLock=locked beltWarn=WARN highBeam=ON coolantTemp=90.0C(warn=NO) batteryWarn=OK
Parsed: seq=1213 time=1786929953988 speed=26 km/h rpm=1450 gear=D(3) soc=70% turnSignal=0 doorLock=locked beltWarn=WARN highBeam=ON coolantTemp=90.0C(warn=NO) batteryWarn=OK
Parsed: seq=1214 time=1786929954089 speed=28 km/h rpm=1500 gear=D(3) soc=70% turnSignal=0 doorLock=locked beltWarn=WARN highBeam=ON coolantTemp=90.0C(warn=NO) batteryWarn=OK
Parsed: seq=1215 time=1786929954191 speed=30 km/h rpm=1550 gear=D(3) soc=70% turnSignal=0 doorLock=locked beltWarn=WARN highBeam=ON coolantTemp=90.0C(warn=NO) batteryWarn=OK
Parsed: seq=1216 time=1786929954292 speed=32 km/h rpm=1600 gear=D(3) soc=70% turnSignal=0 doorLock=locked beltWarn=WARN highBeam=ON coolantTemp=90.0C(warn=NO) batteryWarn=OK
Parsed: seq=1217 time=1786929954393 speed=34 km/h rpm=1650 gear=D(3) soc=70% turnSignal=0 doorLock=locked beltWarn=WARN highBeam=ON coolantTemp=90.0C(warn=NO) batteryWarn=OK
Parsed: seq=1218 time=1786929954495 speed=36 km/h rpm=1700 gear=D(3) soc=70% turnSignal=0 doorLock=locked beltWarn=WARN highBeam=ON coolantTemp=90.0C(warn=NO) batteryWarn=OK
Parsed: seq=1219 time=1786929954596 speed=38 km/h rpm=1750 gear=D(3) soc=70% turnSignal=0 doorLock=locked beltWarn=WARN highBeam=ON coolantTemp=90.0C(warn=NO) batteryWarn=OK
Parsed: seq=1220 time=1786929954696 speed=40 km/h rpm=1800 gear=D(3) soc=70% turnSignal=0 doorLock=locked beltWarn=WARN highBeam=ON coolantTemp=90.0C(warn=NO) batteryWarn=OK
Parsed: seq=1221 time=1786929954798 speed=42 km/h rpm=1850 gear=D(3) soc=70% turnSignal=0 doorLock=locked beltWarn=WARN highBeam=ON coolantTemp=90.0C(warn=NO) batteryWarn=OK
Parsed: seq=1222 time=1786929954899 speed=44 km/h rpm=1900 gear=D(3) soc=70% turnSignal=0 doorLock=locked beltWarn=WARN highBeam=ON coolantTemp=90.0C(warn=NO) batteryWarn=OK
Parsed: seq=1223 time=1786929955000 speed=46 km/h rpm=1950 gear=D(3) soc=70% turnSignal=0 doorLock=locked beltWarn=WARN highBeam=ON coolantTemp=90.0C(warn=NO) batteryWarn=OK
Parsed: seq=1224 time=1786929955101 speed=48 km/h rpm=2000 gear=D(3) soc=70% turnSignal=0 doorLock=locked beltWarn=WARN highBeam=ON coolantTemp=90.0C(warn=NO) batteryWarn=OK
Parsed: seq=1225 time=1786929955201 speed=50 km/h rpm=2050 gear=D(3) soc=70% turnSignal=0 doorLock=locked beltWarn=WARN highBeam=ON coolantTemp=90.0C(warn=NO) batteryWarn=OK
Parsed: seq=1226 time=1786929955302 speed=52 km/h rpm=2100 gear=D(3) soc=70% turnSignal=0 doorLock=locked beltWarn=WARN highBeam=ON coolantTemp=90.0C(warn=NO) batteryWarn=OK
Parsed: seq=1227 time=1786929955404 speed=54 km/h rpm=2150 gear=D(3) soc=70% turnSignal=0 doorLock=locked beltWarn=WARN highBeam=ON coolantTemp=90.0C(warn=NO) batteryWarn=OK
Parsed: seq=1228 time=1786929955505 speed=56 km/h rpm=2200 gear=D(3) soc=70% turnSignal=0 doorLock=locked beltWarn=WARN highBeam=ON coolantTemp=90.0C(warn=NO) batteryWarn=OK
Parsed: seq=1229 time=1786929955605 speed=58 km/h rpm=2250 gear=D(3) soc=70% turnSignal=0 doorLock=locked beltWarn=WARN highBeam=ON coolantTemp=90.0C(warn=NO) batteryWarn=OK
Parsed: seq=1230 time=1786929955706 speed=60 km/h rpm=2300 gear=D(3) soc=70% turnSignal=1 doorLock=locked beltWarn=WARN highBeam=ON coolantTemp=90.0C(warn=NO) batteryWarn=OK
Parsed: seq=1231 time=1786929955807 speed=62 km/h rpm=2350 gear=D(3) soc=70% turnSignal=1 doorLock=locked beltWarn=WARN highBeam=ON coolantTemp=90.0C(warn=NO) batteryWarn=OK
Parsed: seq=1232 time=1786929955908 speed=64 km/h rpm=2400 gear=D(3) soc=70% turnSignal=1 doorLock=locked beltWarn=WARN highBeam=ON coolantTemp=90.0C(warn=NO) batteryWarn=OK
Parsed: seq=1233 time=1786929956009 speed=66 km/h rpm=2450 gear=D(3) soc=70% turnSignal=1 doorLock=locked beltWarn=WARN highBeam=ON coolantTemp=90.0C(warn=NO) batteryWarn=OK
Parsed: seq=1234 time=1786929956110 speed=68 km/h rpm=2500 gear=D(3) soc=70% turnSignal=1 doorLock=locked beltWarn=WARN highBeam=ON coolantTemp=90.0C(warn=NO) batteryWarn=OK
Parsed: seq=1235 time=1786929956212 speed=70 km/h rpm=2550 gear=D(3) soc=70% turnSignal=1 doorLock=locked beltWarn=WARN highBeam=ON coolantTemp=90.0C(warn=NO) batteryWarn=OK
[VehicleData] TCP disconnected, state invalidated
Client disconnected: 192.168.31.85:57148 (connection closed by peer)
Server stopped
  User time (seconds):                           11.92
  System time (seconds):                         2.68
  Percent of CPU this job got:                   12%
  Elapsed (wall clock) time (h:mm:ss or m:ss):   2:00.06
  Maximum resident set size (kbytes):            116608
  Major (requiring I/O) page faults:             0
  Minor (reclaiming a frame) page faults:        15001

Running png     for 120 seconds: /tmp/dashboard-image-benchmark/png/main
[Warn]  (0.000, +0)      lv_init: Memory integrity checks are enabled via LV_USE_ASSERT_MEM_INTEGRITY which makes LVGL much slower lv_init.c:305
[Warn]  (0.000, +0)      lv_init: Object sanity checks are enabled via LV_USE_ASSERT_OBJ which makes LVGL much slower lv_init.c:309
[Warn]  (0.000, +0)      lv_init: Style sanity checks are enabled that uses more RAM lv_init.c:313
[Warn]  (0.347, +347)    lv_obj_remove_flag: Deprecated: use the dedicated lv_obj_set_<flag>() setters instead, e.g. lv_obj_set_hidden(obj, false). lv_obj.c:432
[Warn]  (0.347, +0)      lv_obj_add_flag: Deprecated: use the dedicated lv_obj_set_<flag>() setters instead, e.g. lv_obj_set_hidden(obj, true). lv_obj.c:380
[Warn]  (0.347, +0)      lv_obj_has_flag: Deprecated: use the dedicated lv_obj_is_<flag>() getters instead, e.g. lv_obj_is_hidden(obj). lv_obj.c:769
Listening on 0.0.0.0:19090
Connected: 192.168.31.85:58420
Parsed: seq=1261 time=1786929958842 speed=78 km/h rpm=2750 gear=D(3) soc=70% turnSignal=2 doorLock=locked beltWarn=WARN highBeam=OFF coolantTemp=90.0C(warn=NO) batteryWarn=OK
Parsed: seq=1262 time=1786929958943 speed=76 km/h rpm=2700 gear=D(3) soc=70% turnSignal=2 doorLock=locked beltWarn=WARN highBeam=OFF coolantTemp=90.0C(warn=NO) batteryWarn=OK
Parsed: seq=1263 time=1786929959045 speed=74 km/h rpm=2650 gear=D(3) soc=70% turnSignal=2 doorLock=locked beltWarn=WARN highBeam=OFF coolantTemp=90.0C(warn=NO) batteryWarn=OK
Parsed: seq=1264 time=1786929959146 speed=72 km/h rpm=2600 gear=D(3) soc=70% turnSignal=2 doorLock=locked beltWarn=WARN highBeam=OFF coolantTemp=90.0C(warn=NO) batteryWarn=OK
Parsed: seq=1265 time=1786929959247 speed=70 km/h rpm=2550 gear=D(3) soc=70% turnSignal=2 doorLock=locked beltWarn=WARN highBeam=OFF coolantTemp=90.0C(warn=NO) batteryWarn=OK
Parsed: seq=1266 time=1786929959349 speed=68 km/h rpm=2500 gear=D(3) soc=70% turnSignal=2 doorLock=locked beltWarn=WARN highBeam=OFF coolantTemp=90.0C(warn=NO) batteryWarn=OK
Parsed: seq=1267 time=1786929959449 speed=66 km/h rpm=2450 gear=D(3) soc=70% turnSignal=2 doorLock=locked beltWarn=WARN highBeam=OFF coolantTemp=90.0C(warn=NO) batteryWarn=OK
Parsed: seq=1268 time=1786929959550 speed=64 km/h rpm=2400 gear=D(3) soc=70% turnSignal=2 doorLock=locked beltWarn=WARN highBeam=OFF coolantTemp=90.0C(warn=NO) batteryWarn=OK
Parsed: seq=1269 time=1786929959652 speed=62 km/h rpm=2350 gear=D(3) soc=70% turnSignal=2 doorLock=locked beltWarn=WARN highBeam=OFF coolantTemp=90.0C(warn=NO) batteryWarn=OK
Parsed: seq=1270 time=1786929959753 speed=60 km/h rpm=2300 gear=D(3) soc=70% turnSignal=2 doorLock=locked beltWarn=WARN highBeam=OFF coolantTemp=90.0C(warn=NO) batteryWarn=OK
Parsed: seq=1271 time=1786929959855 speed=58 km/h rpm=2250 gear=D(3) soc=70% turnSignal=2 doorLock=locked beltWarn=WARN highBeam=OFF coolantTemp=90.0C(warn=NO) batteryWarn=OK
Parsed: seq=1272 time=1786929959956 speed=56 km/h rpm=2200 gear=D(3) soc=70% turnSignal=2 doorLock=locked beltWarn=WARN highBeam=OFF coolantTemp=90.0C(warn=NO) batteryWarn=OK
Parsed: seq=1273 time=1786929960056 speed=54 km/h rpm=2150 gear=D(3) soc=70% turnSignal=2 doorLock=locked beltWarn=WARN highBeam=OFF coolantTemp=90.0C(warn=NO) batteryWarn=OK
Parsed: seq=1274 time=1786929960157 speed=52 km/h rpm=2100 gear=D(3) soc=70% turnSignal=2 doorLock=locked beltWarn=WARN highBeam=OFF coolantTemp=90.0C(warn=NO) batteryWarn=OK
Parsed: seq=1275 time=1786929960259 speed=50 km/h rpm=2050 gear=D(3) soc=70% turnSignal=2 doorLock=locked beltWarn=WARN highBeam=OFF coolantTemp=90.0C(warn=NO) batteryWarn=OK
Parsed: seq=1276 time=1786929960359 speed=48 km/h rpm=2000 gear=D(3) soc=70% turnSignal=2 doorLock=locked beltWarn=WARN highBeam=OFF coolantTemp=90.0C(warn=NO) batteryWarn=OK
Parsed: seq=1277 time=1786929960460 speed=46 km/h rpm=1950 gear=D(3) soc=70% turnSignal=2 doorLock=locked beltWarn=WARN highBeam=OFF coolantTemp=90.0C(warn=NO) batteryWarn=OK
Parsed: seq=1278 time=1786929960561 speed=44 km/h rpm=1900 gear=D(3) soc=70% turnSignal=2 doorLock=locked beltWarn=WARN highBeam=OFF coolantTemp=90.0C(warn=NO) batteryWarn=OK
Parsed: seq=1279 time=1786929960662 speed=42 km/h rpm=1850 gear=D(3) soc=70% turnSignal=2 doorLock=locked beltWarn=WARN highBeam=OFF coolantTemp=90.0C(warn=NO) batteryWarn=OK
Parsed: seq=1280 time=1786929960763 speed=40 km/h rpm=1800 gear=D(3) soc=70% turnSignal=2 doorLock=locked beltWarn=WARN highBeam=OFF coolantTemp=90.0C(warn=NO) batteryWarn=OK
Parsed: seq=1281 time=1786929960864 speed=38 km/h rpm=1750 gear=D(3) soc=70% turnSignal=2 doorLock=locked beltWarn=WARN highBeam=OFF coolantTemp=90.0C(warn=NO) batteryWarn=OK
Parsed: seq=1282 time=1786929960965 speed=36 km/h rpm=1700 gear=D(3) soc=70% turnSignal=2 doorLock=locked beltWarn=WARN highBeam=OFF coolantTemp=90.0C(warn=NO) batteryWarn=OK
Parsed: seq=1283 time=1786929961067 speed=34 km/h rpm=1650 gear=D(3) soc=70% turnSignal=2 doorLock=locked beltWarn=WARN highBeam=OFF coolantTemp=90.0C(warn=NO) batteryWarn=OK
Parsed: seq=1284 time=1786929961168 speed=32 km/h rpm=1600 gear=D(3) soc=70% turnSignal=2 doorLock=locked beltWarn=WARN highBeam=OFF coolantTemp=90.0C(warn=NO) batteryWarn=OK
Parsed: seq=1285 time=1786929961268 speed=30 km/h rpm=1550 gear=D(3) soc=70% turnSignal=2 doorLock=locked beltWarn=WARN highBeam=OFF coolantTemp=90.0C(warn=NO) batteryWarn=OK
Parsed: seq=1286 time=1786929961369 speed=28 km/h rpm=1500 gear=D(3) soc=70% turnSignal=2 doorLock=locked beltWarn=WARN highBeam=OFF coolantTemp=90.0C(warn=NO) batteryWarn=OK
Parsed: seq=1287 time=1786929961471 speed=26 km/h rpm=1450 gear=D(3) soc=70% turnSignal=2 doorLock=locked beltWarn=WARN highBeam=OFF coolantTemp=90.0C(warn=NO) batteryWarn=OK
Parsed: seq=1288 time=1786929961572 speed=24 km/h rpm=1400 gear=D(3) soc=70% turnSignal=2 doorLock=locked beltWarn=WARN highBeam=OFF coolantTemp=90.0C(warn=NO) batteryWarn=OK
Parsed: seq=1289 time=1786929961674 speed=22 km/h rpm=1350 gear=D(3) soc=70% turnSignal=2 doorLock=locked beltWarn=WARN highBeam=OFF coolantTemp=90.0C(warn=NO) batteryWarn=OK
Parsed: seq=1290 time=1786929961775 speed=20 km/h rpm=1300 gear=D(3) soc=70% turnSignal=3 doorLock=locked beltWarn=WARN highBeam=OFF coolantTemp=90.0C(warn=NO) batteryWarn=OK
Parsed: seq=1291 time=1786929961876 speed=18 km/h rpm=1250 gear=D(3) soc=70% turnSignal=3 doorLock=locked beltWarn=WARN highBeam=OFF coolantTemp=90.0C(warn=NO) batteryWarn=OK
Parsed: seq=1292 time=1786929961977 speed=16 km/h rpm=1200 gear=D(3) soc=70% turnSignal=3 doorLock=locked beltWarn=WARN highBeam=OFF coolantTemp=90.0C(warn=NO) batteryWarn=OK
Parsed: seq=1293 time=1786929962079 speed=14 km/h rpm=1150 gear=D(3) soc=70% turnSignal=3 doorLock=locked beltWarn=WARN highBeam=OFF coolantTemp=90.0C(warn=NO) batteryWarn=OK
Parsed: seq=1294 time=1786929962180 speed=12 km/h rpm=1100 gear=D(3) soc=70% turnSignal=3 doorLock=locked beltWarn=WARN highBeam=OFF coolantTemp=90.0C(warn=NO) batteryWarn=OK
Parsed: seq=1295 time=1786929962280 speed=10 km/h rpm=1050 gear=D(3) soc=70% turnSignal=3 doorLock=locked beltWarn=WARN highBeam=OFF coolantTemp=90.0C(warn=NO) batteryWarn=OK
Parsed: seq=1296 time=1786929962382 speed=8 km/h rpm=1000 gear=D(3) soc=70% turnSignal=3 doorLock=locked beltWarn=WARN highBeam=OFF coolantTemp=90.0C(warn=NO) batteryWarn=OK
Parsed: seq=1297 time=1786929962483 speed=6 km/h rpm=950 gear=D(3) soc=70% turnSignal=3 doorLock=locked beltWarn=WARN highBeam=OFF coolantTemp=90.0C(warn=NO) batteryWarn=OK
Parsed: seq=1298 time=1786929962584 speed=4 km/h rpm=900 gear=D(3) soc=70% turnSignal=3 doorLock=locked beltWarn=WARN highBeam=OFF coolantTemp=90.0C(warn=NO) batteryWarn=OK
Parsed: seq=1299 time=1786929962685 speed=2 km/h rpm=850 gear=D(3) soc=70% turnSignal=3 doorLock=locked beltWarn=WARN highBeam=OFF coolantTemp=90.0C(warn=NO) batteryWarn=OK
Parsed: seq=1300 time=1786929962787 speed=0 km/h rpm=800 gear=P(0) soc=70% turnSignal=3 doorLock=locked beltWarn=WARN highBeam=ON coolantTemp=90.0C(warn=NO) batteryWarn=OK
Parsed: seq=1301 time=1786929962888 speed=2 km/h rpm=850 gear=D(3) soc=70% turnSignal=3 doorLock=locked beltWarn=WARN highBeam=ON coolantTemp=90.0C(warn=NO) batteryWarn=OK
Parsed: seq=1302 time=1786929962990 speed=4 km/h rpm=900 gear=D(3) soc=70% turnSignal=3 doorLock=locked beltWarn=WARN highBeam=ON coolantTemp=90.0C(warn=NO) batteryWarn=OK
Parsed: seq=1303 time=1786929963091 speed=6 km/h rpm=950 gear=D(3) soc=70% turnSignal=3 doorLock=locked beltWarn=WARN highBeam=ON coolantTemp=90.0C(warn=NO) batteryWarn=OK
Parsed: seq=1304 time=1786929963192 speed=8 km/h rpm=1000 gear=D(3) soc=70% turnSignal=3 doorLock=locked beltWarn=WARN highBeam=ON coolantTemp=90.0C(warn=NO) batteryWarn=OK
Parsed: seq=1305 time=1786929963293 speed=10 km/h rpm=1050 gear=D(3) soc=70% turnSignal=3 doorLock=locked beltWarn=WARN highBeam=ON coolantTemp=90.0C(warn=NO) batteryWarn=OK
Parsed: seq=1306 time=1786929963395 speed=12 km/h rpm=1100 gear=D(3) soc=70% turnSignal=3 doorLock=locked beltWarn=WARN highBeam=ON coolantTemp=90.0C(warn=NO) batteryWarn=OK
Parsed: seq=1307 time=1786929963496 speed=14 km/h rpm=1150 gear=D(3) soc=70% turnSignal=3 doorLock=locked beltWarn=WARN highBeam=ON coolantTemp=90.0C(warn=NO) batteryWarn=OK
Parsed: seq=1308 time=1786929963598 speed=16 km/h rpm=1200 gear=D(3) soc=70% turnSignal=3 doorLock=locked beltWarn=WARN highBeam=ON coolantTemp=90.0C(warn=NO) batteryWarn=OK
Parsed: seq=1309 time=1786929963699 speed=18 km/h rpm=1250 gear=D(3) soc=70% turnSignal=3 doorLock=locked beltWarn=WARN highBeam=ON coolantTemp=90.0C(warn=NO) batteryWarn=OK
Parsed: seq=1310 time=1786929963801 speed=20 km/h rpm=1300 gear=D(3) soc=70% turnSignal=3 doorLock=locked beltWarn=WARN highBeam=ON coolantTemp=90.0C(warn=NO) batteryWarn=OK
Parsed: seq=1311 time=1786929963902 speed=22 km/h rpm=1350 gear=D(3) soc=70% turnSignal=3 doorLock=locked beltWarn=WARN highBeam=ON coolantTemp=90.0C(warn=NO) batteryWarn=OK
Parsed: seq=1312 time=1786929964004 speed=24 km/h rpm=1400 gear=D(3) soc=70% turnSignal=3 doorLock=locked beltWarn=WARN highBeam=ON coolantTemp=90.0C(warn=NO) batteryWarn=OK
Parsed: seq=1313 time=1786929964105 speed=26 km/h rpm=1450 gear=D(3) soc=70% turnSignal=3 doorLock=locked beltWarn=WARN highBeam=ON coolantTemp=90.0C(warn=NO) batteryWarn=OK
Parsed: seq=1314 time=1786929964207 speed=28 km/h rpm=1500 gear=D(3) soc=70% turnSignal=3 doorLock=locked beltWarn=WARN highBeam=ON coolantTemp=90.0C(warn=NO) batteryWarn=OK
Parsed: seq=1315 time=1786929964308 speed=30 km/h rpm=1550 gear=D(3) soc=70% turnSignal=3 doorLock=locked beltWarn=WARN highBeam=ON coolantTemp=90.0C(warn=NO) batteryWarn=OK
Parsed: seq=1316 time=1786929964410 speed=32 km/h rpm=1600 gear=D(3) soc=70% turnSignal=3 doorLock=locked beltWarn=WARN highBeam=ON coolantTemp=90.0C(warn=NO) batteryWarn=OK
Parsed: seq=1317 time=1786929964512 speed=34 km/h rpm=1650 gear=D(3) soc=70% turnSignal=3 doorLock=locked beltWarn=WARN highBeam=ON coolantTemp=90.0C(warn=NO) batteryWarn=OK
Parsed: seq=1318 time=1786929964613 speed=36 km/h rpm=1700 gear=D(3) soc=70% turnSignal=3 doorLock=locked beltWarn=WARN highBeam=ON coolantTemp=90.0C(warn=NO) batteryWarn=OK
Parsed: seq=1319 time=1786929964714 speed=38 km/h rpm=1750 gear=D(3) soc=70% turnSignal=3 doorLock=locked beltWarn=WARN highBeam=ON coolantTemp=90.0C(warn=NO) batteryWarn=OK
Parsed: seq=1320 time=1786929964815 speed=40 km/h rpm=1800 gear=D(3) soc=70% turnSignal=0 doorLock=locked beltWarn=WARN highBeam=ON coolantTemp=90.0C(warn=NO) batteryWarn=OK
Parsed: seq=1321 time=1786929964917 speed=42 km/h rpm=1850 gear=D(3) soc=70% turnSignal=0 doorLock=locked beltWarn=WARN highBeam=ON coolantTemp=90.0C(warn=NO) batteryWarn=OK
Parsed: seq=1322 time=1786929965018 speed=44 km/h rpm=1900 gear=D(3) soc=70% turnSignal=0 doorLock=locked beltWarn=WARN highBeam=ON coolantTemp=90.0C(warn=NO) batteryWarn=OK
Parsed: seq=1323 time=1786929965119 speed=46 km/h rpm=1950 gear=D(3) soc=70% turnSignal=0 doorLock=locked beltWarn=WARN highBeam=ON coolantTemp=90.0C(warn=NO) batteryWarn=OK
Parsed: seq=1324 time=1786929965220 speed=48 km/h rpm=2000 gear=D(3) soc=70% turnSignal=0 doorLock=locked beltWarn=WARN highBeam=ON coolantTemp=90.0C(warn=NO) batteryWarn=OK
Parsed: seq=1325 time=1786929965322 speed=50 km/h rpm=2050 gear=D(3) soc=70% turnSignal=0 doorLock=locked beltWarn=WARN highBeam=ON coolantTemp=90.0C(warn=NO) batteryWarn=OK
Parsed: seq=1326 time=1786929965423 speed=52 km/h rpm=2100 gear=D(3) soc=70% turnSignal=0 doorLock=locked beltWarn=WARN highBeam=ON coolantTemp=90.0C(warn=NO) batteryWarn=OK
Parsed: seq=1327 time=1786929965524 speed=54 km/h rpm=2150 gear=D(3) soc=70% turnSignal=0 doorLock=locked beltWarn=WARN highBeam=ON coolantTemp=90.0C(warn=NO) batteryWarn=OK
Parsed: seq=1328 time=1786929965625 speed=56 km/h rpm=2200 gear=D(3) soc=70% turnSignal=0 doorLock=locked beltWarn=WARN highBeam=ON coolantTemp=90.0C(warn=NO) batteryWarn=OK
Parsed: seq=1329 time=1786929965726 speed=58 km/h rpm=2250 gear=D(3) soc=70% turnSignal=0 doorLock=locked beltWarn=WARN highBeam=ON coolantTemp=90.0C(warn=NO) batteryWarn=OK
Parsed: seq=1330 time=1786929965828 speed=60 km/h rpm=2300 gear=D(3) soc=70% turnSignal=0 doorLock=locked beltWarn=WARN highBeam=ON coolantTemp=90.0C(warn=NO) batteryWarn=OK
Parsed: seq=1331 time=1786929965928 speed=62 km/h rpm=2350 gear=D(3) soc=70% turnSignal=0 doorLock=locked beltWarn=WARN highBeam=ON coolantTemp=90.0C(warn=NO) batteryWarn=OK
Parsed: seq=1332 time=1786929966029 speed=64 km/h rpm=2400 gear=D(3) soc=70% turnSignal=0 doorLock=locked beltWarn=WARN highBeam=ON coolantTemp=90.0C(warn=NO) batteryWarn=OK
Parsed: seq=1333 time=1786929966131 speed=66 km/h rpm=2450 gear=D(3) soc=70% turnSignal=0 doorLock=locked beltWarn=WARN highBeam=ON coolantTemp=90.0C(warn=NO) batteryWarn=OK
Parsed: seq=1334 time=1786929966233 speed=68 km/h rpm=2500 gear=D(3) soc=70% turnSignal=0 doorLock=locked beltWarn=WARN highBeam=ON coolantTemp=90.0C(warn=NO) batteryWarn=OK
Parsed: seq=1335 time=1786929966335 speed=70 km/h rpm=2550 gear=D(3) soc=70% turnSignal=0 doorLock=locked beltWarn=WARN highBeam=ON coolantTemp=90.0C(warn=NO) batteryWarn=OK
Parsed: seq=1336 time=1786929966435 speed=72 km/h rpm=2600 gear=D(3) soc=70% turnSignal=0 doorLock=locked beltWarn=WARN highBeam=ON coolantTemp=90.0C(warn=NO) batteryWarn=OK
Parsed: seq=1337 time=1786929966537 speed=74 km/h rpm=2650 gear=D(3) soc=70% turnSignal=0 doorLock=locked beltWarn=WARN highBeam=ON coolantTemp=90.0C(warn=NO) batteryWarn=OK
Parsed: seq=1338 time=1786929966638 speed=76 km/h rpm=2700 gear=D(3) soc=70% turnSignal=0 doorLock=locked beltWarn=WARN highBeam=ON coolantTemp=90.0C(warn=NO) batteryWarn=OK
Parsed: seq=1339 time=1786929966740 speed=78 km/h rpm=2750 gear=D(3) soc=70% turnSignal=0 doorLock=locked beltWarn=WARN highBeam=ON coolantTemp=90.0C(warn=NO) batteryWarn=OK
Parsed: seq=1340 time=1786929966841 speed=80 km/h rpm=2800 gear=D(3) soc=70% turnSignal=0 doorLock=locked beltWarn=WARN highBeam=ON coolantTemp=90.0C(warn=NO) batteryWarn=OK
Parsed: seq=1341 time=1786929966942 speed=82 km/h rpm=2850 gear=D(3) soc=70% turnSignal=0 doorLock=locked beltWarn=WARN highBeam=ON coolantTemp=90.0C(warn=NO) batteryWarn=OK
Parsed: seq=1342 time=1786929967043 speed=84 km/h rpm=2900 gear=D(3) soc=70% turnSignal=0 doorLock=locked beltWarn=WARN highBeam=ON coolantTemp=90.0C(warn=NO) batteryWarn=OK
Parsed: seq=1343 time=1786929967144 speed=86 km/h rpm=2950 gear=D(3) soc=70% turnSignal=0 doorLock=locked beltWarn=WARN highBeam=ON coolantTemp=90.0C(warn=NO) batteryWarn=OK
Parsed: seq=1344 time=1786929967246 speed=88 km/h rpm=3000 gear=D(3) soc=70% turnSignal=0 doorLock=locked beltWarn=WARN highBeam=ON coolantTemp=90.0C(warn=NO) batteryWarn=OK
Parsed: seq=1345 time=1786929967347 speed=90 km/h rpm=3050 gear=D(3) soc=70% turnSignal=0 doorLock=locked beltWarn=WARN highBeam=ON coolantTemp=90.0C(warn=NO) batteryWarn=OK
Parsed: seq=1346 time=1786929967448 speed=92 km/h rpm=3100 gear=D(3) soc=70% turnSignal=0 doorLock=locked beltWarn=WARN highBeam=ON coolantTemp=90.0C(warn=NO) batteryWarn=OK
Parsed: seq=1347 time=1786929967549 speed=94 km/h rpm=3150 gear=D(3) soc=70% turnSignal=0 doorLock=locked beltWarn=WARN highBeam=ON coolantTemp=90.0C(warn=NO) batteryWarn=OK
Parsed: seq=1348 time=1786929967650 speed=96 km/h rpm=3200 gear=D(3) soc=70% turnSignal=0 doorLock=locked beltWarn=WARN highBeam=ON coolantTemp=90.0C(warn=NO) batteryWarn=OK
Parsed: seq=1349 time=1786929967752 speed=98 km/h rpm=3250 gear=D(3) soc=70% turnSignal=0 doorLock=locked beltWarn=WARN highBeam=ON coolantTemp=90.0C(warn=NO) batteryWarn=OK
Parsed: seq=1350 time=1786929967853 speed=100 km/h rpm=3300 gear=D(3) soc=70% turnSignal=1 doorLock=unlocked beltWarn=WARN highBeam=OFF coolantTemp=90.0C(warn=NO) batteryWarn=OK
Parsed: seq=1351 time=1786929967955 speed=98 km/h rpm=3250 gear=D(3) soc=70% turnSignal=1 doorLock=unlocked beltWarn=WARN highBeam=OFF coolantTemp=90.0C(warn=NO) batteryWarn=OK
Parsed: seq=1352 time=1786929968056 speed=96 km/h rpm=3200 gear=D(3) soc=70% turnSignal=1 doorLock=unlocked beltWarn=WARN highBeam=OFF coolantTemp=90.0C(warn=NO) batteryWarn=OK
Parsed: seq=1353 time=1786929968157 speed=94 km/h rpm=3150 gear=D(3) soc=70% turnSignal=1 doorLock=unlocked beltWarn=WARN highBeam=OFF coolantTemp=90.0C(warn=NO) batteryWarn=OK
Parsed: seq=1354 time=1786929968259 speed=92 km/h rpm=3100 gear=D(3) soc=70% turnSignal=1 doorLock=unlocked beltWarn=WARN highBeam=OFF coolantTemp=90.0C(warn=NO) batteryWarn=OK
Parsed: seq=1355 time=1786929968360 speed=90 km/h rpm=3050 gear=D(3) soc=70% turnSignal=1 doorLock=unlocked beltWarn=WARN highBeam=OFF coolantTemp=90.0C(warn=NO) batteryWarn=OK
Parsed: seq=1356 time=1786929968461 speed=88 km/h rpm=3000 gear=D(3) soc=70% turnSignal=1 doorLock=unlocked beltWarn=WARN highBeam=OFF coolantTemp=90.0C(warn=NO) batteryWarn=OK
Parsed: seq=1357 time=1786929968562 speed=86 km/h rpm=2950 gear=D(3) soc=70% turnSignal=1 doorLock=unlocked beltWarn=WARN highBeam=OFF coolantTemp=90.0C(warn=NO) batteryWarn=OK
Parsed: seq=1358 time=1786929968663 speed=84 km/h rpm=2900 gear=D(3) soc=70% turnSignal=1 doorLock=unlocked beltWarn=WARN highBeam=OFF coolantTemp=90.0C(warn=NO) batteryWarn=OK
Parsed: seq=1359 time=1786929968764 speed=82 km/h rpm=2850 gear=D(3) soc=70% turnSignal=1 doorLock=unlocked beltWarn=WARN highBeam=OFF coolantTemp=90.0C(warn=NO) batteryWarn=OK
Parsed: seq=1360 time=1786929968865 speed=80 km/h rpm=2800 gear=D(3) soc=70% turnSignal=1 doorLock=unlocked beltWarn=WARN highBeam=OFF coolantTemp=90.0C(warn=NO) batteryWarn=OK
Parsed: seq=1361 time=1786929968967 speed=78 km/h rpm=2750 gear=D(3) soc=70% turnSignal=1 doorLock=unlocked beltWarn=WARN highBeam=OFF coolantTemp=90.0C(warn=NO) batteryWarn=OK
Parsed: seq=1362 time=1786929969068 speed=76 km/h rpm=2700 gear=D(3) soc=70% turnSignal=1 doorLock=unlocked beltWarn=WARN highBeam=OFF coolantTemp=90.0C(warn=NO) batteryWarn=OK
Parsed: seq=1363 time=1786929969169 speed=74 km/h rpm=2650 gear=D(3) soc=70% turnSignal=1 doorLock=unlocked beltWarn=WARN highBeam=OFF coolantTemp=90.0C(warn=NO) batteryWarn=OK
Parsed: seq=1364 time=1786929969271 speed=72 km/h rpm=2600 gear=D(3) soc=70% turnSignal=1 doorLock=unlocked beltWarn=WARN highBeam=OFF coolantTemp=90.0C(warn=NO) batteryWarn=OK
Parsed: seq=1365 time=1786929969371 speed=70 km/h rpm=2550 gear=D(3) soc=70% turnSignal=1 doorLock=unlocked beltWarn=WARN highBeam=OFF coolantTemp=90.0C(warn=NO) batteryWarn=OK
Parsed: seq=1366 time=1786929969473 speed=68 km/h rpm=2500 gear=D(3) soc=70% turnSignal=1 doorLock=unlocked beltWarn=WARN highBeam=OFF coolantTemp=90.0C(warn=NO) batteryWarn=OK
Parsed: seq=1367 time=1786929969574 speed=66 km/h rpm=2450 gear=D(3) soc=70% turnSignal=1 doorLock=unlocked beltWarn=WARN highBeam=OFF coolantTemp=90.0C(warn=NO) batteryWarn=OK
Parsed: seq=1368 time=1786929969675 speed=64 km/h rpm=2400 gear=D(3) soc=70% turnSignal=1 doorLock=unlocked beltWarn=WARN highBeam=OFF coolantTemp=90.0C(warn=NO) batteryWarn=OK
Parsed: seq=1369 time=1786929969777 speed=62 km/h rpm=2350 gear=D(3) soc=70% turnSignal=1 doorLock=unlocked beltWarn=WARN highBeam=OFF coolantTemp=90.0C(warn=NO) batteryWarn=OK
Parsed: seq=1370 time=1786929969878 speed=60 km/h rpm=2300 gear=D(3) soc=70% turnSignal=1 doorLock=unlocked beltWarn=WARN highBeam=OFF coolantTemp=90.0C(warn=NO) batteryWarn=OK
Parsed: seq=1371 time=1786929969979 speed=58 km/h rpm=2250 gear=D(3) soc=70% turnSignal=1 doorLock=unlocked beltWarn=WARN highBeam=OFF coolantTemp=90.0C(warn=NO) batteryWarn=OK
Parsed: seq=1372 time=1786929970080 speed=56 km/h rpm=2200 gear=D(3) soc=70% turnSignal=1 doorLock=unlocked beltWarn=WARN highBeam=OFF coolantTemp=90.0C(warn=NO) batteryWarn=OK
Parsed: seq=1373 time=1786929970182 speed=54 km/h rpm=2150 gear=D(3) soc=70% turnSignal=1 doorLock=unlocked beltWarn=WARN highBeam=OFF coolantTemp=90.0C(warn=NO) batteryWarn=OK
Parsed: seq=1374 time=1786929970283 speed=52 km/h rpm=2100 gear=D(3) soc=70% turnSignal=1 doorLock=unlocked beltWarn=WARN highBeam=OFF coolantTemp=90.0C(warn=NO) batteryWarn=OK
Parsed: seq=1375 time=1786929970385 speed=50 km/h rpm=2050 gear=D(3) soc=70% turnSignal=1 doorLock=unlocked beltWarn=WARN highBeam=OFF coolantTemp=90.0C(warn=NO) batteryWarn=OK
Parsed: seq=1376 time=1786929970486 speed=48 km/h rpm=2000 gear=D(3) soc=70% turnSignal=1 doorLock=unlocked beltWarn=WARN highBeam=OFF coolantTemp=90.0C(warn=NO) batteryWarn=OK
Parsed: seq=1377 time=1786929970587 speed=46 km/h rpm=1950 gear=D(3) soc=70% turnSignal=1 doorLock=unlocked beltWarn=WARN highBeam=OFF coolantTemp=90.0C(warn=NO) batteryWarn=OK
Parsed: seq=1378 time=1786929970688 speed=44 km/h rpm=1900 gear=D(3) soc=70% turnSignal=1 doorLock=unlocked beltWarn=WARN highBeam=OFF coolantTemp=90.0C(warn=NO) batteryWarn=OK
Parsed: seq=1379 time=1786929970789 speed=42 km/h rpm=1850 gear=D(3) soc=70% turnSignal=1 doorLock=unlocked beltWarn=WARN highBeam=OFF coolantTemp=90.0C(warn=NO) batteryWarn=OK
Parsed: seq=1380 time=1786929970890 speed=40 km/h rpm=1800 gear=D(3) soc=70% turnSignal=2 doorLock=unlocked beltWarn=WARN highBeam=OFF coolantTemp=90.0C(warn=NO) batteryWarn=OK
Parsed: seq=1381 time=1786929970990 speed=38 km/h rpm=1750 gear=D(3) soc=70% turnSignal=2 doorLock=unlocked beltWarn=WARN highBeam=OFF coolantTemp=90.0C(warn=NO) batteryWarn=OK
Parsed: seq=1382 time=1786929971091 speed=36 km/h rpm=1700 gear=D(3) soc=70% turnSignal=2 doorLock=unlocked beltWarn=WARN highBeam=OFF coolantTemp=90.0C(warn=NO) batteryWarn=OK
Parsed: seq=1383 time=1786929971192 speed=34 km/h rpm=1650 gear=D(3) soc=70% turnSignal=2 doorLock=unlocked beltWarn=WARN highBeam=OFF coolantTemp=90.0C(warn=NO) batteryWarn=OK
Parsed: seq=1384 time=1786929971294 speed=32 km/h rpm=1600 gear=D(3) soc=70% turnSignal=2 doorLock=unlocked beltWarn=WARN highBeam=OFF coolantTemp=90.0C(warn=NO) batteryWarn=OK
Parsed: seq=1385 time=1786929971395 speed=30 km/h rpm=1550 gear=D(3) soc=70% turnSignal=2 doorLock=unlocked beltWarn=WARN highBeam=OFF coolantTemp=90.0C(warn=NO) batteryWarn=OK
Parsed: seq=1386 time=1786929971495 speed=28 km/h rpm=1500 gear=D(3) soc=70% turnSignal=2 doorLock=unlocked beltWarn=WARN highBeam=OFF coolantTemp=90.0C(warn=NO) batteryWarn=OK
Parsed: seq=1387 time=1786929971596 speed=26 km/h rpm=1450 gear=D(3) soc=70% turnSignal=2 doorLock=unlocked beltWarn=WARN highBeam=OFF coolantTemp=90.0C(warn=NO) batteryWarn=OK
Parsed: seq=1388 time=1786929971698 speed=24 km/h rpm=1400 gear=D(3) soc=70% turnSignal=2 doorLock=unlocked beltWarn=WARN highBeam=OFF coolantTemp=90.0C(warn=NO) batteryWarn=OK
Parsed: seq=1389 time=1786929971799 speed=22 km/h rpm=1350 gear=D(3) soc=70% turnSignal=2 doorLock=unlocked beltWarn=WARN highBeam=OFF coolantTemp=90.0C(warn=NO) batteryWarn=OK
Parsed: seq=1390 time=1786929971901 speed=20 km/h rpm=1300 gear=D(3) soc=70% turnSignal=2 doorLock=unlocked beltWarn=WARN highBeam=OFF coolantTemp=90.0C(warn=NO) batteryWarn=OK
Parsed: seq=1391 time=1786929972002 speed=18 km/h rpm=1250 gear=D(3) soc=70% turnSignal=2 doorLock=unlocked beltWarn=WARN highBeam=OFF coolantTemp=90.0C(warn=NO) batteryWarn=OK
Parsed: seq=1392 time=1786929972103 speed=16 km/h rpm=1200 gear=D(3) soc=70% turnSignal=2 doorLock=unlocked beltWarn=WARN highBeam=OFF coolantTemp=90.0C(warn=NO) batteryWarn=OK
Parsed: seq=1393 time=1786929972203 speed=14 km/h rpm=1150 gear=D(3) soc=70% turnSignal=2 doorLock=unlocked beltWarn=WARN highBeam=OFF coolantTemp=90.0C(warn=NO) batteryWarn=OK
Parsed: seq=1394 time=1786929972304 speed=12 km/h rpm=1100 gear=D(3) soc=70% turnSignal=2 doorLock=unlocked beltWarn=WARN highBeam=OFF coolantTemp=90.0C(warn=NO) batteryWarn=OK
Parsed: seq=1395 time=1786929972405 speed=10 km/h rpm=1050 gear=D(3) soc=70% turnSignal=2 doorLock=unlocked beltWarn=WARN highBeam=OFF coolantTemp=90.0C(warn=NO) batteryWarn=OK
Parsed: seq=1396 time=1786929972507 speed=8 km/h rpm=1000 gear=D(3) soc=70% turnSignal=2 doorLock=unlocked beltWarn=WARN highBeam=OFF coolantTemp=90.0C(warn=NO) batteryWarn=OK
Parsed: seq=1397 time=1786929972608 speed=6 km/h rpm=950 gear=D(3) soc=70% turnSignal=2 doorLock=unlocked beltWarn=WARN highBeam=OFF coolantTemp=90.0C(warn=NO) batteryWarn=OK
Parsed: seq=1398 time=1786929972709 speed=4 km/h rpm=900 gear=D(3) soc=70% turnSignal=2 doorLock=unlocked beltWarn=WARN highBeam=OFF coolantTemp=90.0C(warn=NO) batteryWarn=OK
Parsed: seq=1399 time=1786929972811 speed=2 km/h rpm=850 gear=D(3) soc=70% turnSignal=2 doorLock=unlocked beltWarn=WARN highBeam=OFF coolantTemp=90.0C(warn=NO) batteryWarn=OK
Parsed: seq=1400 time=1786929972912 speed=0 km/h rpm=800 gear=P(0) soc=70% turnSignal=2 doorLock=unlocked beltWarn=WARN highBeam=ON coolantTemp=90.0C(warn=NO) batteryWarn=OK
Parsed: seq=1401 time=1786929973013 speed=2 km/h rpm=850 gear=D(3) soc=70% turnSignal=2 doorLock=unlocked beltWarn=WARN highBeam=ON coolantTemp=90.0C(warn=NO) batteryWarn=OK
Parsed: seq=1402 time=1786929973115 speed=4 km/h rpm=900 gear=D(3) soc=70% turnSignal=2 doorLock=unlocked beltWarn=WARN highBeam=ON coolantTemp=90.0C(warn=NO) batteryWarn=OK
Parsed: seq=1403 time=1786929973217 speed=6 km/h rpm=950 gear=D(3) soc=70% turnSignal=2 doorLock=unlocked beltWarn=WARN highBeam=ON coolantTemp=90.0C(warn=NO) batteryWarn=OK
Parsed: seq=1404 time=1786929973318 speed=8 km/h rpm=1000 gear=D(3) soc=70% turnSignal=2 doorLock=unlocked beltWarn=WARN highBeam=ON coolantTemp=90.0C(warn=NO) batteryWarn=OK
Parsed: seq=1405 time=1786929973420 speed=10 km/h rpm=1050 gear=D(3) soc=70% turnSignal=2 doorLock=unlocked beltWarn=WARN highBeam=ON coolantTemp=90.0C(warn=NO) batteryWarn=OK
Parsed: seq=1406 time=1786929973520 speed=12 km/h rpm=1100 gear=D(3) soc=70% turnSignal=2 doorLock=unlocked beltWarn=WARN highBeam=ON coolantTemp=90.0C(warn=NO) batteryWarn=OK
Parsed: seq=1407 time=1786929973622 speed=14 km/h rpm=1150 gear=D(3) soc=70% turnSignal=2 doorLock=unlocked beltWarn=WARN highBeam=ON coolantTemp=90.0C(warn=NO) batteryWarn=OK
Parsed: seq=1408 time=1786929973723 speed=16 km/h rpm=1200 gear=D(3) soc=70% turnSignal=2 doorLock=unlocked beltWarn=WARN highBeam=ON coolantTemp=90.0C(warn=NO) batteryWarn=OK
Parsed: seq=1409 time=1786929973824 speed=18 km/h rpm=1250 gear=D(3) soc=70% turnSignal=2 doorLock=unlocked beltWarn=WARN highBeam=ON coolantTemp=90.0C(warn=NO) batteryWarn=OK
Parsed: seq=1410 time=1786929973925 speed=20 km/h rpm=1300 gear=D(3) soc=70% turnSignal=3 doorLock=unlocked beltWarn=WARN highBeam=ON coolantTemp=90.0C(warn=NO) batteryWarn=OK
Parsed: seq=1411 time=1786929974026 speed=22 km/h rpm=1350 gear=D(3) soc=70% turnSignal=3 doorLock=unlocked beltWarn=WARN highBeam=ON coolantTemp=90.0C(warn=NO) batteryWarn=OK
Parsed: seq=1412 time=1786929974127 speed=24 km/h rpm=1400 gear=D(3) soc=70% turnSignal=3 doorLock=unlocked beltWarn=WARN highBeam=ON coolantTemp=90.0C(warn=NO) batteryWarn=OK
Parsed: seq=1413 time=1786929974228 speed=26 km/h rpm=1450 gear=D(3) soc=70% turnSignal=3 doorLock=unlocked beltWarn=WARN highBeam=ON coolantTemp=90.0C(warn=NO) batteryWarn=OK
Parsed: seq=1414 time=1786929974329 speed=28 km/h rpm=1500 gear=D(3) soc=70% turnSignal=3 doorLock=unlocked beltWarn=WARN highBeam=ON coolantTemp=90.0C(warn=NO) batteryWarn=OK
Parsed: seq=1415 time=1786929974430 speed=30 km/h rpm=1550 gear=D(3) soc=70% turnSignal=3 doorLock=unlocked beltWarn=WARN highBeam=ON coolantTemp=90.0C(warn=NO) batteryWarn=OK
Parsed: seq=1416 time=1786929974531 speed=32 km/h rpm=1600 gear=D(3) soc=70% turnSignal=3 doorLock=unlocked beltWarn=WARN highBeam=ON coolantTemp=90.0C(warn=NO) batteryWarn=OK
Parsed: seq=1417 time=1786929974632 speed=34 km/h rpm=1650 gear=D(3) soc=70% turnSignal=3 doorLock=unlocked beltWarn=WARN highBeam=ON coolantTemp=90.0C(warn=NO) batteryWarn=OK
Parsed: seq=1418 time=1786929974733 speed=36 km/h rpm=1700 gear=D(3) soc=70% turnSignal=3 doorLock=unlocked beltWarn=WARN highBeam=ON coolantTemp=90.0C(warn=NO) batteryWarn=OK
Parsed: seq=1419 time=1786929974834 speed=38 km/h rpm=1750 gear=D(3) soc=70% turnSignal=3 doorLock=unlocked beltWarn=WARN highBeam=ON coolantTemp=90.0C(warn=NO) batteryWarn=OK
Parsed: seq=1420 time=1786929974936 speed=40 km/h rpm=1800 gear=D(3) soc=70% turnSignal=3 doorLock=unlocked beltWarn=WARN highBeam=ON coolantTemp=90.0C(warn=NO) batteryWarn=OK
Parsed: seq=1421 time=1786929975038 speed=42 km/h rpm=1850 gear=D(3) soc=70% turnSignal=3 doorLock=unlocked beltWarn=WARN highBeam=ON coolantTemp=90.0C(warn=NO) batteryWarn=OK
Parsed: seq=1422 time=1786929975139 speed=44 km/h rpm=1900 gear=D(3) soc=70% turnSignal=3 doorLock=unlocked beltWarn=WARN highBeam=ON coolantTemp=90.0C(warn=NO) batteryWarn=OK
Parsed: seq=1423 time=1786929975240 speed=46 km/h rpm=1950 gear=D(3) soc=70% turnSignal=3 doorLock=unlocked beltWarn=WARN highBeam=ON coolantTemp=90.0C(warn=NO) batteryWarn=OK
Parsed: seq=1424 time=1786929975342 speed=48 km/h rpm=2000 gear=D(3) soc=70% turnSignal=3 doorLock=unlocked beltWarn=WARN highBeam=ON coolantTemp=90.0C(warn=NO) batteryWarn=OK
Parsed: seq=1425 time=1786929975443 speed=50 km/h rpm=2050 gear=D(3) soc=70% turnSignal=3 doorLock=unlocked beltWarn=WARN highBeam=ON coolantTemp=90.0C(warn=NO) batteryWarn=OK
Parsed: seq=1426 time=1786929975545 speed=52 km/h rpm=2100 gear=D(3) soc=70% turnSignal=3 doorLock=unlocked beltWarn=WARN highBeam=ON coolantTemp=90.0C(warn=NO) batteryWarn=OK
Parsed: seq=1427 time=1786929975646 speed=54 km/h rpm=2150 gear=D(3) soc=70% turnSignal=3 doorLock=unlocked beltWarn=WARN highBeam=ON coolantTemp=90.0C(warn=NO) batteryWarn=OK
Parsed: seq=1428 time=1786929975747 speed=56 km/h rpm=2200 gear=D(3) soc=70% turnSignal=3 doorLock=unlocked beltWarn=WARN highBeam=ON coolantTemp=90.0C(warn=NO) batteryWarn=OK
Parsed: seq=1429 time=1786929975849 speed=58 km/h rpm=2250 gear=D(3) soc=70% turnSignal=3 doorLock=unlocked beltWarn=WARN highBeam=ON coolantTemp=90.0C(warn=NO) batteryWarn=OK
Parsed: seq=1430 time=1786929975951 speed=60 km/h rpm=2300 gear=D(3) soc=70% turnSignal=3 doorLock=unlocked beltWarn=WARN highBeam=ON coolantTemp=90.0C(warn=NO) batteryWarn=OK
Parsed: seq=1431 time=1786929976052 speed=62 km/h rpm=2350 gear=D(3) soc=70% turnSignal=3 doorLock=unlocked beltWarn=WARN highBeam=ON coolantTemp=90.0C(warn=NO) batteryWarn=OK
Parsed: seq=1432 time=1786929976152 speed=64 km/h rpm=2400 gear=D(3) soc=70% turnSignal=3 doorLock=unlocked beltWarn=WARN highBeam=ON coolantTemp=90.0C(warn=NO) batteryWarn=OK
Parsed: seq=1433 time=1786929976254 speed=66 km/h rpm=2450 gear=D(3) soc=70% turnSignal=3 doorLock=unlocked beltWarn=WARN highBeam=ON coolantTemp=90.0C(warn=NO) batteryWarn=OK
Parsed: seq=1434 time=1786929976354 speed=68 km/h rpm=2500 gear=D(3) soc=70% turnSignal=3 doorLock=unlocked beltWarn=WARN highBeam=ON coolantTemp=90.0C(warn=NO) batteryWarn=OK
Parsed: seq=1435 time=1786929976456 speed=70 km/h rpm=2550 gear=D(3) soc=70% turnSignal=3 doorLock=unlocked beltWarn=WARN highBeam=ON coolantTemp=90.0C(warn=NO) batteryWarn=OK
Parsed: seq=1436 time=1786929976557 speed=72 km/h rpm=2600 gear=D(3) soc=70% turnSignal=3 doorLock=unlocked beltWarn=WARN highBeam=ON coolantTemp=90.0C(warn=NO) batteryWarn=OK
Parsed: seq=1437 time=1786929976658 speed=74 km/h rpm=2650 gear=D(3) soc=70% turnSignal=3 doorLock=unlocked beltWarn=WARN highBeam=ON coolantTemp=90.0C(warn=NO) batteryWarn=OK
Parsed: seq=1438 time=1786929976759 speed=76 km/h rpm=2700 gear=D(3) soc=70% turnSignal=3 doorLock=unlocked beltWarn=WARN highBeam=ON coolantTemp=90.0C(warn=NO) batteryWarn=OK
Parsed: seq=1439 time=1786929976860 speed=78 km/h rpm=2750 gear=D(3) soc=70% turnSignal=3 doorLock=unlocked beltWarn=WARN highBeam=ON coolantTemp=90.0C(warn=NO) batteryWarn=OK
Parsed: seq=1440 time=1786929976961 speed=80 km/h rpm=2800 gear=D(3) soc=70% turnSignal=0 doorLock=unlocked beltWarn=WARN highBeam=ON coolantTemp=90.0C(warn=NO) batteryWarn=OK
Parsed: seq=1441 time=1786929977062 speed=82 km/h rpm=2850 gear=D(3) soc=70% turnSignal=0 doorLock=unlocked beltWarn=WARN highBeam=ON coolantTemp=90.0C(warn=NO) batteryWarn=OK
Parsed: seq=1442 time=1786929977162 speed=84 km/h rpm=2900 gear=D(3) soc=70% turnSignal=0 doorLock=unlocked beltWarn=WARN highBeam=ON coolantTemp=90.0C(warn=NO) batteryWarn=OK
Parsed: seq=1443 time=1786929977263 speed=86 km/h rpm=2950 gear=D(3) soc=70% turnSignal=0 doorLock=unlocked beltWarn=WARN highBeam=ON coolantTemp=90.0C(warn=NO) batteryWarn=OK
Parsed: seq=1444 time=1786929977364 speed=88 km/h rpm=3000 gear=D(3) soc=70% turnSignal=0 doorLock=unlocked beltWarn=WARN highBeam=ON coolantTemp=90.0C(warn=NO) batteryWarn=OK
Parsed: seq=1445 time=1786929977465 speed=90 km/h rpm=3050 gear=D(3) soc=70% turnSignal=0 doorLock=unlocked beltWarn=WARN highBeam=ON coolantTemp=90.0C(warn=NO) batteryWarn=OK
Parsed: seq=1446 time=1786929977566 speed=92 km/h rpm=3100 gear=D(3) soc=70% turnSignal=0 doorLock=unlocked beltWarn=WARN highBeam=ON coolantTemp=90.0C(warn=NO) batteryWarn=OK
Parsed: seq=1447 time=1786929977668 speed=94 km/h rpm=3150 gear=D(3) soc=70% turnSignal=0 doorLock=unlocked beltWarn=WARN highBeam=ON coolantTemp=90.0C(warn=NO) batteryWarn=OK
Parsed: seq=1448 time=1786929977769 speed=96 km/h rpm=3200 gear=D(3) soc=70% turnSignal=0 doorLock=unlocked beltWarn=WARN highBeam=ON coolantTemp=90.0C(warn=NO) batteryWarn=OK
Parsed: seq=1449 time=1786929977871 speed=98 km/h rpm=3250 gear=D(3) soc=70% turnSignal=0 doorLock=unlocked beltWarn=WARN highBeam=ON coolantTemp=90.0C(warn=NO) batteryWarn=OK
Parsed: seq=1450 time=1786929977972 speed=100 km/h rpm=3300 gear=D(3) soc=70% turnSignal=0 doorLock=unlocked beltWarn=WARN highBeam=OFF coolantTemp=90.0C(warn=NO) batteryWarn=OK
Parsed: seq=1451 time=1786929978074 speed=98 km/h rpm=3250 gear=D(3) soc=70% turnSignal=0 doorLock=unlocked beltWarn=WARN highBeam=OFF coolantTemp=90.0C(warn=NO) batteryWarn=OK
Parsed: seq=1452 time=1786929978177 speed=96 km/h rpm=3200 gear=D(3) soc=70% turnSignal=0 doorLock=unlocked beltWarn=WARN highBeam=OFF coolantTemp=90.0C(warn=NO) batteryWarn=OK
Parsed: seq=1453 time=1786929978278 speed=94 km/h rpm=3150 gear=D(3) soc=70% turnSignal=0 doorLock=unlocked beltWarn=WARN highBeam=OFF coolantTemp=90.0C(warn=NO) batteryWarn=OK
Parsed: seq=1454 time=1786929978379 speed=92 km/h rpm=3100 gear=D(3) soc=70% turnSignal=0 doorLock=unlocked beltWarn=WARN highBeam=OFF coolantTemp=90.0C(warn=NO) batteryWarn=OK
Parsed: seq=1455 time=1786929978480 speed=90 km/h rpm=3050 gear=D(3) soc=70% turnSignal=0 doorLock=unlocked beltWarn=WARN highBeam=OFF coolantTemp=90.0C(warn=NO) batteryWarn=OK
Parsed: seq=1456 time=1786929978581 speed=88 km/h rpm=3000 gear=D(3) soc=70% turnSignal=0 doorLock=unlocked beltWarn=WARN highBeam=OFF coolantTemp=90.0C(warn=NO) batteryWarn=OK
Parsed: seq=1457 time=1786929978683 speed=86 km/h rpm=2950 gear=D(3) soc=70% turnSignal=0 doorLock=unlocked beltWarn=WARN highBeam=OFF coolantTemp=90.0C(warn=NO) batteryWarn=OK
Parsed: seq=1458 time=1786929978784 speed=84 km/h rpm=2900 gear=D(3) soc=70% turnSignal=0 doorLock=unlocked beltWarn=WARN highBeam=OFF coolantTemp=90.0C(warn=NO) batteryWarn=OK
Parsed: seq=1459 time=1786929978885 speed=82 km/h rpm=2850 gear=D(3) soc=70% turnSignal=0 doorLock=unlocked beltWarn=WARN highBeam=OFF coolantTemp=90.0C(warn=NO) batteryWarn=OK
Parsed: seq=1460 time=1786929978986 speed=80 km/h rpm=2800 gear=D(3) soc=70% turnSignal=0 doorLock=unlocked beltWarn=WARN highBeam=OFF coolantTemp=90.0C(warn=NO) batteryWarn=OK
Parsed: seq=1461 time=1786929979087 speed=78 km/h rpm=2750 gear=D(3) soc=70% turnSignal=0 doorLock=unlocked beltWarn=WARN highBeam=OFF coolantTemp=90.0C(warn=NO) batteryWarn=OK
Parsed: seq=1462 time=1786929979187 speed=76 km/h rpm=2700 gear=D(3) soc=70% turnSignal=0 doorLock=unlocked beltWarn=WARN highBeam=OFF coolantTemp=90.0C(warn=NO) batteryWarn=OK
Parsed: seq=1463 time=1786929979291 speed=74 km/h rpm=2650 gear=D(3) soc=70% turnSignal=0 doorLock=unlocked beltWarn=WARN highBeam=OFF coolantTemp=90.0C(warn=NO) batteryWarn=OK
Parsed: seq=1464 time=1786929979392 speed=72 km/h rpm=2600 gear=D(3) soc=70% turnSignal=0 doorLock=unlocked beltWarn=WARN highBeam=OFF coolantTemp=90.0C(warn=NO) batteryWarn=OK
Parsed: seq=1465 time=1786929979493 speed=70 km/h rpm=2550 gear=D(3) soc=70% turnSignal=0 doorLock=unlocked beltWarn=WARN highBeam=OFF coolantTemp=90.0C(warn=NO) batteryWarn=OK
Parsed: seq=1466 time=1786929979594 speed=68 km/h rpm=2500 gear=D(3) soc=70% turnSignal=0 doorLock=unlocked beltWarn=WARN highBeam=OFF coolantTemp=90.0C(warn=NO) batteryWarn=OK
Parsed: seq=1467 time=1786929979696 speed=66 km/h rpm=2450 gear=D(3) soc=70% turnSignal=0 doorLock=unlocked beltWarn=WARN highBeam=OFF coolantTemp=90.0C(warn=NO) batteryWarn=OK
Parsed: seq=1468 time=1786929979797 speed=64 km/h rpm=2400 gear=D(3) soc=70% turnSignal=0 doorLock=unlocked beltWarn=WARN highBeam=OFF coolantTemp=90.0C(warn=NO) batteryWarn=OK
Parsed: seq=1469 time=1786929979898 speed=62 km/h rpm=2350 gear=D(3) soc=70% turnSignal=0 doorLock=unlocked beltWarn=WARN highBeam=OFF coolantTemp=90.0C(warn=NO) batteryWarn=OK
Parsed: seq=1470 time=1786929980000 speed=60 km/h rpm=2300 gear=D(3) soc=70% turnSignal=1 doorLock=unlocked beltWarn=WARN highBeam=OFF coolantTemp=90.0C(warn=NO) batteryWarn=OK
Parsed: seq=1471 time=1786929980101 speed=58 km/h rpm=2250 gear=D(3) soc=70% turnSignal=1 doorLock=unlocked beltWarn=WARN highBeam=OFF coolantTemp=90.0C(warn=NO) batteryWarn=OK
Parsed: seq=1472 time=1786929980202 speed=56 km/h rpm=2200 gear=D(3) soc=70% turnSignal=1 doorLock=unlocked beltWarn=WARN highBeam=OFF coolantTemp=90.0C(warn=NO) batteryWarn=OK
Parsed: seq=1473 time=1786929980304 speed=54 km/h rpm=2150 gear=D(3) soc=70% turnSignal=1 doorLock=unlocked beltWarn=WARN highBeam=OFF coolantTemp=90.0C(warn=NO) batteryWarn=OK
Parsed: seq=1474 time=1786929980405 speed=52 km/h rpm=2100 gear=D(3) soc=70% turnSignal=1 doorLock=unlocked beltWarn=WARN highBeam=OFF coolantTemp=90.0C(warn=NO) batteryWarn=OK
Parsed: seq=1475 time=1786929980506 speed=50 km/h rpm=2050 gear=D(3) soc=70% turnSignal=1 doorLock=unlocked beltWarn=WARN highBeam=OFF coolantTemp=90.0C(warn=NO) batteryWarn=OK
Parsed: seq=1476 time=1786929980607 speed=48 km/h rpm=2000 gear=D(3) soc=70% turnSignal=1 doorLock=unlocked beltWarn=WARN highBeam=OFF coolantTemp=90.0C(warn=NO) batteryWarn=OK
Parsed: seq=1477 time=1786929980709 speed=46 km/h rpm=1950 gear=D(3) soc=70% turnSignal=1 doorLock=unlocked beltWarn=WARN highBeam=OFF coolantTemp=90.0C(warn=NO) batteryWarn=OK
Parsed: seq=1478 time=1786929980810 speed=44 km/h rpm=1900 gear=D(3) soc=70% turnSignal=1 doorLock=unlocked beltWarn=WARN highBeam=OFF coolantTemp=90.0C(warn=NO) batteryWarn=OK
Parsed: seq=1479 time=1786929980911 speed=42 km/h rpm=1850 gear=D(3) soc=70% turnSignal=1 doorLock=unlocked beltWarn=WARN highBeam=OFF coolantTemp=90.0C(warn=NO) batteryWarn=OK
Parsed: seq=1480 time=1786929981012 speed=40 km/h rpm=1800 gear=D(3) soc=70% turnSignal=1 doorLock=unlocked beltWarn=WARN highBeam=OFF coolantTemp=90.0C(warn=NO) batteryWarn=OK
Parsed: seq=1481 time=1786929981113 speed=38 km/h rpm=1750 gear=D(3) soc=70% turnSignal=1 doorLock=unlocked beltWarn=WARN highBeam=OFF coolantTemp=90.0C(warn=NO) batteryWarn=OK
Parsed: seq=1482 time=1786929981215 speed=36 km/h rpm=1700 gear=D(3) soc=70% turnSignal=1 doorLock=unlocked beltWarn=WARN highBeam=OFF coolantTemp=90.0C(warn=NO) batteryWarn=OK
Parsed: seq=1483 time=1786929981317 speed=34 km/h rpm=1650 gear=D(3) soc=70% turnSignal=1 doorLock=unlocked beltWarn=WARN highBeam=OFF coolantTemp=90.0C(warn=NO) batteryWarn=OK
Parsed: seq=1484 time=1786929981419 speed=32 km/h rpm=1600 gear=D(3) soc=70% turnSignal=1 doorLock=unlocked beltWarn=WARN highBeam=OFF coolantTemp=90.0C(warn=NO) batteryWarn=OK
Parsed: seq=1485 time=1786929981520 speed=30 km/h rpm=1550 gear=D(3) soc=70% turnSignal=1 doorLock=unlocked beltWarn=WARN highBeam=OFF coolantTemp=90.0C(warn=NO) batteryWarn=OK
Parsed: seq=1486 time=1786929981621 speed=28 km/h rpm=1500 gear=D(3) soc=70% turnSignal=1 doorLock=unlocked beltWarn=WARN highBeam=OFF coolantTemp=90.0C(warn=NO) batteryWarn=OK
Parsed: seq=1487 time=1786929981722 speed=26 km/h rpm=1450 gear=D(3) soc=70% turnSignal=1 doorLock=unlocked beltWarn=WARN highBeam=OFF coolantTemp=90.0C(warn=NO) batteryWarn=OK
Parsed: seq=1488 time=1786929981823 speed=24 km/h rpm=1400 gear=D(3) soc=70% turnSignal=1 doorLock=unlocked beltWarn=WARN highBeam=OFF coolantTemp=90.0C(warn=NO) batteryWarn=OK
Parsed: seq=1489 time=1786929981925 speed=22 km/h rpm=1350 gear=D(3) soc=70% turnSignal=1 doorLock=unlocked beltWarn=WARN highBeam=OFF coolantTemp=90.0C(warn=NO) batteryWarn=OK
Parsed: seq=1490 time=1786929982027 speed=20 km/h rpm=1300 gear=D(3) soc=70% turnSignal=1 doorLock=unlocked beltWarn=WARN highBeam=OFF coolantTemp=90.0C(warn=NO) batteryWarn=OK
Parsed: seq=1491 time=1786929982128 speed=18 km/h rpm=1250 gear=D(3) soc=70% turnSignal=1 doorLock=unlocked beltWarn=WARN highBeam=OFF coolantTemp=90.0C(warn=NO) batteryWarn=OK
Parsed: seq=1492 time=1786929982230 speed=16 km/h rpm=1200 gear=D(3) soc=70% turnSignal=1 doorLock=unlocked beltWarn=WARN highBeam=OFF coolantTemp=90.0C(warn=NO) batteryWarn=OK
Parsed: seq=1493 time=1786929982331 speed=14 km/h rpm=1150 gear=D(3) soc=70% turnSignal=1 doorLock=unlocked beltWarn=WARN highBeam=OFF coolantTemp=90.0C(warn=NO) batteryWarn=OK
Parsed: seq=1494 time=1786929982432 speed=12 km/h rpm=1100 gear=D(3) soc=70% turnSignal=1 doorLock=unlocked beltWarn=WARN highBeam=OFF coolantTemp=90.0C(warn=NO) batteryWarn=OK
Parsed: seq=1495 time=1786929982534 speed=10 km/h rpm=1050 gear=D(3) soc=70% turnSignal=1 doorLock=unlocked beltWarn=WARN highBeam=OFF coolantTemp=90.0C(warn=NO) batteryWarn=OK
Parsed: seq=1496 time=1786929982635 speed=8 km/h rpm=1000 gear=D(3) soc=70% turnSignal=1 doorLock=unlocked beltWarn=WARN highBeam=OFF coolantTemp=90.0C(warn=NO) batteryWarn=OK
Parsed: seq=1497 time=1786929982736 speed=6 km/h rpm=950 gear=D(3) soc=70% turnSignal=1 doorLock=unlocked beltWarn=WARN highBeam=OFF coolantTemp=90.0C(warn=NO) batteryWarn=OK
Parsed: seq=1498 time=1786929982837 speed=4 km/h rpm=900 gear=D(3) soc=70% turnSignal=1 doorLock=unlocked beltWarn=WARN highBeam=OFF coolantTemp=90.0C(warn=NO) batteryWarn=OK
Parsed: seq=1499 time=1786929982938 speed=2 km/h rpm=850 gear=D(3) soc=70% turnSignal=1 doorLock=unlocked beltWarn=WARN highBeam=OFF coolantTemp=90.0C(warn=NO) batteryWarn=OK
Parsed: seq=1500 time=1786929983039 speed=0 km/h rpm=800 gear=P(0) soc=70% turnSignal=2 doorLock=unlocked beltWarn=OK highBeam=ON coolantTemp=90.0C(warn=NO) batteryWarn=OK
Parsed: seq=1501 time=1786929983141 speed=2 km/h rpm=850 gear=D(3) soc=70% turnSignal=2 doorLock=unlocked beltWarn=OK highBeam=ON coolantTemp=90.0C(warn=NO) batteryWarn=OK
Parsed: seq=1502 time=1786929983242 speed=4 km/h rpm=900 gear=D(3) soc=70% turnSignal=2 doorLock=unlocked beltWarn=OK highBeam=ON coolantTemp=90.0C(warn=NO) batteryWarn=OK
Parsed: seq=1503 time=1786929983343 speed=6 km/h rpm=950 gear=D(3) soc=70% turnSignal=2 doorLock=unlocked beltWarn=OK highBeam=ON coolantTemp=90.0C(warn=NO) batteryWarn=OK
Parsed: seq=1504 time=1786929983444 speed=8 km/h rpm=1000 gear=D(3) soc=70% turnSignal=2 doorLock=unlocked beltWarn=OK highBeam=ON coolantTemp=90.0C(warn=NO) batteryWarn=OK
Parsed: seq=1505 time=1786929983546 speed=10 km/h rpm=1050 gear=D(3) soc=70% turnSignal=2 doorLock=unlocked beltWarn=OK highBeam=ON coolantTemp=90.0C(warn=NO) batteryWarn=OK
Parsed: seq=1506 time=1786929983647 speed=12 km/h rpm=1100 gear=D(3) soc=70% turnSignal=2 doorLock=unlocked beltWarn=OK highBeam=ON coolantTemp=90.0C(warn=NO) batteryWarn=OK
Parsed: seq=1507 time=1786929983748 speed=14 km/h rpm=1150 gear=D(3) soc=70% turnSignal=2 doorLock=unlocked beltWarn=OK highBeam=ON coolantTemp=90.0C(warn=NO) batteryWarn=OK
Parsed: seq=1508 time=1786929983850 speed=16 km/h rpm=1200 gear=D(3) soc=70% turnSignal=2 doorLock=unlocked beltWarn=OK highBeam=ON coolantTemp=90.0C(warn=NO) batteryWarn=OK
Parsed: seq=1509 time=1786929983951 speed=18 km/h rpm=1250 gear=D(3) soc=70% turnSignal=2 doorLock=unlocked beltWarn=OK highBeam=ON coolantTemp=90.0C(warn=NO) batteryWarn=OK
Parsed: seq=1510 time=1786929984052 speed=20 km/h rpm=1300 gear=D(3) soc=70% turnSignal=2 doorLock=unlocked beltWarn=OK highBeam=ON coolantTemp=90.0C(warn=NO) batteryWarn=OK
Parsed: seq=1511 time=1786929984153 speed=22 km/h rpm=1350 gear=D(3) soc=70% turnSignal=2 doorLock=unlocked beltWarn=OK highBeam=ON coolantTemp=90.0C(warn=NO) batteryWarn=OK
Parsed: seq=1512 time=1786929984254 speed=24 km/h rpm=1400 gear=D(3) soc=70% turnSignal=2 doorLock=unlocked beltWarn=OK highBeam=ON coolantTemp=90.0C(warn=NO) batteryWarn=OK
Parsed: seq=1513 time=1786929984355 speed=26 km/h rpm=1450 gear=D(3) soc=70% turnSignal=2 doorLock=unlocked beltWarn=OK highBeam=ON coolantTemp=90.0C(warn=NO) batteryWarn=OK
Parsed: seq=1514 time=1786929984456 speed=28 km/h rpm=1500 gear=D(3) soc=70% turnSignal=2 doorLock=unlocked beltWarn=OK highBeam=ON coolantTemp=90.0C(warn=NO) batteryWarn=OK
Parsed: seq=1515 time=1786929984558 speed=30 km/h rpm=1550 gear=D(3) soc=70% turnSignal=2 doorLock=unlocked beltWarn=OK highBeam=ON coolantTemp=90.0C(warn=NO) batteryWarn=OK
Parsed: seq=1516 time=1786929984659 speed=32 km/h rpm=1600 gear=D(3) soc=70% turnSignal=2 doorLock=unlocked beltWarn=OK highBeam=ON coolantTemp=90.0C(warn=NO) batteryWarn=OK
Parsed: seq=1517 time=1786929984760 speed=34 km/h rpm=1650 gear=D(3) soc=70% turnSignal=2 doorLock=unlocked beltWarn=OK highBeam=ON coolantTemp=90.0C(warn=NO) batteryWarn=OK
Parsed: seq=1518 time=1786929984862 speed=36 km/h rpm=1700 gear=D(3) soc=70% turnSignal=2 doorLock=unlocked beltWarn=OK highBeam=ON coolantTemp=90.0C(warn=NO) batteryWarn=OK
Parsed: seq=1519 time=1786929984962 speed=38 km/h rpm=1750 gear=D(3) soc=70% turnSignal=2 doorLock=unlocked beltWarn=OK highBeam=ON coolantTemp=90.0C(warn=NO) batteryWarn=OK
Parsed: seq=1520 time=1786929985063 speed=40 km/h rpm=1800 gear=D(3) soc=70% turnSignal=2 doorLock=unlocked beltWarn=OK highBeam=ON coolantTemp=90.0C(warn=NO) batteryWarn=OK
Parsed: seq=1521 time=1786929985164 speed=42 km/h rpm=1850 gear=D(3) soc=70% turnSignal=2 doorLock=unlocked beltWarn=OK highBeam=ON coolantTemp=90.0C(warn=NO) batteryWarn=OK
Parsed: seq=1522 time=1786929985265 speed=44 km/h rpm=1900 gear=D(3) soc=70% turnSignal=2 doorLock=unlocked beltWarn=OK highBeam=ON coolantTemp=90.0C(warn=NO) batteryWarn=OK
Parsed: seq=1523 time=1786929985367 speed=46 km/h rpm=1950 gear=D(3) soc=70% turnSignal=2 doorLock=unlocked beltWarn=OK highBeam=ON coolantTemp=90.0C(warn=NO) batteryWarn=OK
Parsed: seq=1524 time=1786929985468 speed=48 km/h rpm=2000 gear=D(3) soc=70% turnSignal=2 doorLock=unlocked beltWarn=OK highBeam=ON coolantTemp=90.0C(warn=NO) batteryWarn=OK
Parsed: seq=1525 time=1786929985568 speed=50 km/h rpm=2050 gear=D(3) soc=70% turnSignal=2 doorLock=unlocked beltWarn=OK highBeam=ON coolantTemp=90.0C(warn=NO) batteryWarn=OK
Parsed: seq=1526 time=1786929985670 speed=52 km/h rpm=2100 gear=D(3) soc=70% turnSignal=2 doorLock=unlocked beltWarn=OK highBeam=ON coolantTemp=90.0C(warn=NO) batteryWarn=OK
Parsed: seq=1527 time=1786929985771 speed=54 km/h rpm=2150 gear=D(3) soc=70% turnSignal=2 doorLock=unlocked beltWarn=OK highBeam=ON coolantTemp=90.0C(warn=NO) batteryWarn=OK
Parsed: seq=1528 time=1786929985872 speed=56 km/h rpm=2200 gear=D(3) soc=70% turnSignal=2 doorLock=unlocked beltWarn=OK highBeam=ON coolantTemp=90.0C(warn=NO) batteryWarn=OK
Parsed: seq=1529 time=1786929985976 speed=58 km/h rpm=2250 gear=D(3) soc=70% turnSignal=2 doorLock=unlocked beltWarn=OK highBeam=ON coolantTemp=90.0C(warn=NO) batteryWarn=OK
Parsed: seq=1530 time=1786929986077 speed=60 km/h rpm=2300 gear=D(3) soc=70% turnSignal=3 doorLock=unlocked beltWarn=OK highBeam=ON coolantTemp=90.0C(warn=NO) batteryWarn=OK
Parsed: seq=1531 time=1786929986178 speed=62 km/h rpm=2350 gear=D(3) soc=70% turnSignal=3 doorLock=unlocked beltWarn=OK highBeam=ON coolantTemp=90.0C(warn=NO) batteryWarn=OK
Parsed: seq=1532 time=1786929986279 speed=64 km/h rpm=2400 gear=D(3) soc=70% turnSignal=3 doorLock=unlocked beltWarn=OK highBeam=ON coolantTemp=90.0C(warn=NO) batteryWarn=OK
Parsed: seq=1533 time=1786929986379 speed=66 km/h rpm=2450 gear=D(3) soc=70% turnSignal=3 doorLock=unlocked beltWarn=OK highBeam=ON coolantTemp=90.0C(warn=NO) batteryWarn=OK
Parsed: seq=1534 time=1786929986481 speed=68 km/h rpm=2500 gear=D(3) soc=70% turnSignal=3 doorLock=unlocked beltWarn=OK highBeam=ON coolantTemp=90.0C(warn=NO) batteryWarn=OK
Parsed: seq=1535 time=1786929986582 speed=70 km/h rpm=2550 gear=D(3) soc=70% turnSignal=3 doorLock=unlocked beltWarn=OK highBeam=ON coolantTemp=90.0C(warn=NO) batteryWarn=OK
Parsed: seq=1536 time=1786929986683 speed=72 km/h rpm=2600 gear=D(3) soc=70% turnSignal=3 doorLock=unlocked beltWarn=OK highBeam=ON coolantTemp=90.0C(warn=NO) batteryWarn=OK
Parsed: seq=1537 time=1786929986784 speed=74 km/h rpm=2650 gear=D(3) soc=70% turnSignal=3 doorLock=unlocked beltWarn=OK highBeam=ON coolantTemp=90.0C(warn=NO) batteryWarn=OK
Parsed: seq=1538 time=1786929986885 speed=76 km/h rpm=2700 gear=D(3) soc=70% turnSignal=3 doorLock=unlocked beltWarn=OK highBeam=ON coolantTemp=90.0C(warn=NO) batteryWarn=OK
Parsed: seq=1539 time=1786929986986 speed=78 km/h rpm=2750 gear=D(3) soc=70% turnSignal=3 doorLock=unlocked beltWarn=OK highBeam=ON coolantTemp=90.0C(warn=NO) batteryWarn=OK
Parsed: seq=1540 time=1786929987087 speed=80 km/h rpm=2800 gear=D(3) soc=70% turnSignal=3 doorLock=unlocked beltWarn=OK highBeam=ON coolantTemp=90.0C(warn=NO) batteryWarn=OK
Parsed: seq=1541 time=1786929987188 speed=82 km/h rpm=2850 gear=D(3) soc=70% turnSignal=3 doorLock=unlocked beltWarn=OK highBeam=ON coolantTemp=90.0C(warn=NO) batteryWarn=OK
Parsed: seq=1542 time=1786929987289 speed=84 km/h rpm=2900 gear=D(3) soc=70% turnSignal=3 doorLock=unlocked beltWarn=OK highBeam=ON coolantTemp=90.0C(warn=NO) batteryWarn=OK
Parsed: seq=1543 time=1786929987391 speed=86 km/h rpm=2950 gear=D(3) soc=70% turnSignal=3 doorLock=unlocked beltWarn=OK highBeam=ON coolantTemp=90.0C(warn=NO) batteryWarn=OK
Parsed: seq=1544 time=1786929987492 speed=88 km/h rpm=3000 gear=D(3) soc=70% turnSignal=3 doorLock=unlocked beltWarn=OK highBeam=ON coolantTemp=90.0C(warn=NO) batteryWarn=OK
Parsed: seq=1545 time=1786929987593 speed=90 km/h rpm=3050 gear=D(3) soc=70% turnSignal=3 doorLock=unlocked beltWarn=OK highBeam=ON coolantTemp=90.0C(warn=NO) batteryWarn=OK
Parsed: seq=1546 time=1786929987694 speed=92 km/h rpm=3100 gear=D(3) soc=70% turnSignal=3 doorLock=unlocked beltWarn=OK highBeam=ON coolantTemp=90.0C(warn=NO) batteryWarn=OK
Parsed: seq=1547 time=1786929987796 speed=94 km/h rpm=3150 gear=D(3) soc=70% turnSignal=3 doorLock=unlocked beltWarn=OK highBeam=ON coolantTemp=90.0C(warn=NO) batteryWarn=OK
Parsed: seq=1548 time=1786929987897 speed=96 km/h rpm=3200 gear=D(3) soc=70% turnSignal=3 doorLock=unlocked beltWarn=OK highBeam=ON coolantTemp=90.0C(warn=NO) batteryWarn=OK
Parsed: seq=1549 time=1786929987998 speed=98 km/h rpm=3250 gear=D(3) soc=70% turnSignal=3 doorLock=unlocked beltWarn=OK highBeam=ON coolantTemp=90.0C(warn=NO) batteryWarn=OK
Parsed: seq=1550 time=1786929988100 speed=100 km/h rpm=3300 gear=D(3) soc=70% turnSignal=3 doorLock=unlocked beltWarn=OK highBeam=OFF coolantTemp=90.0C(warn=NO) batteryWarn=OK
Parsed: seq=1551 time=1786929988201 speed=98 km/h rpm=3250 gear=D(3) soc=70% turnSignal=3 doorLock=unlocked beltWarn=OK highBeam=OFF coolantTemp=90.0C(warn=NO) batteryWarn=OK
Parsed: seq=1552 time=1786929988303 speed=96 km/h rpm=3200 gear=D(3) soc=70% turnSignal=3 doorLock=unlocked beltWarn=OK highBeam=OFF coolantTemp=90.0C(warn=NO) batteryWarn=OK
Parsed: seq=1553 time=1786929988403 speed=94 km/h rpm=3150 gear=D(3) soc=70% turnSignal=3 doorLock=unlocked beltWarn=OK highBeam=OFF coolantTemp=90.0C(warn=NO) batteryWarn=OK
Parsed: seq=1554 time=1786929988504 speed=92 km/h rpm=3100 gear=D(3) soc=70% turnSignal=3 doorLock=unlocked beltWarn=OK highBeam=OFF coolantTemp=90.0C(warn=NO) batteryWarn=OK
Parsed: seq=1555 time=1786929988606 speed=90 km/h rpm=3050 gear=D(3) soc=70% turnSignal=3 doorLock=unlocked beltWarn=OK highBeam=OFF coolantTemp=90.0C(warn=NO) batteryWarn=OK
Parsed: seq=1556 time=1786929988707 speed=88 km/h rpm=3000 gear=D(3) soc=70% turnSignal=3 doorLock=unlocked beltWarn=OK highBeam=OFF coolantTemp=90.0C(warn=NO) batteryWarn=OK
Parsed: seq=1557 time=1786929988809 speed=86 km/h rpm=2950 gear=D(3) soc=70% turnSignal=3 doorLock=unlocked beltWarn=OK highBeam=OFF coolantTemp=90.0C(warn=NO) batteryWarn=OK
Parsed: seq=1558 time=1786929988910 speed=84 km/h rpm=2900 gear=D(3) soc=70% turnSignal=3 doorLock=unlocked beltWarn=OK highBeam=OFF coolantTemp=90.0C(warn=NO) batteryWarn=OK
Parsed: seq=1559 time=1786929989013 speed=82 km/h rpm=2850 gear=D(3) soc=70% turnSignal=3 doorLock=unlocked beltWarn=OK highBeam=OFF coolantTemp=90.0C(warn=NO) batteryWarn=OK
Parsed: seq=1560 time=1786929989115 speed=80 km/h rpm=2800 gear=D(3) soc=70% turnSignal=0 doorLock=unlocked beltWarn=OK highBeam=OFF coolantTemp=90.0C(warn=NO) batteryWarn=OK
Parsed: seq=1561 time=1786929989216 speed=78 km/h rpm=2750 gear=D(3) soc=70% turnSignal=0 doorLock=unlocked beltWarn=OK highBeam=OFF coolantTemp=90.0C(warn=NO) batteryWarn=OK
Parsed: seq=1562 time=1786929989319 speed=76 km/h rpm=2700 gear=D(3) soc=70% turnSignal=0 doorLock=unlocked beltWarn=OK highBeam=OFF coolantTemp=90.0C(warn=NO) batteryWarn=OK
Parsed: seq=1563 time=1786929989420 speed=74 km/h rpm=2650 gear=D(3) soc=70% turnSignal=0 doorLock=unlocked beltWarn=OK highBeam=OFF coolantTemp=90.0C(warn=NO) batteryWarn=OK
Parsed: seq=1564 time=1786929989522 speed=72 km/h rpm=2600 gear=D(3) soc=70% turnSignal=0 doorLock=unlocked beltWarn=OK highBeam=OFF coolantTemp=90.0C(warn=NO) batteryWarn=OK
Parsed: seq=1565 time=1786929989623 speed=70 km/h rpm=2550 gear=D(3) soc=70% turnSignal=0 doorLock=unlocked beltWarn=OK highBeam=OFF coolantTemp=90.0C(warn=NO) batteryWarn=OK
Parsed: seq=1566 time=1786929989724 speed=68 km/h rpm=2500 gear=D(3) soc=70% turnSignal=0 doorLock=unlocked beltWarn=OK highBeam=OFF coolantTemp=90.0C(warn=NO) batteryWarn=OK
Parsed: seq=1567 time=1786929989825 speed=66 km/h rpm=2450 gear=D(3) soc=70% turnSignal=0 doorLock=unlocked beltWarn=OK highBeam=OFF coolantTemp=90.0C(warn=NO) batteryWarn=OK
Parsed: seq=1568 time=1786929989928 speed=64 km/h rpm=2400 gear=D(3) soc=70% turnSignal=0 doorLock=unlocked beltWarn=OK highBeam=OFF coolantTemp=90.0C(warn=NO) batteryWarn=OK
Parsed: seq=1569 time=1786929990029 speed=62 km/h rpm=2350 gear=D(3) soc=70% turnSignal=0 doorLock=unlocked beltWarn=OK highBeam=OFF coolantTemp=90.0C(warn=NO) batteryWarn=OK
Parsed: seq=1570 time=1786929990130 speed=60 km/h rpm=2300 gear=D(3) soc=70% turnSignal=0 doorLock=unlocked beltWarn=OK highBeam=OFF coolantTemp=90.0C(warn=NO) batteryWarn=OK
Parsed: seq=1571 time=1786929990231 speed=58 km/h rpm=2250 gear=D(3) soc=70% turnSignal=0 doorLock=unlocked beltWarn=OK highBeam=OFF coolantTemp=90.0C(warn=NO) batteryWarn=OK
Parsed: seq=1572 time=1786929990332 speed=56 km/h rpm=2200 gear=D(3) soc=70% turnSignal=0 doorLock=unlocked beltWarn=OK highBeam=OFF coolantTemp=90.0C(warn=NO) batteryWarn=OK
Parsed: seq=1573 time=1786929990433 speed=54 km/h rpm=2150 gear=D(3) soc=70% turnSignal=0 doorLock=unlocked beltWarn=OK highBeam=OFF coolantTemp=90.0C(warn=NO) batteryWarn=OK
Parsed: seq=1574 time=1786929990534 speed=52 km/h rpm=2100 gear=D(3) soc=70% turnSignal=0 doorLock=unlocked beltWarn=OK highBeam=OFF coolantTemp=90.0C(warn=NO) batteryWarn=OK
Parsed: seq=1575 time=1786929990635 speed=50 km/h rpm=2050 gear=D(3) soc=70% turnSignal=0 doorLock=unlocked beltWarn=OK highBeam=OFF coolantTemp=90.0C(warn=NO) batteryWarn=OK
Parsed: seq=1576 time=1786929990736 speed=48 km/h rpm=2000 gear=D(3) soc=70% turnSignal=0 doorLock=unlocked beltWarn=OK highBeam=OFF coolantTemp=90.0C(warn=NO) batteryWarn=OK
Parsed: seq=1577 time=1786929990837 speed=46 km/h rpm=1950 gear=D(3) soc=70% turnSignal=0 doorLock=unlocked beltWarn=OK highBeam=OFF coolantTemp=90.0C(warn=NO) batteryWarn=OK
Parsed: seq=1578 time=1786929990939 speed=44 km/h rpm=1900 gear=D(3) soc=70% turnSignal=0 doorLock=unlocked beltWarn=OK highBeam=OFF coolantTemp=90.0C(warn=NO) batteryWarn=OK
Parsed: seq=1579 time=1786929991040 speed=42 km/h rpm=1850 gear=D(3) soc=70% turnSignal=0 doorLock=unlocked beltWarn=OK highBeam=OFF coolantTemp=90.0C(warn=NO) batteryWarn=OK
Parsed: seq=1580 time=1786929991141 speed=40 km/h rpm=1800 gear=D(3) soc=70% turnSignal=0 doorLock=unlocked beltWarn=OK highBeam=OFF coolantTemp=90.0C(warn=NO) batteryWarn=OK
Parsed: seq=1581 time=1786929991242 speed=38 km/h rpm=1750 gear=D(3) soc=70% turnSignal=0 doorLock=unlocked beltWarn=OK highBeam=OFF coolantTemp=90.0C(warn=NO) batteryWarn=OK
Parsed: seq=1582 time=1786929991344 speed=36 km/h rpm=1700 gear=D(3) soc=70% turnSignal=0 doorLock=unlocked beltWarn=OK highBeam=OFF coolantTemp=90.0C(warn=NO) batteryWarn=OK
Parsed: seq=1583 time=1786929991445 speed=34 km/h rpm=1650 gear=D(3) soc=70% turnSignal=0 doorLock=unlocked beltWarn=OK highBeam=OFF coolantTemp=90.0C(warn=NO) batteryWarn=OK
Parsed: seq=1584 time=1786929991546 speed=32 km/h rpm=1600 gear=D(3) soc=70% turnSignal=0 doorLock=unlocked beltWarn=OK highBeam=OFF coolantTemp=90.0C(warn=NO) batteryWarn=OK
Parsed: seq=1585 time=1786929991647 speed=30 km/h rpm=1550 gear=D(3) soc=70% turnSignal=0 doorLock=unlocked beltWarn=OK highBeam=OFF coolantTemp=90.0C(warn=NO) batteryWarn=OK
Parsed: seq=1586 time=1786929991749 speed=28 km/h rpm=1500 gear=D(3) soc=70% turnSignal=0 doorLock=unlocked beltWarn=OK highBeam=OFF coolantTemp=90.0C(warn=NO) batteryWarn=OK
Parsed: seq=1587 time=1786929991850 speed=26 km/h rpm=1450 gear=D(3) soc=70% turnSignal=0 doorLock=unlocked beltWarn=OK highBeam=OFF coolantTemp=90.0C(warn=NO) batteryWarn=OK
Parsed: seq=1588 time=1786929991951 speed=24 km/h rpm=1400 gear=D(3) soc=70% turnSignal=0 doorLock=unlocked beltWarn=OK highBeam=OFF coolantTemp=90.0C(warn=NO) batteryWarn=OK
Parsed: seq=1589 time=1786929992052 speed=22 km/h rpm=1350 gear=D(3) soc=70% turnSignal=0 doorLock=unlocked beltWarn=OK highBeam=OFF coolantTemp=90.0C(warn=NO) batteryWarn=OK
Parsed: seq=1590 time=1786929992153 speed=20 km/h rpm=1300 gear=D(3) soc=70% turnSignal=1 doorLock=unlocked beltWarn=OK highBeam=OFF coolantTemp=90.0C(warn=NO) batteryWarn=OK
Parsed: seq=1591 time=1786929992254 speed=18 km/h rpm=1250 gear=D(3) soc=70% turnSignal=1 doorLock=unlocked beltWarn=OK highBeam=OFF coolantTemp=90.0C(warn=NO) batteryWarn=OK
Parsed: seq=1592 time=1786929992356 speed=16 km/h rpm=1200 gear=D(3) soc=70% turnSignal=1 doorLock=unlocked beltWarn=OK highBeam=OFF coolantTemp=90.0C(warn=NO) batteryWarn=OK
Parsed: seq=1593 time=1786929992458 speed=14 km/h rpm=1150 gear=D(3) soc=70% turnSignal=1 doorLock=unlocked beltWarn=OK highBeam=OFF coolantTemp=90.0C(warn=NO) batteryWarn=OK
Parsed: seq=1594 time=1786929992559 speed=12 km/h rpm=1100 gear=D(3) soc=70% turnSignal=1 doorLock=unlocked beltWarn=OK highBeam=OFF coolantTemp=90.0C(warn=NO) batteryWarn=OK
Parsed: seq=1595 time=1786929992660 speed=10 km/h rpm=1050 gear=D(3) soc=70% turnSignal=1 doorLock=unlocked beltWarn=OK highBeam=OFF coolantTemp=90.0C(warn=NO) batteryWarn=OK
Parsed: seq=1596 time=1786929992762 speed=8 km/h rpm=1000 gear=D(3) soc=70% turnSignal=1 doorLock=unlocked beltWarn=OK highBeam=OFF coolantTemp=90.0C(warn=NO) batteryWarn=OK
Parsed: seq=1597 time=1786929992863 speed=6 km/h rpm=950 gear=D(3) soc=70% turnSignal=1 doorLock=unlocked beltWarn=OK highBeam=OFF coolantTemp=90.0C(warn=NO) batteryWarn=OK
Parsed: seq=1598 time=1786929992965 speed=4 km/h rpm=900 gear=D(3) soc=70% turnSignal=1 doorLock=unlocked beltWarn=OK highBeam=OFF coolantTemp=90.0C(warn=NO) batteryWarn=OK
Parsed: seq=1599 time=1786929993066 speed=2 km/h rpm=850 gear=D(3) soc=70% turnSignal=1 doorLock=unlocked beltWarn=OK highBeam=OFF coolantTemp=90.0C(warn=NO) batteryWarn=OK
Parsed: seq=1600 time=1786929993168 speed=0 km/h rpm=800 gear=P(0) soc=70% turnSignal=1 doorLock=unlocked beltWarn=OK highBeam=ON coolantTemp=90.0C(warn=NO) batteryWarn=OK
Parsed: seq=1601 time=1786929993269 speed=2 km/h rpm=850 gear=D(3) soc=70% turnSignal=1 doorLock=unlocked beltWarn=OK highBeam=ON coolantTemp=90.0C(warn=NO) batteryWarn=OK
Parsed: seq=1602 time=1786929993370 speed=4 km/h rpm=900 gear=D(3) soc=70% turnSignal=1 doorLock=unlocked beltWarn=OK highBeam=ON coolantTemp=90.0C(warn=NO) batteryWarn=OK
Parsed: seq=1603 time=1786929993472 speed=6 km/h rpm=950 gear=D(3) soc=70% turnSignal=1 doorLock=unlocked beltWarn=OK highBeam=ON coolantTemp=90.0C(warn=NO) batteryWarn=OK
Parsed: seq=1604 time=1786929993573 speed=8 km/h rpm=1000 gear=D(3) soc=70% turnSignal=1 doorLock=unlocked beltWarn=OK highBeam=ON coolantTemp=90.0C(warn=NO) batteryWarn=OK
Parsed: seq=1605 time=1786929993673 speed=10 km/h rpm=1050 gear=D(3) soc=70% turnSignal=1 doorLock=unlocked beltWarn=OK highBeam=ON coolantTemp=90.0C(warn=NO) batteryWarn=OK
Parsed: seq=1606 time=1786929993775 speed=12 km/h rpm=1100 gear=D(3) soc=70% turnSignal=1 doorLock=unlocked beltWarn=OK highBeam=ON coolantTemp=90.0C(warn=NO) batteryWarn=OK
Parsed: seq=1607 time=1786929993877 speed=14 km/h rpm=1150 gear=D(3) soc=70% turnSignal=1 doorLock=unlocked beltWarn=OK highBeam=ON coolantTemp=90.0C(warn=NO) batteryWarn=OK
Parsed: seq=1608 time=1786929993978 speed=16 km/h rpm=1200 gear=D(3) soc=70% turnSignal=1 doorLock=unlocked beltWarn=OK highBeam=ON coolantTemp=90.0C(warn=NO) batteryWarn=OK
Parsed: seq=1609 time=1786929994078 speed=18 km/h rpm=1250 gear=D(3) soc=70% turnSignal=1 doorLock=unlocked beltWarn=OK highBeam=ON coolantTemp=90.0C(warn=NO) batteryWarn=OK
Parsed: seq=1610 time=1786929994179 speed=20 km/h rpm=1300 gear=D(3) soc=70% turnSignal=1 doorLock=unlocked beltWarn=OK highBeam=ON coolantTemp=90.0C(warn=NO) batteryWarn=OK
Parsed: seq=1611 time=1786929994281 speed=22 km/h rpm=1350 gear=D(3) soc=70% turnSignal=1 doorLock=unlocked beltWarn=OK highBeam=ON coolantTemp=90.0C(warn=NO) batteryWarn=OK
Parsed: seq=1612 time=1786929994382 speed=24 km/h rpm=1400 gear=D(3) soc=70% turnSignal=1 doorLock=unlocked beltWarn=OK highBeam=ON coolantTemp=90.0C(warn=NO) batteryWarn=OK
Parsed: seq=1613 time=1786929994483 speed=26 km/h rpm=1450 gear=D(3) soc=70% turnSignal=1 doorLock=unlocked beltWarn=OK highBeam=ON coolantTemp=90.0C(warn=NO) batteryWarn=OK
Parsed: seq=1614 time=1786929994585 speed=28 km/h rpm=1500 gear=D(3) soc=70% turnSignal=1 doorLock=unlocked beltWarn=OK highBeam=ON coolantTemp=90.0C(warn=NO) batteryWarn=OK
Parsed: seq=1615 time=1786929994686 speed=30 km/h rpm=1550 gear=D(3) soc=70% turnSignal=1 doorLock=unlocked beltWarn=OK highBeam=ON coolantTemp=90.0C(warn=NO) batteryWarn=OK
Parsed: seq=1616 time=1786929994786 speed=32 km/h rpm=1600 gear=D(3) soc=70% turnSignal=1 doorLock=unlocked beltWarn=OK highBeam=ON coolantTemp=90.0C(warn=NO) batteryWarn=OK
Parsed: seq=1617 time=1786929994887 speed=34 km/h rpm=1650 gear=D(3) soc=70% turnSignal=1 doorLock=unlocked beltWarn=OK highBeam=ON coolantTemp=90.0C(warn=NO) batteryWarn=OK
Parsed: seq=1618 time=1786929994988 speed=36 km/h rpm=1700 gear=D(3) soc=70% turnSignal=1 doorLock=unlocked beltWarn=OK highBeam=ON coolantTemp=90.0C(warn=NO) batteryWarn=OK
Parsed: seq=1619 time=1786929995089 speed=38 km/h rpm=1750 gear=D(3) soc=70% turnSignal=1 doorLock=unlocked beltWarn=OK highBeam=ON coolantTemp=90.0C(warn=NO) batteryWarn=OK
Parsed: seq=1620 time=1786929995189 speed=40 km/h rpm=1800 gear=D(3) soc=70% turnSignal=2 doorLock=unlocked beltWarn=OK highBeam=ON coolantTemp=90.0C(warn=NO) batteryWarn=OK
Parsed: seq=1621 time=1786929995291 speed=42 km/h rpm=1850 gear=D(3) soc=70% turnSignal=2 doorLock=unlocked beltWarn=OK highBeam=ON coolantTemp=90.0C(warn=NO) batteryWarn=OK
Parsed: seq=1622 time=1786929995391 speed=44 km/h rpm=1900 gear=D(3) soc=70% turnSignal=2 doorLock=unlocked beltWarn=OK highBeam=ON coolantTemp=90.0C(warn=NO) batteryWarn=OK
Parsed: seq=1623 time=1786929995493 speed=46 km/h rpm=1950 gear=D(3) soc=70% turnSignal=2 doorLock=unlocked beltWarn=OK highBeam=ON coolantTemp=90.0C(warn=NO) batteryWarn=OK
Parsed: seq=1624 time=1786929995594 speed=48 km/h rpm=2000 gear=D(3) soc=70% turnSignal=2 doorLock=unlocked beltWarn=OK highBeam=ON coolantTemp=90.0C(warn=NO) batteryWarn=OK
Parsed: seq=1625 time=1786929995695 speed=50 km/h rpm=2050 gear=D(3) soc=70% turnSignal=2 doorLock=unlocked beltWarn=OK highBeam=ON coolantTemp=90.0C(warn=NO) batteryWarn=OK
Parsed: seq=1626 time=1786929995797 speed=52 km/h rpm=2100 gear=D(3) soc=70% turnSignal=2 doorLock=unlocked beltWarn=OK highBeam=ON coolantTemp=90.0C(warn=NO) batteryWarn=OK
Parsed: seq=1627 time=1786929995898 speed=54 km/h rpm=2150 gear=D(3) soc=70% turnSignal=2 doorLock=unlocked beltWarn=OK highBeam=ON coolantTemp=90.0C(warn=NO) batteryWarn=OK
Parsed: seq=1628 time=1786929996000 speed=56 km/h rpm=2200 gear=D(3) soc=70% turnSignal=2 doorLock=unlocked beltWarn=OK highBeam=ON coolantTemp=90.0C(warn=NO) batteryWarn=OK
Parsed: seq=1629 time=1786929996101 speed=58 km/h rpm=2250 gear=D(3) soc=70% turnSignal=2 doorLock=unlocked beltWarn=OK highBeam=ON coolantTemp=90.0C(warn=NO) batteryWarn=OK
Parsed: seq=1630 time=1786929996203 speed=60 km/h rpm=2300 gear=D(3) soc=70% turnSignal=2 doorLock=unlocked beltWarn=OK highBeam=ON coolantTemp=90.0C(warn=NO) batteryWarn=OK
Parsed: seq=1631 time=1786929996304 speed=62 km/h rpm=2350 gear=D(3) soc=70% turnSignal=2 doorLock=unlocked beltWarn=OK highBeam=ON coolantTemp=90.0C(warn=NO) batteryWarn=OK
Parsed: seq=1632 time=1786929996405 speed=64 km/h rpm=2400 gear=D(3) soc=70% turnSignal=2 doorLock=unlocked beltWarn=OK highBeam=ON coolantTemp=90.0C(warn=NO) batteryWarn=OK
Parsed: seq=1633 time=1786929996506 speed=66 km/h rpm=2450 gear=D(3) soc=70% turnSignal=2 doorLock=unlocked beltWarn=OK highBeam=ON coolantTemp=90.0C(warn=NO) batteryWarn=OK
Parsed: seq=1634 time=1786929996607 speed=68 km/h rpm=2500 gear=D(3) soc=70% turnSignal=2 doorLock=unlocked beltWarn=OK highBeam=ON coolantTemp=90.0C(warn=NO) batteryWarn=OK
Parsed: seq=1635 time=1786929996707 speed=70 km/h rpm=2550 gear=D(3) soc=70% turnSignal=2 doorLock=unlocked beltWarn=OK highBeam=ON coolantTemp=90.0C(warn=NO) batteryWarn=OK
Parsed: seq=1636 time=1786929996808 speed=72 km/h rpm=2600 gear=D(3) soc=70% turnSignal=2 doorLock=unlocked beltWarn=OK highBeam=ON coolantTemp=90.0C(warn=NO) batteryWarn=OK
Parsed: seq=1637 time=1786929996909 speed=74 km/h rpm=2650 gear=D(3) soc=70% turnSignal=2 doorLock=unlocked beltWarn=OK highBeam=ON coolantTemp=90.0C(warn=NO) batteryWarn=OK
Parsed: seq=1638 time=1786929997010 speed=76 km/h rpm=2700 gear=D(3) soc=70% turnSignal=2 doorLock=unlocked beltWarn=OK highBeam=ON coolantTemp=90.0C(warn=NO) batteryWarn=OK
Parsed: seq=1639 time=1786929997111 speed=78 km/h rpm=2750 gear=D(3) soc=70% turnSignal=2 doorLock=unlocked beltWarn=OK highBeam=ON coolantTemp=90.0C(warn=NO) batteryWarn=OK
Parsed: seq=1640 time=1786929997212 speed=80 km/h rpm=2800 gear=D(3) soc=70% turnSignal=2 doorLock=unlocked beltWarn=OK highBeam=ON coolantTemp=90.0C(warn=NO) batteryWarn=OK
Parsed: seq=1641 time=1786929997315 speed=82 km/h rpm=2850 gear=D(3) soc=70% turnSignal=2 doorLock=unlocked beltWarn=OK highBeam=ON coolantTemp=90.0C(warn=NO) batteryWarn=OK
Parsed: seq=1642 time=1786929997417 speed=84 km/h rpm=2900 gear=D(3) soc=70% turnSignal=2 doorLock=unlocked beltWarn=OK highBeam=ON coolantTemp=90.0C(warn=NO) batteryWarn=OK
Parsed: seq=1643 time=1786929997517 speed=86 km/h rpm=2950 gear=D(3) soc=70% turnSignal=2 doorLock=unlocked beltWarn=OK highBeam=ON coolantTemp=90.0C(warn=NO) batteryWarn=OK
Parsed: seq=1644 time=1786929997619 speed=88 km/h rpm=3000 gear=D(3) soc=70% turnSignal=2 doorLock=unlocked beltWarn=OK highBeam=ON coolantTemp=90.0C(warn=NO) batteryWarn=OK
Parsed: seq=1645 time=1786929997720 speed=90 km/h rpm=3050 gear=D(3) soc=70% turnSignal=2 doorLock=unlocked beltWarn=OK highBeam=ON coolantTemp=90.0C(warn=NO) batteryWarn=OK
Parsed: seq=1646 time=1786929997821 speed=92 km/h rpm=3100 gear=D(3) soc=70% turnSignal=2 doorLock=unlocked beltWarn=OK highBeam=ON coolantTemp=90.0C(warn=NO) batteryWarn=OK
Parsed: seq=1647 time=1786929997921 speed=94 km/h rpm=3150 gear=D(3) soc=70% turnSignal=2 doorLock=unlocked beltWarn=OK highBeam=ON coolantTemp=90.0C(warn=NO) batteryWarn=OK
Parsed: seq=1648 time=1786929998022 speed=96 km/h rpm=3200 gear=D(3) soc=70% turnSignal=2 doorLock=unlocked beltWarn=OK highBeam=ON coolantTemp=90.0C(warn=NO) batteryWarn=OK
Parsed: seq=1649 time=1786929998123 speed=98 km/h rpm=3250 gear=D(3) soc=70% turnSignal=2 doorLock=unlocked beltWarn=OK highBeam=ON coolantTemp=90.0C(warn=NO) batteryWarn=OK
Parsed: seq=1650 time=1786929998223 speed=100 km/h rpm=3300 gear=D(3) soc=70% turnSignal=3 doorLock=unlocked beltWarn=OK highBeam=OFF coolantTemp=90.0C(warn=NO) batteryWarn=OK
Parsed: seq=1651 time=1786929998324 speed=98 km/h rpm=3250 gear=D(3) soc=70% turnSignal=3 doorLock=unlocked beltWarn=OK highBeam=OFF coolantTemp=90.0C(warn=NO) batteryWarn=OK
Parsed: seq=1652 time=1786929998425 speed=96 km/h rpm=3200 gear=D(3) soc=70% turnSignal=3 doorLock=unlocked beltWarn=OK highBeam=OFF coolantTemp=90.0C(warn=NO) batteryWarn=OK
Parsed: seq=1653 time=1786929998526 speed=94 km/h rpm=3150 gear=D(3) soc=70% turnSignal=3 doorLock=unlocked beltWarn=OK highBeam=OFF coolantTemp=90.0C(warn=NO) batteryWarn=OK
Parsed: seq=1654 time=1786929998627 speed=92 km/h rpm=3100 gear=D(3) soc=70% turnSignal=3 doorLock=unlocked beltWarn=OK highBeam=OFF coolantTemp=90.0C(warn=NO) batteryWarn=OK
Parsed: seq=1655 time=1786929998728 speed=90 km/h rpm=3050 gear=D(3) soc=70% turnSignal=3 doorLock=unlocked beltWarn=OK highBeam=OFF coolantTemp=90.0C(warn=NO) batteryWarn=OK
Parsed: seq=1656 time=1786929998829 speed=88 km/h rpm=3000 gear=D(3) soc=70% turnSignal=3 doorLock=unlocked beltWarn=OK highBeam=OFF coolantTemp=90.0C(warn=NO) batteryWarn=OK
Parsed: seq=1657 time=1786929998931 speed=86 km/h rpm=2950 gear=D(3) soc=70% turnSignal=3 doorLock=unlocked beltWarn=OK highBeam=OFF coolantTemp=90.0C(warn=NO) batteryWarn=OK
Parsed: seq=1658 time=1786929999032 speed=84 km/h rpm=2900 gear=D(3) soc=70% turnSignal=3 doorLock=unlocked beltWarn=OK highBeam=OFF coolantTemp=90.0C(warn=NO) batteryWarn=OK
Parsed: seq=1659 time=1786929999133 speed=82 km/h rpm=2850 gear=D(3) soc=70% turnSignal=3 doorLock=unlocked beltWarn=OK highBeam=OFF coolantTemp=90.0C(warn=NO) batteryWarn=OK
Parsed: seq=1660 time=1786929999234 speed=80 km/h rpm=2800 gear=D(3) soc=70% turnSignal=3 doorLock=unlocked beltWarn=OK highBeam=OFF coolantTemp=90.0C(warn=NO) batteryWarn=OK
Parsed: seq=1661 time=1786929999335 speed=78 km/h rpm=2750 gear=D(3) soc=70% turnSignal=3 doorLock=unlocked beltWarn=OK highBeam=OFF coolantTemp=90.0C(warn=NO) batteryWarn=OK
Parsed: seq=1662 time=1786929999436 speed=76 km/h rpm=2700 gear=D(3) soc=70% turnSignal=3 doorLock=unlocked beltWarn=OK highBeam=OFF coolantTemp=90.0C(warn=NO) batteryWarn=OK
Parsed: seq=1663 time=1786929999537 speed=74 km/h rpm=2650 gear=D(3) soc=70% turnSignal=3 doorLock=unlocked beltWarn=OK highBeam=OFF coolantTemp=90.0C(warn=NO) batteryWarn=OK
Parsed: seq=1664 time=1786929999639 speed=72 km/h rpm=2600 gear=D(3) soc=70% turnSignal=3 doorLock=unlocked beltWarn=OK highBeam=OFF coolantTemp=90.0C(warn=NO) batteryWarn=OK
Parsed: seq=1665 time=1786929999739 speed=70 km/h rpm=2550 gear=D(3) soc=70% turnSignal=3 doorLock=unlocked beltWarn=OK highBeam=OFF coolantTemp=90.0C(warn=NO) batteryWarn=OK
Parsed: seq=1666 time=1786929999840 speed=68 km/h rpm=2500 gear=D(3) soc=70% turnSignal=3 doorLock=unlocked beltWarn=OK highBeam=OFF coolantTemp=90.0C(warn=NO) batteryWarn=OK
Parsed: seq=1667 time=1786929999941 speed=66 km/h rpm=2450 gear=D(3) soc=70% turnSignal=3 doorLock=unlocked beltWarn=OK highBeam=OFF coolantTemp=90.0C(warn=NO) batteryWarn=OK
Parsed: seq=1668 time=1786930000042 speed=64 km/h rpm=2400 gear=D(3) soc=70% turnSignal=3 doorLock=unlocked beltWarn=OK highBeam=OFF coolantTemp=90.0C(warn=NO) batteryWarn=OK
Parsed: seq=1669 time=1786930000143 speed=62 km/h rpm=2350 gear=D(3) soc=70% turnSignal=3 doorLock=unlocked beltWarn=OK highBeam=OFF coolantTemp=90.0C(warn=NO) batteryWarn=OK
Parsed: seq=1670 time=1786930000244 speed=60 km/h rpm=2300 gear=D(3) soc=70% turnSignal=3 doorLock=unlocked beltWarn=OK highBeam=OFF coolantTemp=90.0C(warn=NO) batteryWarn=OK
Parsed: seq=1671 time=1786930000345 speed=58 km/h rpm=2250 gear=D(3) soc=70% turnSignal=3 doorLock=unlocked beltWarn=OK highBeam=OFF coolantTemp=90.0C(warn=NO) batteryWarn=OK
Parsed: seq=1672 time=1786930000445 speed=56 km/h rpm=2200 gear=D(3) soc=70% turnSignal=3 doorLock=unlocked beltWarn=OK highBeam=OFF coolantTemp=90.0C(warn=NO) batteryWarn=OK
Parsed: seq=1673 time=1786930000546 speed=54 km/h rpm=2150 gear=D(3) soc=70% turnSignal=3 doorLock=unlocked beltWarn=OK highBeam=OFF coolantTemp=90.0C(warn=NO) batteryWarn=OK
Parsed: seq=1674 time=1786930000647 speed=52 km/h rpm=2100 gear=D(3) soc=70% turnSignal=3 doorLock=unlocked beltWarn=OK highBeam=OFF coolantTemp=90.0C(warn=NO) batteryWarn=OK
Parsed: seq=1675 time=1786930000749 speed=50 km/h rpm=2050 gear=D(3) soc=70% turnSignal=3 doorLock=unlocked beltWarn=OK highBeam=OFF coolantTemp=90.0C(warn=NO) batteryWarn=OK
Parsed: seq=1676 time=1786930000850 speed=48 km/h rpm=2000 gear=D(3) soc=70% turnSignal=3 doorLock=unlocked beltWarn=OK highBeam=OFF coolantTemp=90.0C(warn=NO) batteryWarn=OK
Parsed: seq=1677 time=1786930000951 speed=46 km/h rpm=1950 gear=D(3) soc=70% turnSignal=3 doorLock=unlocked beltWarn=OK highBeam=OFF coolantTemp=90.0C(warn=NO) batteryWarn=OK
Parsed: seq=1678 time=1786930001052 speed=44 km/h rpm=1900 gear=D(3) soc=70% turnSignal=3 doorLock=unlocked beltWarn=OK highBeam=OFF coolantTemp=90.0C(warn=NO) batteryWarn=OK
Parsed: seq=1679 time=1786930001153 speed=42 km/h rpm=1850 gear=D(3) soc=70% turnSignal=3 doorLock=unlocked beltWarn=OK highBeam=OFF coolantTemp=90.0C(warn=NO) batteryWarn=OK
Parsed: seq=1680 time=1786930001254 speed=40 km/h rpm=1800 gear=D(3) soc=70% turnSignal=0 doorLock=unlocked beltWarn=OK highBeam=OFF coolantTemp=90.0C(warn=NO) batteryWarn=OK
Parsed: seq=1681 time=1786930001355 speed=38 km/h rpm=1750 gear=D(3) soc=70% turnSignal=0 doorLock=unlocked beltWarn=OK highBeam=OFF coolantTemp=90.0C(warn=NO) batteryWarn=OK
Parsed: seq=1682 time=1786930001457 speed=36 km/h rpm=1700 gear=D(3) soc=70% turnSignal=0 doorLock=unlocked beltWarn=OK highBeam=OFF coolantTemp=90.0C(warn=NO) batteryWarn=OK
Parsed: seq=1683 time=1786930001558 speed=34 km/h rpm=1650 gear=D(3) soc=70% turnSignal=0 doorLock=unlocked beltWarn=OK highBeam=OFF coolantTemp=90.0C(warn=NO) batteryWarn=OK
Parsed: seq=1684 time=1786930001659 speed=32 km/h rpm=1600 gear=D(3) soc=70% turnSignal=0 doorLock=unlocked beltWarn=OK highBeam=OFF coolantTemp=90.0C(warn=NO) batteryWarn=OK
Parsed: seq=1685 time=1786930001760 speed=30 km/h rpm=1550 gear=D(3) soc=70% turnSignal=0 doorLock=unlocked beltWarn=OK highBeam=OFF coolantTemp=90.0C(warn=NO) batteryWarn=OK
Parsed: seq=1686 time=1786930001862 speed=28 km/h rpm=1500 gear=D(3) soc=70% turnSignal=0 doorLock=unlocked beltWarn=OK highBeam=OFF coolantTemp=90.0C(warn=NO) batteryWarn=OK
Parsed: seq=1687 time=1786930001963 speed=26 km/h rpm=1450 gear=D(3) soc=70% turnSignal=0 doorLock=unlocked beltWarn=OK highBeam=OFF coolantTemp=90.0C(warn=NO) batteryWarn=OK
Parsed: seq=1688 time=1786930002063 speed=24 km/h rpm=1400 gear=D(3) soc=70% turnSignal=0 doorLock=unlocked beltWarn=OK highBeam=OFF coolantTemp=90.0C(warn=NO) batteryWarn=OK
Parsed: seq=1689 time=1786930002165 speed=22 km/h rpm=1350 gear=D(3) soc=70% turnSignal=0 doorLock=unlocked beltWarn=OK highBeam=OFF coolantTemp=90.0C(warn=NO) batteryWarn=OK
Parsed: seq=1690 time=1786930002267 speed=20 km/h rpm=1300 gear=D(3) soc=70% turnSignal=0 doorLock=unlocked beltWarn=OK highBeam=OFF coolantTemp=90.0C(warn=NO) batteryWarn=OK
Parsed: seq=1691 time=1786930002369 speed=18 km/h rpm=1250 gear=D(3) soc=70% turnSignal=0 doorLock=unlocked beltWarn=OK highBeam=OFF coolantTemp=90.0C(warn=NO) batteryWarn=OK
Parsed: seq=1692 time=1786930002471 speed=16 km/h rpm=1200 gear=D(3) soc=70% turnSignal=0 doorLock=unlocked beltWarn=OK highBeam=OFF coolantTemp=90.0C(warn=NO) batteryWarn=OK
Parsed: seq=1693 time=1786930002572 speed=14 km/h rpm=1150 gear=D(3) soc=70% turnSignal=0 doorLock=unlocked beltWarn=OK highBeam=OFF coolantTemp=90.0C(warn=NO) batteryWarn=OK
Parsed: seq=1694 time=1786930002673 speed=12 km/h rpm=1100 gear=D(3) soc=70% turnSignal=0 doorLock=unlocked beltWarn=OK highBeam=OFF coolantTemp=90.0C(warn=NO) batteryWarn=OK
Parsed: seq=1695 time=1786930002774 speed=10 km/h rpm=1050 gear=D(3) soc=70% turnSignal=0 doorLock=unlocked beltWarn=OK highBeam=OFF coolantTemp=90.0C(warn=NO) batteryWarn=OK
Parsed: seq=1696 time=1786930002875 speed=8 km/h rpm=1000 gear=D(3) soc=70% turnSignal=0 doorLock=unlocked beltWarn=OK highBeam=OFF coolantTemp=90.0C(warn=NO) batteryWarn=OK
Parsed: seq=1697 time=1786930002975 speed=6 km/h rpm=950 gear=D(3) soc=70% turnSignal=0 doorLock=unlocked beltWarn=OK highBeam=OFF coolantTemp=90.0C(warn=NO) batteryWarn=OK
Parsed: seq=1698 time=1786930003076 speed=4 km/h rpm=900 gear=D(3) soc=70% turnSignal=0 doorLock=unlocked beltWarn=OK highBeam=OFF coolantTemp=90.0C(warn=NO) batteryWarn=OK
Parsed: seq=1699 time=1786930003177 speed=2 km/h rpm=850 gear=D(3) soc=70% turnSignal=0 doorLock=unlocked beltWarn=OK highBeam=OFF coolantTemp=90.0C(warn=NO) batteryWarn=OK
Parsed: seq=1700 time=1786930003279 speed=0 km/h rpm=800 gear=P(0) soc=70% turnSignal=0 doorLock=unlocked beltWarn=OK highBeam=ON coolantTemp=90.0C(warn=NO) batteryWarn=OK
Parsed: seq=1701 time=1786930003380 speed=2 km/h rpm=850 gear=D(3) soc=70% turnSignal=0 doorLock=unlocked beltWarn=OK highBeam=ON coolantTemp=90.0C(warn=NO) batteryWarn=OK
Parsed: seq=1702 time=1786930003480 speed=4 km/h rpm=900 gear=D(3) soc=70% turnSignal=0 doorLock=unlocked beltWarn=OK highBeam=ON coolantTemp=90.0C(warn=NO) batteryWarn=OK
Parsed: seq=1703 time=1786930003581 speed=6 km/h rpm=950 gear=D(3) soc=70% turnSignal=0 doorLock=unlocked beltWarn=OK highBeam=ON coolantTemp=90.0C(warn=NO) batteryWarn=OK
Parsed: seq=1704 time=1786930003682 speed=8 km/h rpm=1000 gear=D(3) soc=70% turnSignal=0 doorLock=unlocked beltWarn=OK highBeam=ON coolantTemp=90.0C(warn=NO) batteryWarn=OK
Parsed: seq=1705 time=1786930003783 speed=10 km/h rpm=1050 gear=D(3) soc=70% turnSignal=0 doorLock=unlocked beltWarn=OK highBeam=ON coolantTemp=90.0C(warn=NO) batteryWarn=OK
Parsed: seq=1706 time=1786930003884 speed=12 km/h rpm=1100 gear=D(3) soc=70% turnSignal=0 doorLock=unlocked beltWarn=OK highBeam=ON coolantTemp=90.0C(warn=NO) batteryWarn=OK
Parsed: seq=1707 time=1786930003986 speed=14 km/h rpm=1150 gear=D(3) soc=70% turnSignal=0 doorLock=unlocked beltWarn=OK highBeam=ON coolantTemp=90.0C(warn=NO) batteryWarn=OK
Parsed: seq=1708 time=1786930004087 speed=16 km/h rpm=1200 gear=D(3) soc=70% turnSignal=0 doorLock=unlocked beltWarn=OK highBeam=ON coolantTemp=90.0C(warn=NO) batteryWarn=OK
Parsed: seq=1709 time=1786930004189 speed=18 km/h rpm=1250 gear=D(3) soc=70% turnSignal=0 doorLock=unlocked beltWarn=OK highBeam=ON coolantTemp=90.0C(warn=NO) batteryWarn=OK
Parsed: seq=1710 time=1786930004290 speed=20 km/h rpm=1300 gear=D(3) soc=70% turnSignal=1 doorLock=unlocked beltWarn=OK highBeam=ON coolantTemp=90.0C(warn=NO) batteryWarn=OK
Parsed: seq=1711 time=1786930004390 speed=22 km/h rpm=1350 gear=D(3) soc=70% turnSignal=1 doorLock=unlocked beltWarn=OK highBeam=ON coolantTemp=90.0C(warn=NO) batteryWarn=OK
Parsed: seq=1712 time=1786930004492 speed=24 km/h rpm=1400 gear=D(3) soc=70% turnSignal=1 doorLock=unlocked beltWarn=OK highBeam=ON coolantTemp=90.0C(warn=NO) batteryWarn=OK
Parsed: seq=1713 time=1786930004594 speed=26 km/h rpm=1450 gear=D(3) soc=70% turnSignal=1 doorLock=unlocked beltWarn=OK highBeam=ON coolantTemp=90.0C(warn=NO) batteryWarn=OK
Parsed: seq=1714 time=1786930004695 speed=28 km/h rpm=1500 gear=D(3) soc=70% turnSignal=1 doorLock=unlocked beltWarn=OK highBeam=ON coolantTemp=90.0C(warn=NO) batteryWarn=OK
Parsed: seq=1715 time=1786930004797 speed=30 km/h rpm=1550 gear=D(3) soc=70% turnSignal=1 doorLock=unlocked beltWarn=OK highBeam=ON coolantTemp=90.0C(warn=NO) batteryWarn=OK
Parsed: seq=1716 time=1786930004899 speed=32 km/h rpm=1600 gear=D(3) soc=70% turnSignal=1 doorLock=unlocked beltWarn=OK highBeam=ON coolantTemp=90.0C(warn=NO) batteryWarn=OK
Parsed: seq=1717 time=1786930004999 speed=34 km/h rpm=1650 gear=D(3) soc=70% turnSignal=1 doorLock=unlocked beltWarn=OK highBeam=ON coolantTemp=90.0C(warn=NO) batteryWarn=OK
Parsed: seq=1718 time=1786930005101 speed=36 km/h rpm=1700 gear=D(3) soc=70% turnSignal=1 doorLock=unlocked beltWarn=OK highBeam=ON coolantTemp=90.0C(warn=NO) batteryWarn=OK
Parsed: seq=1719 time=1786930005203 speed=38 km/h rpm=1750 gear=D(3) soc=70% turnSignal=1 doorLock=unlocked beltWarn=OK highBeam=ON coolantTemp=90.0C(warn=NO) batteryWarn=OK
Parsed: seq=1720 time=1786930005304 speed=40 km/h rpm=1800 gear=D(3) soc=70% turnSignal=1 doorLock=unlocked beltWarn=OK highBeam=ON coolantTemp=90.0C(warn=NO) batteryWarn=OK
Parsed: seq=1721 time=1786930005405 speed=42 km/h rpm=1850 gear=D(3) soc=70% turnSignal=1 doorLock=unlocked beltWarn=OK highBeam=ON coolantTemp=90.0C(warn=NO) batteryWarn=OK
Parsed: seq=1722 time=1786930005506 speed=44 km/h rpm=1900 gear=D(3) soc=70% turnSignal=1 doorLock=unlocked beltWarn=OK highBeam=ON coolantTemp=90.0C(warn=NO) batteryWarn=OK
Parsed: seq=1723 time=1786930005606 speed=46 km/h rpm=1950 gear=D(3) soc=70% turnSignal=1 doorLock=unlocked beltWarn=OK highBeam=ON coolantTemp=90.0C(warn=NO) batteryWarn=OK
Parsed: seq=1724 time=1786930005708 speed=48 km/h rpm=2000 gear=D(3) soc=70% turnSignal=1 doorLock=unlocked beltWarn=OK highBeam=ON coolantTemp=90.0C(warn=NO) batteryWarn=OK
Parsed: seq=1725 time=1786930005808 speed=50 km/h rpm=2050 gear=D(3) soc=70% turnSignal=1 doorLock=unlocked beltWarn=OK highBeam=ON coolantTemp=90.0C(warn=NO) batteryWarn=OK
Parsed: seq=1726 time=1786930005910 speed=52 km/h rpm=2100 gear=D(3) soc=70% turnSignal=1 doorLock=unlocked beltWarn=OK highBeam=ON coolantTemp=90.0C(warn=NO) batteryWarn=OK
Parsed: seq=1727 time=1786930006011 speed=54 km/h rpm=2150 gear=D(3) soc=70% turnSignal=1 doorLock=unlocked beltWarn=OK highBeam=ON coolantTemp=90.0C(warn=NO) batteryWarn=OK
Parsed: seq=1728 time=1786930006113 speed=56 km/h rpm=2200 gear=D(3) soc=70% turnSignal=1 doorLock=unlocked beltWarn=OK highBeam=ON coolantTemp=90.0C(warn=NO) batteryWarn=OK
Parsed: seq=1729 time=1786930006215 speed=58 km/h rpm=2250 gear=D(3) soc=70% turnSignal=1 doorLock=unlocked beltWarn=OK highBeam=ON coolantTemp=90.0C(warn=NO) batteryWarn=OK
Parsed: seq=1730 time=1786930006316 speed=60 km/h rpm=2300 gear=D(3) soc=70% turnSignal=1 doorLock=unlocked beltWarn=OK highBeam=ON coolantTemp=90.0C(warn=NO) batteryWarn=OK
Parsed: seq=1731 time=1786930006417 speed=62 km/h rpm=2350 gear=D(3) soc=70% turnSignal=1 doorLock=unlocked beltWarn=OK highBeam=ON coolantTemp=90.0C(warn=NO) batteryWarn=OK
Parsed: seq=1732 time=1786930006518 speed=64 km/h rpm=2400 gear=D(3) soc=70% turnSignal=1 doorLock=unlocked beltWarn=OK highBeam=ON coolantTemp=90.0C(warn=NO) batteryWarn=OK
Parsed: seq=1733 time=1786930006619 speed=66 km/h rpm=2450 gear=D(3) soc=70% turnSignal=1 doorLock=unlocked beltWarn=OK highBeam=ON coolantTemp=90.0C(warn=NO) batteryWarn=OK
Parsed: seq=1734 time=1786930006720 speed=68 km/h rpm=2500 gear=D(3) soc=70% turnSignal=1 doorLock=unlocked beltWarn=OK highBeam=ON coolantTemp=90.0C(warn=NO) batteryWarn=OK
Parsed: seq=1735 time=1786930006821 speed=70 km/h rpm=2550 gear=D(3) soc=70% turnSignal=1 doorLock=unlocked beltWarn=OK highBeam=ON coolantTemp=90.0C(warn=NO) batteryWarn=OK
Parsed: seq=1736 time=1786930006923 speed=72 km/h rpm=2600 gear=D(3) soc=70% turnSignal=1 doorLock=unlocked beltWarn=OK highBeam=ON coolantTemp=90.0C(warn=NO) batteryWarn=OK
Parsed: seq=1737 time=1786930007024 speed=74 km/h rpm=2650 gear=D(3) soc=70% turnSignal=1 doorLock=unlocked beltWarn=OK highBeam=ON coolantTemp=90.0C(warn=NO) batteryWarn=OK
Parsed: seq=1738 time=1786930007126 speed=76 km/h rpm=2700 gear=D(3) soc=70% turnSignal=1 doorLock=unlocked beltWarn=OK highBeam=ON coolantTemp=90.0C(warn=NO) batteryWarn=OK
Parsed: seq=1739 time=1786930007226 speed=78 km/h rpm=2750 gear=D(3) soc=70% turnSignal=1 doorLock=unlocked beltWarn=OK highBeam=ON coolantTemp=90.0C(warn=NO) batteryWarn=OK
Parsed: seq=1740 time=1786930007328 speed=80 km/h rpm=2800 gear=D(3) soc=70% turnSignal=2 doorLock=unlocked beltWarn=OK highBeam=ON coolantTemp=90.0C(warn=NO) batteryWarn=OK
Parsed: seq=1741 time=1786930007428 speed=82 km/h rpm=2850 gear=D(3) soc=70% turnSignal=2 doorLock=unlocked beltWarn=OK highBeam=ON coolantTemp=90.0C(warn=NO) batteryWarn=OK
Parsed: seq=1742 time=1786930007529 speed=84 km/h rpm=2900 gear=D(3) soc=70% turnSignal=2 doorLock=unlocked beltWarn=OK highBeam=ON coolantTemp=90.0C(warn=NO) batteryWarn=OK
Parsed: seq=1743 time=1786930007631 speed=86 km/h rpm=2950 gear=D(3) soc=70% turnSignal=2 doorLock=unlocked beltWarn=OK highBeam=ON coolantTemp=90.0C(warn=NO) batteryWarn=OK
Parsed: seq=1744 time=1786930007732 speed=88 km/h rpm=3000 gear=D(3) soc=70% turnSignal=2 doorLock=unlocked beltWarn=OK highBeam=ON coolantTemp=90.0C(warn=NO) batteryWarn=OK
Parsed: seq=1745 time=1786930007833 speed=90 km/h rpm=3050 gear=D(3) soc=70% turnSignal=2 doorLock=unlocked beltWarn=OK highBeam=ON coolantTemp=90.0C(warn=NO) batteryWarn=OK
Parsed: seq=1746 time=1786930007934 speed=92 km/h rpm=3100 gear=D(3) soc=70% turnSignal=2 doorLock=unlocked beltWarn=OK highBeam=ON coolantTemp=90.0C(warn=NO) batteryWarn=OK
Parsed: seq=1747 time=1786930008035 speed=94 km/h rpm=3150 gear=D(3) soc=70% turnSignal=2 doorLock=unlocked beltWarn=OK highBeam=ON coolantTemp=90.0C(warn=NO) batteryWarn=OK
Parsed: seq=1748 time=1786930008136 speed=96 km/h rpm=3200 gear=D(3) soc=70% turnSignal=2 doorLock=unlocked beltWarn=OK highBeam=ON coolantTemp=90.0C(warn=NO) batteryWarn=OK
Parsed: seq=1749 time=1786930008238 speed=98 km/h rpm=3250 gear=D(3) soc=70% turnSignal=2 doorLock=unlocked beltWarn=OK highBeam=ON coolantTemp=90.0C(warn=NO) batteryWarn=OK
Parsed: seq=1750 time=1786930008339 speed=100 km/h rpm=3300 gear=D(3) soc=70% turnSignal=2 doorLock=unlocked beltWarn=OK highBeam=OFF coolantTemp=90.0C(warn=NO) batteryWarn=OK
Parsed: seq=1751 time=1786930008440 speed=98 km/h rpm=3250 gear=D(3) soc=70% turnSignal=2 doorLock=unlocked beltWarn=OK highBeam=OFF coolantTemp=90.0C(warn=NO) batteryWarn=OK
Parsed: seq=1752 time=1786930008541 speed=96 km/h rpm=3200 gear=D(3) soc=70% turnSignal=2 doorLock=unlocked beltWarn=OK highBeam=OFF coolantTemp=90.0C(warn=NO) batteryWarn=OK
Parsed: seq=1753 time=1786930008643 speed=94 km/h rpm=3150 gear=D(3) soc=70% turnSignal=2 doorLock=unlocked beltWarn=OK highBeam=OFF coolantTemp=90.0C(warn=NO) batteryWarn=OK
Parsed: seq=1754 time=1786930008744 speed=92 km/h rpm=3100 gear=D(3) soc=70% turnSignal=2 doorLock=unlocked beltWarn=OK highBeam=OFF coolantTemp=90.0C(warn=NO) batteryWarn=OK
Parsed: seq=1755 time=1786930008845 speed=90 km/h rpm=3050 gear=D(3) soc=70% turnSignal=2 doorLock=unlocked beltWarn=OK highBeam=OFF coolantTemp=90.0C(warn=NO) batteryWarn=OK
Parsed: seq=1756 time=1786930008947 speed=88 km/h rpm=3000 gear=D(3) soc=70% turnSignal=2 doorLock=unlocked beltWarn=OK highBeam=OFF coolantTemp=90.0C(warn=NO) batteryWarn=OK
Parsed: seq=1757 time=1786930009049 speed=86 km/h rpm=2950 gear=D(3) soc=70% turnSignal=2 doorLock=unlocked beltWarn=OK highBeam=OFF coolantTemp=90.0C(warn=NO) batteryWarn=OK
Parsed: seq=1758 time=1786930009150 speed=84 km/h rpm=2900 gear=D(3) soc=70% turnSignal=2 doorLock=unlocked beltWarn=OK highBeam=OFF coolantTemp=90.0C(warn=NO) batteryWarn=OK
Parsed: seq=1759 time=1786930009250 speed=82 km/h rpm=2850 gear=D(3) soc=70% turnSignal=2 doorLock=unlocked beltWarn=OK highBeam=OFF coolantTemp=90.0C(warn=NO) batteryWarn=OK
Parsed: seq=1760 time=1786930009352 speed=80 km/h rpm=2800 gear=D(3) soc=70% turnSignal=2 doorLock=unlocked beltWarn=OK highBeam=OFF coolantTemp=90.0C(warn=NO) batteryWarn=OK
Parsed: seq=1761 time=1786930009453 speed=78 km/h rpm=2750 gear=D(3) soc=70% turnSignal=2 doorLock=unlocked beltWarn=OK highBeam=OFF coolantTemp=90.0C(warn=NO) batteryWarn=OK
Parsed: seq=1762 time=1786930009555 speed=76 km/h rpm=2700 gear=D(3) soc=70% turnSignal=2 doorLock=unlocked beltWarn=OK highBeam=OFF coolantTemp=90.0C(warn=NO) batteryWarn=OK
Parsed: seq=1763 time=1786930009656 speed=74 km/h rpm=2650 gear=D(3) soc=70% turnSignal=2 doorLock=unlocked beltWarn=OK highBeam=OFF coolantTemp=90.0C(warn=NO) batteryWarn=OK
Parsed: seq=1764 time=1786930009758 speed=72 km/h rpm=2600 gear=D(3) soc=70% turnSignal=2 doorLock=unlocked beltWarn=OK highBeam=OFF coolantTemp=90.0C(warn=NO) batteryWarn=OK
Parsed: seq=1765 time=1786930009859 speed=70 km/h rpm=2550 gear=D(3) soc=70% turnSignal=2 doorLock=unlocked beltWarn=OK highBeam=OFF coolantTemp=90.0C(warn=NO) batteryWarn=OK
Parsed: seq=1766 time=1786930009961 speed=68 km/h rpm=2500 gear=D(3) soc=70% turnSignal=2 doorLock=unlocked beltWarn=OK highBeam=OFF coolantTemp=90.0C(warn=NO) batteryWarn=OK
Parsed: seq=1767 time=1786930010062 speed=66 km/h rpm=2450 gear=D(3) soc=70% turnSignal=2 doorLock=unlocked beltWarn=OK highBeam=OFF coolantTemp=90.0C(warn=NO) batteryWarn=OK
Parsed: seq=1768 time=1786930010163 speed=64 km/h rpm=2400 gear=D(3) soc=70% turnSignal=2 doorLock=unlocked beltWarn=OK highBeam=OFF coolantTemp=90.0C(warn=NO) batteryWarn=OK
Parsed: seq=1769 time=1786930010264 speed=62 km/h rpm=2350 gear=D(3) soc=70% turnSignal=2 doorLock=unlocked beltWarn=OK highBeam=OFF coolantTemp=90.0C(warn=NO) batteryWarn=OK
Parsed: seq=1770 time=1786930010365 speed=60 km/h rpm=2300 gear=D(3) soc=70% turnSignal=3 doorLock=unlocked beltWarn=OK highBeam=OFF coolantTemp=90.0C(warn=NO) batteryWarn=OK
Parsed: seq=1771 time=1786930010466 speed=58 km/h rpm=2250 gear=D(3) soc=70% turnSignal=3 doorLock=unlocked beltWarn=OK highBeam=OFF coolantTemp=90.0C(warn=NO) batteryWarn=OK
Parsed: seq=1772 time=1786930010567 speed=56 km/h rpm=2200 gear=D(3) soc=70% turnSignal=3 doorLock=unlocked beltWarn=OK highBeam=OFF coolantTemp=90.0C(warn=NO) batteryWarn=OK
Parsed: seq=1773 time=1786930010668 speed=54 km/h rpm=2150 gear=D(3) soc=70% turnSignal=3 doorLock=unlocked beltWarn=OK highBeam=OFF coolantTemp=90.0C(warn=NO) batteryWarn=OK
Parsed: seq=1774 time=1786930010770 speed=52 km/h rpm=2100 gear=D(3) soc=70% turnSignal=3 doorLock=unlocked beltWarn=OK highBeam=OFF coolantTemp=90.0C(warn=NO) batteryWarn=OK
Parsed: seq=1775 time=1786930010870 speed=50 km/h rpm=2050 gear=D(3) soc=70% turnSignal=3 doorLock=unlocked beltWarn=OK highBeam=OFF coolantTemp=90.0C(warn=NO) batteryWarn=OK
Parsed: seq=1776 time=1786930010972 speed=48 km/h rpm=2000 gear=D(3) soc=70% turnSignal=3 doorLock=unlocked beltWarn=OK highBeam=OFF coolantTemp=90.0C(warn=NO) batteryWarn=OK
Parsed: seq=1777 time=1786930011073 speed=46 km/h rpm=1950 gear=D(3) soc=70% turnSignal=3 doorLock=unlocked beltWarn=OK highBeam=OFF coolantTemp=90.0C(warn=NO) batteryWarn=OK
Parsed: seq=1778 time=1786930011174 speed=44 km/h rpm=1900 gear=D(3) soc=70% turnSignal=3 doorLock=unlocked beltWarn=OK highBeam=OFF coolantTemp=90.0C(warn=NO) batteryWarn=OK
Parsed: seq=1779 time=1786930011276 speed=42 km/h rpm=1850 gear=D(3) soc=70% turnSignal=3 doorLock=unlocked beltWarn=OK highBeam=OFF coolantTemp=90.0C(warn=NO) batteryWarn=OK
Parsed: seq=1780 time=1786930011376 speed=40 km/h rpm=1800 gear=D(3) soc=70% turnSignal=3 doorLock=unlocked beltWarn=OK highBeam=OFF coolantTemp=90.0C(warn=NO) batteryWarn=OK
Parsed: seq=1781 time=1786930011477 speed=38 km/h rpm=1750 gear=D(3) soc=70% turnSignal=3 doorLock=unlocked beltWarn=OK highBeam=OFF coolantTemp=90.0C(warn=NO) batteryWarn=OK
Parsed: seq=1782 time=1786930011578 speed=36 km/h rpm=1700 gear=D(3) soc=70% turnSignal=3 doorLock=unlocked beltWarn=OK highBeam=OFF coolantTemp=90.0C(warn=NO) batteryWarn=OK
Parsed: seq=1783 time=1786930011680 speed=34 km/h rpm=1650 gear=D(3) soc=70% turnSignal=3 doorLock=unlocked beltWarn=OK highBeam=OFF coolantTemp=90.0C(warn=NO) batteryWarn=OK
Parsed: seq=1784 time=1786930011781 speed=32 km/h rpm=1600 gear=D(3) soc=70% turnSignal=3 doorLock=unlocked beltWarn=OK highBeam=OFF coolantTemp=90.0C(warn=NO) batteryWarn=OK
Parsed: seq=1785 time=1786930011883 speed=30 km/h rpm=1550 gear=D(3) soc=70% turnSignal=3 doorLock=unlocked beltWarn=OK highBeam=OFF coolantTemp=90.0C(warn=NO) batteryWarn=OK
Parsed: seq=1786 time=1786930011983 speed=28 km/h rpm=1500 gear=D(3) soc=70% turnSignal=3 doorLock=unlocked beltWarn=OK highBeam=OFF coolantTemp=90.0C(warn=NO) batteryWarn=OK
Parsed: seq=1787 time=1786930012084 speed=26 km/h rpm=1450 gear=D(3) soc=70% turnSignal=3 doorLock=unlocked beltWarn=OK highBeam=OFF coolantTemp=90.0C(warn=NO) batteryWarn=OK
Parsed: seq=1788 time=1786930012185 speed=24 km/h rpm=1400 gear=D(3) soc=70% turnSignal=3 doorLock=unlocked beltWarn=OK highBeam=OFF coolantTemp=90.0C(warn=NO) batteryWarn=OK
Parsed: seq=1789 time=1786930012287 speed=22 km/h rpm=1350 gear=D(3) soc=70% turnSignal=3 doorLock=unlocked beltWarn=OK highBeam=OFF coolantTemp=90.0C(warn=NO) batteryWarn=OK
Parsed: seq=1790 time=1786930012389 speed=20 km/h rpm=1300 gear=D(3) soc=70% turnSignal=3 doorLock=unlocked beltWarn=OK highBeam=OFF coolantTemp=90.0C(warn=NO) batteryWarn=OK
Parsed: seq=1791 time=1786930012490 speed=18 km/h rpm=1250 gear=D(3) soc=70% turnSignal=3 doorLock=unlocked beltWarn=OK highBeam=OFF coolantTemp=90.0C(warn=NO) batteryWarn=OK
Parsed: seq=1792 time=1786930012592 speed=16 km/h rpm=1200 gear=D(3) soc=70% turnSignal=3 doorLock=unlocked beltWarn=OK highBeam=OFF coolantTemp=90.0C(warn=NO) batteryWarn=OK
Parsed: seq=1793 time=1786930012693 speed=14 km/h rpm=1150 gear=D(3) soc=70% turnSignal=3 doorLock=unlocked beltWarn=OK highBeam=OFF coolantTemp=90.0C(warn=NO) batteryWarn=OK
Parsed: seq=1794 time=1786930012794 speed=12 km/h rpm=1100 gear=D(3) soc=70% turnSignal=3 doorLock=unlocked beltWarn=OK highBeam=OFF coolantTemp=90.0C(warn=NO) batteryWarn=OK
Parsed: seq=1795 time=1786930012895 speed=10 km/h rpm=1050 gear=D(3) soc=70% turnSignal=3 doorLock=unlocked beltWarn=OK highBeam=OFF coolantTemp=90.0C(warn=NO) batteryWarn=OK
Parsed: seq=1796 time=1786930012996 speed=8 km/h rpm=1000 gear=D(3) soc=70% turnSignal=3 doorLock=unlocked beltWarn=OK highBeam=OFF coolantTemp=90.0C(warn=NO) batteryWarn=OK
Parsed: seq=1797 time=1786930013098 speed=6 km/h rpm=950 gear=D(3) soc=70% turnSignal=3 doorLock=unlocked beltWarn=OK highBeam=OFF coolantTemp=90.0C(warn=NO) batteryWarn=OK
Parsed: seq=1798 time=1786930013199 speed=4 km/h rpm=900 gear=D(3) soc=70% turnSignal=3 doorLock=unlocked beltWarn=OK highBeam=OFF coolantTemp=90.0C(warn=NO) batteryWarn=OK
Parsed: seq=1799 time=1786930013300 speed=2 km/h rpm=850 gear=D(3) soc=70% turnSignal=3 doorLock=unlocked beltWarn=OK highBeam=OFF coolantTemp=90.0C(warn=NO) batteryWarn=OK
Vehicle field out of range
Discarded frame: {"version":0,"seq":1800,"timestampMs":1786930013401,"speedKph":255,"rpm":9999,"gear":3,"soc":100,"turnSignal":0,"parkingBrake":false,"warning":0,"validity":1,"doorLock":true,"beltWarning":true,"headlightsState":1,"highBeamLightsState":1,"engineCoolantTemp":-999,"evBatteryLevel":150,"dataStatus":1}
Vehicle field out of range
Discarded frame: {"version":0,"seq":1801,"timestampMs":1786930013501,"speedKph":255,"rpm":9999,"gear":3,"soc":100,"turnSignal":0,"parkingBrake":false,"warning":0,"validity":1,"doorLock":true,"beltWarning":true,"headlightsState":1,"highBeamLightsState":1,"engineCoolantTemp":-999,"evBatteryLevel":150,"dataStatus":1}
Vehicle field out of range
Discarded frame: {"version":0,"seq":1802,"timestampMs":1786930013603,"speedKph":255,"rpm":9999,"gear":3,"soc":100,"turnSignal":0,"parkingBrake":false,"warning":0,"validity":1,"doorLock":true,"beltWarning":true,"headlightsState":1,"highBeamLightsState":1,"engineCoolantTemp":-999,"evBatteryLevel":150,"dataStatus":1}
Vehicle field out of range
Discarded frame: {"version":0,"seq":1803,"timestampMs":1786930013704,"speedKph":255,"rpm":9999,"gear":3,"soc":100,"turnSignal":0,"parkingBrake":false,"warning":0,"validity":1,"doorLock":true,"beltWarning":true,"headlightsState":1,"highBeamLightsState":1,"engineCoolantTemp":-999,"evBatteryLevel":150,"dataStatus":1}
Vehicle field out of range
Discarded frame: {"version":0,"seq":1804,"timestampMs":1786930013805,"speedKph":255,"rpm":9999,"gear":3,"soc":100,"turnSignal":0,"parkingBrake":false,"warning":0,"validity":1,"doorLock":true,"beltWarning":true,"headlightsState":1,"highBeamLightsState":1,"engineCoolantTemp":-999,"evBatteryLevel":150,"dataStatus":1}
Vehicle field out of range
Discarded frame: {"version":0,"seq":1805,"timestampMs":1786930013906,"speedKph":255,"rpm":9999,"gear":3,"soc":100,"turnSignal":0,"parkingBrake":false,"warning":0,"validity":1,"doorLock":true,"beltWarning":true,"headlightsState":1,"highBeamLightsState":1,"engineCoolantTemp":-999,"evBatteryLevel":150,"dataStatus":1}
Vehicle field out of range
Discarded frame: {"version":0,"seq":1806,"timestampMs":1786930014007,"speedKph":255,"rpm":9999,"gear":3,"soc":100,"turnSignal":0,"parkingBrake":false,"warning":0,"validity":1,"doorLock":true,"beltWarning":true,"headlightsState":1,"highBeamLightsState":1,"engineCoolantTemp":-999,"evBatteryLevel":150,"dataStatus":1}
Vehicle field out of range
Discarded frame: {"version":0,"seq":1807,"timestampMs":1786930014109,"speedKph":255,"rpm":9999,"gear":3,"soc":100,"turnSignal":0,"parkingBrake":false,"warning":0,"validity":1,"doorLock":true,"beltWarning":true,"headlightsState":1,"highBeamLightsState":1,"engineCoolantTemp":-999,"evBatteryLevel":150,"dataStatus":1}
Vehicle field out of range
Discarded frame: {"version":0,"seq":1808,"timestampMs":1786930014210,"speedKph":255,"rpm":9999,"gear":3,"soc":100,"turnSignal":0,"parkingBrake":false,"warning":0,"validity":1,"doorLock":true,"beltWarning":true,"headlightsState":1,"highBeamLightsState":1,"engineCoolantTemp":-999,"evBatteryLevel":150,"dataStatus":1}
Vehicle field out of range
Discarded frame: {"version":0,"seq":1809,"timestampMs":1786930014311,"speedKph":255,"rpm":9999,"gear":3,"soc":100,"turnSignal":0,"parkingBrake":false,"warning":0,"validity":1,"doorLock":true,"beltWarning":true,"headlightsState":1,"highBeamLightsState":1,"engineCoolantTemp":-999,"evBatteryLevel":150,"dataStatus":1}
Vehicle field out of range
Discarded frame: {"version":0,"seq":1810,"timestampMs":1786930014413,"speedKph":255,"rpm":9999,"gear":3,"soc":100,"turnSignal":0,"parkingBrake":false,"warning":0,"validity":1,"doorLock":true,"beltWarning":true,"headlightsState":1,"highBeamLightsState":1,"engineCoolantTemp":-999,"evBatteryLevel":150,"dataStatus":1}
Vehicle field out of range
Discarded frame: {"version":0,"seq":1811,"timestampMs":1786930014515,"speedKph":255,"rpm":9999,"gear":3,"soc":100,"turnSignal":0,"parkingBrake":false,"warning":0,"validity":1,"doorLock":true,"beltWarning":true,"headlightsState":1,"highBeamLightsState":1,"engineCoolantTemp":-999,"evBatteryLevel":150,"dataStatus":1}
Vehicle field out of range
Discarded frame: {"version":0,"seq":1812,"timestampMs":1786930014616,"speedKph":255,"rpm":9999,"gear":3,"soc":100,"turnSignal":0,"parkingBrake":false,"warning":0,"validity":1,"doorLock":true,"beltWarning":true,"headlightsState":1,"highBeamLightsState":1,"engineCoolantTemp":-999,"evBatteryLevel":150,"dataStatus":1}
Vehicle field out of range
Discarded frame: {"version":0,"seq":1813,"timestampMs":1786930014717,"speedKph":255,"rpm":9999,"gear":3,"soc":100,"turnSignal":0,"parkingBrake":false,"warning":0,"validity":1,"doorLock":true,"beltWarning":true,"headlightsState":1,"highBeamLightsState":1,"engineCoolantTemp":-999,"evBatteryLevel":150,"dataStatus":1}
Vehicle field out of range
Discarded frame: {"version":0,"seq":1814,"timestampMs":1786930014819,"speedKph":255,"rpm":9999,"gear":3,"soc":100,"turnSignal":0,"parkingBrake":false,"warning":0,"validity":1,"doorLock":true,"beltWarning":true,"headlightsState":1,"highBeamLightsState":1,"engineCoolantTemp":-999,"evBatteryLevel":150,"dataStatus":1}
Vehicle field out of range
Discarded frame: {"version":0,"seq":1815,"timestampMs":1786930014920,"speedKph":255,"rpm":9999,"gear":3,"soc":100,"turnSignal":0,"parkingBrake":false,"warning":0,"validity":1,"doorLock":true,"beltWarning":true,"headlightsState":1,"highBeamLightsState":1,"engineCoolantTemp":-999,"evBatteryLevel":150,"dataStatus":1}
Vehicle field out of range
Discarded frame: {"version":0,"seq":1816,"timestampMs":1786930015021,"speedKph":255,"rpm":9999,"gear":3,"soc":100,"turnSignal":0,"parkingBrake":false,"warning":0,"validity":1,"doorLock":true,"beltWarning":true,"headlightsState":1,"highBeamLightsState":1,"engineCoolantTemp":-999,"evBatteryLevel":150,"dataStatus":1}
Vehicle field out of range
Discarded frame: {"version":0,"seq":1817,"timestampMs":1786930015123,"speedKph":255,"rpm":9999,"gear":3,"soc":100,"turnSignal":0,"parkingBrake":false,"warning":0,"validity":1,"doorLock":true,"beltWarning":true,"headlightsState":1,"highBeamLightsState":1,"engineCoolantTemp":-999,"evBatteryLevel":150,"dataStatus":1}
Vehicle field out of range
Discarded frame: {"version":0,"seq":1818,"timestampMs":1786930015224,"speedKph":255,"rpm":9999,"gear":3,"soc":100,"turnSignal":0,"parkingBrake":false,"warning":0,"validity":1,"doorLock":true,"beltWarning":true,"headlightsState":1,"highBeamLightsState":1,"engineCoolantTemp":-999,"evBatteryLevel":150,"dataStatus":1}
Vehicle field out of range
Discarded frame: {"version":0,"seq":1819,"timestampMs":1786930015326,"speedKph":255,"rpm":9999,"gear":3,"soc":100,"turnSignal":0,"parkingBrake":false,"warning":0,"validity":1,"doorLock":true,"beltWarning":true,"headlightsState":1,"highBeamLightsState":1,"engineCoolantTemp":-999,"evBatteryLevel":150,"dataStatus":1}
Vehicle field out of range
Discarded frame: {"version":0,"seq":1820,"timestampMs":1786930015427,"speedKph":255,"rpm":9999,"gear":3,"soc":100,"turnSignal":0,"parkingBrake":false,"warning":0,"validity":1,"doorLock":true,"beltWarning":true,"headlightsState":1,"highBeamLightsState":1,"engineCoolantTemp":-999,"evBatteryLevel":150,"dataStatus":1}
Vehicle field out of range
Discarded frame: {"version":0,"seq":1821,"timestampMs":1786930015529,"speedKph":255,"rpm":9999,"gear":3,"soc":100,"turnSignal":0,"parkingBrake":false,"warning":0,"validity":1,"doorLock":true,"beltWarning":true,"headlightsState":1,"highBeamLightsState":1,"engineCoolantTemp":-999,"evBatteryLevel":150,"dataStatus":1}
Vehicle field out of range
Discarded frame: {"version":0,"seq":1822,"timestampMs":1786930015630,"speedKph":255,"rpm":9999,"gear":3,"soc":100,"turnSignal":0,"parkingBrake":false,"warning":0,"validity":1,"doorLock":true,"beltWarning":true,"headlightsState":1,"highBeamLightsState":1,"engineCoolantTemp":-999,"evBatteryLevel":150,"dataStatus":1}
Vehicle field out of range
Discarded frame: {"version":0,"seq":1823,"timestampMs":1786930015731,"speedKph":255,"rpm":9999,"gear":3,"soc":100,"turnSignal":0,"parkingBrake":false,"warning":0,"validity":1,"doorLock":true,"beltWarning":true,"headlightsState":1,"highBeamLightsState":1,"engineCoolantTemp":-999,"evBatteryLevel":150,"dataStatus":1}
Vehicle field out of range
Discarded frame: {"version":0,"seq":1824,"timestampMs":1786930015832,"speedKph":255,"rpm":9999,"gear":3,"soc":100,"turnSignal":0,"parkingBrake":false,"warning":0,"validity":1,"doorLock":true,"beltWarning":true,"headlightsState":1,"highBeamLightsState":1,"engineCoolantTemp":-999,"evBatteryLevel":150,"dataStatus":1}
Vehicle field out of range
Discarded frame: {"version":0,"seq":1825,"timestampMs":1786930015934,"speedKph":255,"rpm":9999,"gear":3,"soc":100,"turnSignal":0,"parkingBrake":false,"warning":0,"validity":1,"doorLock":true,"beltWarning":true,"headlightsState":1,"highBeamLightsState":1,"engineCoolantTemp":-999,"evBatteryLevel":150,"dataStatus":1}
Vehicle field out of range
Discarded frame: {"version":0,"seq":1826,"timestampMs":1786930016038,"speedKph":255,"rpm":9999,"gear":3,"soc":100,"turnSignal":0,"parkingBrake":false,"warning":0,"validity":1,"doorLock":true,"beltWarning":true,"headlightsState":1,"highBeamLightsState":1,"engineCoolantTemp":-999,"evBatteryLevel":150,"dataStatus":1}
Vehicle field out of range
Discarded frame: {"version":0,"seq":1827,"timestampMs":1786930016139,"speedKph":255,"rpm":9999,"gear":3,"soc":100,"turnSignal":0,"parkingBrake":false,"warning":0,"validity":1,"doorLock":true,"beltWarning":true,"headlightsState":1,"highBeamLightsState":1,"engineCoolantTemp":-999,"evBatteryLevel":150,"dataStatus":1}
Vehicle field out of range
Discarded frame: {"version":0,"seq":1828,"timestampMs":1786930016240,"speedKph":255,"rpm":9999,"gear":3,"soc":100,"turnSignal":0,"parkingBrake":false,"warning":0,"validity":1,"doorLock":true,"beltWarning":true,"headlightsState":1,"highBeamLightsState":1,"engineCoolantTemp":-999,"evBatteryLevel":150,"dataStatus":1}
Vehicle field out of range
Discarded frame: {"version":0,"seq":1829,"timestampMs":1786930016341,"speedKph":255,"rpm":9999,"gear":3,"soc":100,"turnSignal":0,"parkingBrake":false,"warning":0,"validity":1,"doorLock":true,"beltWarning":true,"headlightsState":1,"highBeamLightsState":1,"engineCoolantTemp":-999,"evBatteryLevel":150,"dataStatus":1}
[VehicleData] TCP receive timeout (> 3000 ms), state invalidated
Vehicle field out of range
Discarded frame: {"version":0,"seq":1830,"timestampMs":1786930016443,"speedKph":255,"rpm":9999,"gear":3,"soc":100,"turnSignal":1,"parkingBrake":false,"warning":0,"validity":1,"doorLock":true,"beltWarning":true,"headlightsState":1,"highBeamLightsState":1,"engineCoolantTemp":-999,"evBatteryLevel":150,"dataStatus":1}
Vehicle field out of range
Discarded frame: {"version":0,"seq":1831,"timestampMs":1786930016544,"speedKph":255,"rpm":9999,"gear":3,"soc":100,"turnSignal":1,"parkingBrake":false,"warning":0,"validity":1,"doorLock":true,"beltWarning":true,"headlightsState":1,"highBeamLightsState":1,"engineCoolantTemp":-999,"evBatteryLevel":150,"dataStatus":1}
Vehicle field out of range
Discarded frame: {"version":0,"seq":1832,"timestampMs":1786930016646,"speedKph":255,"rpm":9999,"gear":3,"soc":100,"turnSignal":1,"parkingBrake":false,"warning":0,"validity":1,"doorLock":true,"beltWarning":true,"headlightsState":1,"highBeamLightsState":1,"engineCoolantTemp":-999,"evBatteryLevel":150,"dataStatus":1}
Vehicle field out of range
Discarded frame: {"version":0,"seq":1833,"timestampMs":1786930016747,"speedKph":255,"rpm":9999,"gear":3,"soc":100,"turnSignal":1,"parkingBrake":false,"warning":0,"validity":1,"doorLock":true,"beltWarning":true,"headlightsState":1,"highBeamLightsState":1,"engineCoolantTemp":-999,"evBatteryLevel":150,"dataStatus":1}
Vehicle field out of range
Discarded frame: {"version":0,"seq":1834,"timestampMs":1786930016848,"speedKph":255,"rpm":9999,"gear":3,"soc":100,"turnSignal":1,"parkingBrake":false,"warning":0,"validity":1,"doorLock":true,"beltWarning":true,"headlightsState":1,"highBeamLightsState":1,"engineCoolantTemp":-999,"evBatteryLevel":150,"dataStatus":1}
Vehicle field out of range
Discarded frame: {"version":0,"seq":1835,"timestampMs":1786930016950,"speedKph":255,"rpm":9999,"gear":3,"soc":100,"turnSignal":1,"parkingBrake":false,"warning":0,"validity":1,"doorLock":true,"beltWarning":true,"headlightsState":1,"highBeamLightsState":1,"engineCoolantTemp":-999,"evBatteryLevel":150,"dataStatus":1}
Vehicle field out of range
Discarded frame: {"version":0,"seq":1836,"timestampMs":1786930017051,"speedKph":255,"rpm":9999,"gear":3,"soc":100,"turnSignal":1,"parkingBrake":false,"warning":0,"validity":1,"doorLock":true,"beltWarning":true,"headlightsState":1,"highBeamLightsState":1,"engineCoolantTemp":-999,"evBatteryLevel":150,"dataStatus":1}
Vehicle field out of range
Discarded frame: {"version":0,"seq":1837,"timestampMs":1786930017152,"speedKph":255,"rpm":9999,"gear":3,"soc":100,"turnSignal":1,"parkingBrake":false,"warning":0,"validity":1,"doorLock":true,"beltWarning":true,"headlightsState":1,"highBeamLightsState":1,"engineCoolantTemp":-999,"evBatteryLevel":150,"dataStatus":1}
Vehicle field out of range
Discarded frame: {"version":0,"seq":1838,"timestampMs":1786930017254,"speedKph":255,"rpm":9999,"gear":3,"soc":100,"turnSignal":1,"parkingBrake":false,"warning":0,"validity":1,"doorLock":true,"beltWarning":true,"headlightsState":1,"highBeamLightsState":1,"engineCoolantTemp":-999,"evBatteryLevel":150,"dataStatus":1}
Vehicle field out of range
Discarded frame: {"version":0,"seq":1839,"timestampMs":1786930017354,"speedKph":255,"rpm":9999,"gear":3,"soc":100,"turnSignal":1,"parkingBrake":false,"warning":0,"validity":1,"doorLock":true,"beltWarning":true,"headlightsState":1,"highBeamLightsState":1,"engineCoolantTemp":-999,"evBatteryLevel":150,"dataStatus":1}
Vehicle field out of range
Discarded frame: {"version":0,"seq":1840,"timestampMs":1786930017456,"speedKph":255,"rpm":9999,"gear":3,"soc":100,"turnSignal":1,"parkingBrake":false,"warning":0,"validity":1,"doorLock":true,"beltWarning":true,"headlightsState":1,"highBeamLightsState":1,"engineCoolantTemp":-999,"evBatteryLevel":150,"dataStatus":1}
Vehicle field out of range
Discarded frame: {"version":0,"seq":1841,"timestampMs":1786930017557,"speedKph":255,"rpm":9999,"gear":3,"soc":100,"turnSignal":1,"parkingBrake":false,"warning":0,"validity":1,"doorLock":true,"beltWarning":true,"headlightsState":1,"highBeamLightsState":1,"engineCoolantTemp":-999,"evBatteryLevel":150,"dataStatus":1}
Vehicle field out of range
Discarded frame: {"version":0,"seq":1842,"timestampMs":1786930017659,"speedKph":255,"rpm":9999,"gear":3,"soc":100,"turnSignal":1,"parkingBrake":false,"warning":0,"validity":1,"doorLock":true,"beltWarning":true,"headlightsState":1,"highBeamLightsState":1,"engineCoolantTemp":-999,"evBatteryLevel":150,"dataStatus":1}
Vehicle field out of range
Discarded frame: {"version":0,"seq":1843,"timestampMs":1786930017760,"speedKph":255,"rpm":9999,"gear":3,"soc":100,"turnSignal":1,"parkingBrake":false,"warning":0,"validity":1,"doorLock":true,"beltWarning":true,"headlightsState":1,"highBeamLightsState":1,"engineCoolantTemp":-999,"evBatteryLevel":150,"dataStatus":1}
Vehicle field out of range
Discarded frame: {"version":0,"seq":1844,"timestampMs":1786930017861,"speedKph":255,"rpm":9999,"gear":3,"soc":100,"turnSignal":1,"parkingBrake":false,"warning":0,"validity":1,"doorLock":true,"beltWarning":true,"headlightsState":1,"highBeamLightsState":1,"engineCoolantTemp":-999,"evBatteryLevel":150,"dataStatus":1}
Vehicle field out of range
Discarded frame: {"version":0,"seq":1845,"timestampMs":1786930017962,"speedKph":255,"rpm":9999,"gear":3,"soc":100,"turnSignal":1,"parkingBrake":false,"warning":0,"validity":1,"doorLock":true,"beltWarning":true,"headlightsState":1,"highBeamLightsState":1,"engineCoolantTemp":-999,"evBatteryLevel":150,"dataStatus":1}
Vehicle field out of range
Discarded frame: {"version":0,"seq":1846,"timestampMs":1786930018063,"speedKph":255,"rpm":9999,"gear":3,"soc":100,"turnSignal":1,"parkingBrake":false,"warning":0,"validity":1,"doorLock":true,"beltWarning":true,"headlightsState":1,"highBeamLightsState":1,"engineCoolantTemp":-999,"evBatteryLevel":150,"dataStatus":1}
Vehicle field out of range
Discarded frame: {"version":0,"seq":1847,"timestampMs":1786930018165,"speedKph":255,"rpm":9999,"gear":3,"soc":100,"turnSignal":1,"parkingBrake":false,"warning":0,"validity":1,"doorLock":true,"beltWarning":true,"headlightsState":1,"highBeamLightsState":1,"engineCoolantTemp":-999,"evBatteryLevel":150,"dataStatus":1}
Vehicle field out of range
Discarded frame: {"version":0,"seq":1848,"timestampMs":1786930018266,"speedKph":255,"rpm":9999,"gear":3,"soc":100,"turnSignal":1,"parkingBrake":false,"warning":0,"validity":1,"doorLock":true,"beltWarning":true,"headlightsState":1,"highBeamLightsState":1,"engineCoolantTemp":-999,"evBatteryLevel":150,"dataStatus":1}
Vehicle field out of range
Discarded frame: {"version":0,"seq":1849,"timestampMs":1786930018367,"speedKph":255,"rpm":9999,"gear":3,"soc":100,"turnSignal":1,"parkingBrake":false,"warning":0,"validity":1,"doorLock":true,"beltWarning":true,"headlightsState":1,"highBeamLightsState":1,"engineCoolantTemp":-999,"evBatteryLevel":150,"dataStatus":1}
Vehicle field out of range
Discarded frame: {"version":0,"seq":1850,"timestampMs":1786930018469,"speedKph":255,"rpm":9999,"gear":3,"soc":100,"turnSignal":1,"parkingBrake":false,"warning":0,"validity":1,"doorLock":true,"beltWarning":true,"headlightsState":1,"highBeamLightsState":0,"engineCoolantTemp":-999,"evBatteryLevel":150,"dataStatus":1}
Vehicle field out of range
Discarded frame: {"version":0,"seq":1851,"timestampMs":1786930018570,"speedKph":255,"rpm":9999,"gear":3,"soc":100,"turnSignal":1,"parkingBrake":false,"warning":0,"validity":1,"doorLock":true,"beltWarning":true,"headlightsState":1,"highBeamLightsState":0,"engineCoolantTemp":-999,"evBatteryLevel":150,"dataStatus":1}
Vehicle field out of range
Discarded frame: {"version":0,"seq":1852,"timestampMs":1786930018672,"speedKph":255,"rpm":9999,"gear":3,"soc":100,"turnSignal":1,"parkingBrake":false,"warning":0,"validity":1,"doorLock":true,"beltWarning":true,"headlightsState":1,"highBeamLightsState":0,"engineCoolantTemp":-999,"evBatteryLevel":150,"dataStatus":1}
Vehicle field out of range
Discarded frame: {"version":0,"seq":1853,"timestampMs":1786930018772,"speedKph":255,"rpm":9999,"gear":3,"soc":100,"turnSignal":1,"parkingBrake":false,"warning":0,"validity":1,"doorLock":true,"beltWarning":true,"headlightsState":1,"highBeamLightsState":0,"engineCoolantTemp":-999,"evBatteryLevel":150,"dataStatus":1}
Vehicle field out of range
Discarded frame: {"version":0,"seq":1854,"timestampMs":1786930018874,"speedKph":255,"rpm":9999,"gear":3,"soc":100,"turnSignal":1,"parkingBrake":false,"warning":0,"validity":1,"doorLock":true,"beltWarning":true,"headlightsState":1,"highBeamLightsState":0,"engineCoolantTemp":-999,"evBatteryLevel":150,"dataStatus":1}
Vehicle field out of range
Discarded frame: {"version":0,"seq":1855,"timestampMs":1786930018976,"speedKph":255,"rpm":9999,"gear":3,"soc":100,"turnSignal":1,"parkingBrake":false,"warning":0,"validity":1,"doorLock":true,"beltWarning":true,"headlightsState":1,"highBeamLightsState":0,"engineCoolantTemp":-999,"evBatteryLevel":150,"dataStatus":1}
Vehicle field out of range
Discarded frame: {"version":0,"seq":1856,"timestampMs":1786930019077,"speedKph":255,"rpm":9999,"gear":3,"soc":100,"turnSignal":1,"parkingBrake":false,"warning":0,"validity":1,"doorLock":true,"beltWarning":true,"headlightsState":1,"highBeamLightsState":0,"engineCoolantTemp":-999,"evBatteryLevel":150,"dataStatus":1}
Vehicle field out of range
Discarded frame: {"version":0,"seq":1857,"timestampMs":1786930019179,"speedKph":255,"rpm":9999,"gear":3,"soc":100,"turnSignal":1,"parkingBrake":false,"warning":0,"validity":1,"doorLock":true,"beltWarning":true,"headlightsState":1,"highBeamLightsState":0,"engineCoolantTemp":-999,"evBatteryLevel":150,"dataStatus":1}
Vehicle field out of range
Discarded frame: {"version":0,"seq":1858,"timestampMs":1786930019280,"speedKph":255,"rpm":9999,"gear":3,"soc":100,"turnSignal":1,"parkingBrake":false,"warning":0,"validity":1,"doorLock":true,"beltWarning":true,"headlightsState":1,"highBeamLightsState":0,"engineCoolantTemp":-999,"evBatteryLevel":150,"dataStatus":1}
Vehicle field out of range
Discarded frame: {"version":0,"seq":1859,"timestampMs":1786930019381,"speedKph":255,"rpm":9999,"gear":3,"soc":100,"turnSignal":1,"parkingBrake":false,"warning":0,"validity":1,"doorLock":true,"beltWarning":true,"headlightsState":1,"highBeamLightsState":0,"engineCoolantTemp":-999,"evBatteryLevel":150,"dataStatus":1}
Vehicle field out of range
Discarded frame: {"version":0,"seq":1860,"timestampMs":1786930019483,"speedKph":255,"rpm":9999,"gear":3,"soc":100,"turnSignal":2,"parkingBrake":false,"warning":0,"validity":1,"doorLock":true,"beltWarning":true,"headlightsState":1,"highBeamLightsState":0,"engineCoolantTemp":-999,"evBatteryLevel":150,"dataStatus":1}
Vehicle field out of range
Discarded frame: {"version":0,"seq":1861,"timestampMs":1786930019584,"speedKph":255,"rpm":9999,"gear":3,"soc":100,"turnSignal":2,"parkingBrake":false,"warning":0,"validity":1,"doorLock":true,"beltWarning":true,"headlightsState":1,"highBeamLightsState":0,"engineCoolantTemp":-999,"evBatteryLevel":150,"dataStatus":1}
Vehicle field out of range
Discarded frame: {"version":0,"seq":1862,"timestampMs":1786930019685,"speedKph":255,"rpm":9999,"gear":3,"soc":100,"turnSignal":2,"parkingBrake":false,"warning":0,"validity":1,"doorLock":true,"beltWarning":true,"headlightsState":1,"highBeamLightsState":0,"engineCoolantTemp":-999,"evBatteryLevel":150,"dataStatus":1}
Vehicle field out of range
Discarded frame: {"version":0,"seq":1863,"timestampMs":1786930019786,"speedKph":255,"rpm":9999,"gear":3,"soc":100,"turnSignal":2,"parkingBrake":false,"warning":0,"validity":1,"doorLock":true,"beltWarning":true,"headlightsState":1,"highBeamLightsState":0,"engineCoolantTemp":-999,"evBatteryLevel":150,"dataStatus":1}
Vehicle field out of range
Discarded frame: {"version":0,"seq":1864,"timestampMs":1786930019888,"speedKph":255,"rpm":9999,"gear":3,"soc":100,"turnSignal":2,"parkingBrake":false,"warning":0,"validity":1,"doorLock":true,"beltWarning":true,"headlightsState":1,"highBeamLightsState":0,"engineCoolantTemp":-999,"evBatteryLevel":150,"dataStatus":1}
Vehicle field out of range
Discarded frame: {"version":0,"seq":1865,"timestampMs":1786930019991,"speedKph":255,"rpm":9999,"gear":3,"soc":100,"turnSignal":2,"parkingBrake":false,"warning":0,"validity":1,"doorLock":true,"beltWarning":true,"headlightsState":1,"highBeamLightsState":0,"engineCoolantTemp":-999,"evBatteryLevel":150,"dataStatus":1}
Vehicle field out of range
Discarded frame: {"version":0,"seq":1866,"timestampMs":1786930020093,"speedKph":255,"rpm":9999,"gear":3,"soc":100,"turnSignal":2,"parkingBrake":false,"warning":0,"validity":1,"doorLock":true,"beltWarning":true,"headlightsState":1,"highBeamLightsState":0,"engineCoolantTemp":-999,"evBatteryLevel":150,"dataStatus":1}
Vehicle field out of range
Discarded frame: {"version":0,"seq":1867,"timestampMs":1786930020194,"speedKph":255,"rpm":9999,"gear":3,"soc":100,"turnSignal":2,"parkingBrake":false,"warning":0,"validity":1,"doorLock":true,"beltWarning":true,"headlightsState":1,"highBeamLightsState":0,"engineCoolantTemp":-999,"evBatteryLevel":150,"dataStatus":1}
Vehicle field out of range
Discarded frame: {"version":0,"seq":1868,"timestampMs":1786930020295,"speedKph":255,"rpm":9999,"gear":3,"soc":100,"turnSignal":2,"parkingBrake":false,"warning":0,"validity":1,"doorLock":true,"beltWarning":true,"headlightsState":1,"highBeamLightsState":0,"engineCoolantTemp":-999,"evBatteryLevel":150,"dataStatus":1}
Vehicle field out of range
Discarded frame: {"version":0,"seq":1869,"timestampMs":1786930020397,"speedKph":255,"rpm":9999,"gear":3,"soc":100,"turnSignal":2,"parkingBrake":false,"warning":0,"validity":1,"doorLock":true,"beltWarning":true,"headlightsState":1,"highBeamLightsState":0,"engineCoolantTemp":-999,"evBatteryLevel":150,"dataStatus":1}
Vehicle field out of range
Discarded frame: {"version":0,"seq":1870,"timestampMs":1786930020498,"speedKph":255,"rpm":9999,"gear":3,"soc":100,"turnSignal":2,"parkingBrake":false,"warning":0,"validity":1,"doorLock":true,"beltWarning":true,"headlightsState":1,"highBeamLightsState":0,"engineCoolantTemp":-999,"evBatteryLevel":150,"dataStatus":1}
Vehicle field out of range
Discarded frame: {"version":0,"seq":1871,"timestampMs":1786930020599,"speedKph":255,"rpm":9999,"gear":3,"soc":100,"turnSignal":2,"parkingBrake":false,"warning":0,"validity":1,"doorLock":true,"beltWarning":true,"headlightsState":1,"highBeamLightsState":0,"engineCoolantTemp":-999,"evBatteryLevel":150,"dataStatus":1}
Vehicle field out of range
Discarded frame: {"version":0,"seq":1872,"timestampMs":1786930020700,"speedKph":255,"rpm":9999,"gear":3,"soc":100,"turnSignal":2,"parkingBrake":false,"warning":0,"validity":1,"doorLock":true,"beltWarning":true,"headlightsState":1,"highBeamLightsState":0,"engineCoolantTemp":-999,"evBatteryLevel":150,"dataStatus":1}
Vehicle field out of range
Discarded frame: {"version":0,"seq":1873,"timestampMs":1786930020801,"speedKph":255,"rpm":9999,"gear":3,"soc":100,"turnSignal":2,"parkingBrake":false,"warning":0,"validity":1,"doorLock":true,"beltWarning":true,"headlightsState":1,"highBeamLightsState":0,"engineCoolantTemp":-999,"evBatteryLevel":150,"dataStatus":1}
Vehicle field out of range
Discarded frame: {"version":0,"seq":1874,"timestampMs":1786930020902,"speedKph":255,"rpm":9999,"gear":3,"soc":100,"turnSignal":2,"parkingBrake":false,"warning":0,"validity":1,"doorLock":true,"beltWarning":true,"headlightsState":1,"highBeamLightsState":0,"engineCoolantTemp":-999,"evBatteryLevel":150,"dataStatus":1}
Vehicle field out of range
Discarded frame: {"version":0,"seq":1875,"timestampMs":1786930021004,"speedKph":255,"rpm":9999,"gear":3,"soc":100,"turnSignal":2,"parkingBrake":false,"warning":0,"validity":1,"doorLock":true,"beltWarning":true,"headlightsState":1,"highBeamLightsState":0,"engineCoolantTemp":-999,"evBatteryLevel":150,"dataStatus":1}
Vehicle field out of range
Discarded frame: {"version":0,"seq":1876,"timestampMs":1786930021106,"speedKph":255,"rpm":9999,"gear":3,"soc":100,"turnSignal":2,"parkingBrake":false,"warning":0,"validity":1,"doorLock":true,"beltWarning":true,"headlightsState":1,"highBeamLightsState":0,"engineCoolantTemp":-999,"evBatteryLevel":150,"dataStatus":1}
Vehicle field out of range
Discarded frame: {"version":0,"seq":1877,"timestampMs":1786930021208,"speedKph":255,"rpm":9999,"gear":3,"soc":100,"turnSignal":2,"parkingBrake":false,"warning":0,"validity":1,"doorLock":true,"beltWarning":true,"headlightsState":1,"highBeamLightsState":0,"engineCoolantTemp":-999,"evBatteryLevel":150,"dataStatus":1}
Vehicle field out of range
Discarded frame: {"version":0,"seq":1878,"timestampMs":1786930021309,"speedKph":255,"rpm":9999,"gear":3,"soc":100,"turnSignal":2,"parkingBrake":false,"warning":0,"validity":1,"doorLock":true,"beltWarning":true,"headlightsState":1,"highBeamLightsState":0,"engineCoolantTemp":-999,"evBatteryLevel":150,"dataStatus":1}
Vehicle field out of range
Discarded frame: {"version":0,"seq":1879,"timestampMs":1786930021411,"speedKph":255,"rpm":9999,"gear":3,"soc":100,"turnSignal":2,"parkingBrake":false,"warning":0,"validity":1,"doorLock":true,"beltWarning":true,"headlightsState":1,"highBeamLightsState":0,"engineCoolantTemp":-999,"evBatteryLevel":150,"dataStatus":1}
Vehicle field out of range
Discarded frame: {"version":0,"seq":1880,"timestampMs":1786930021511,"speedKph":255,"rpm":9999,"gear":3,"soc":100,"turnSignal":2,"parkingBrake":false,"warning":0,"validity":1,"doorLock":true,"beltWarning":true,"headlightsState":1,"highBeamLightsState":0,"engineCoolantTemp":-999,"evBatteryLevel":150,"dataStatus":1}
Vehicle field out of range
Discarded frame: {"version":0,"seq":1881,"timestampMs":1786930021613,"speedKph":255,"rpm":9999,"gear":3,"soc":100,"turnSignal":2,"parkingBrake":false,"warning":0,"validity":1,"doorLock":true,"beltWarning":true,"headlightsState":1,"highBeamLightsState":0,"engineCoolantTemp":-999,"evBatteryLevel":150,"dataStatus":1}
Vehicle field out of range
Discarded frame: {"version":0,"seq":1882,"timestampMs":1786930021714,"speedKph":255,"rpm":9999,"gear":3,"soc":100,"turnSignal":2,"parkingBrake":false,"warning":0,"validity":1,"doorLock":true,"beltWarning":true,"headlightsState":1,"highBeamLightsState":0,"engineCoolantTemp":-999,"evBatteryLevel":150,"dataStatus":1}
Vehicle field out of range
Discarded frame: {"version":0,"seq":1883,"timestampMs":1786930021815,"speedKph":255,"rpm":9999,"gear":3,"soc":100,"turnSignal":2,"parkingBrake":false,"warning":0,"validity":1,"doorLock":true,"beltWarning":true,"headlightsState":1,"highBeamLightsState":0,"engineCoolantTemp":-999,"evBatteryLevel":150,"dataStatus":1}
Vehicle field out of range
Discarded frame: {"version":0,"seq":1884,"timestampMs":1786930021917,"speedKph":255,"rpm":9999,"gear":3,"soc":100,"turnSignal":2,"parkingBrake":false,"warning":0,"validity":1,"doorLock":true,"beltWarning":true,"headlightsState":1,"highBeamLightsState":0,"engineCoolantTemp":-999,"evBatteryLevel":150,"dataStatus":1}
Vehicle field out of range
Discarded frame: {"version":0,"seq":1885,"timestampMs":1786930022019,"speedKph":255,"rpm":9999,"gear":3,"soc":100,"turnSignal":2,"parkingBrake":false,"warning":0,"validity":1,"doorLock":true,"beltWarning":true,"headlightsState":1,"highBeamLightsState":0,"engineCoolantTemp":-999,"evBatteryLevel":150,"dataStatus":1}
Vehicle field out of range
Discarded frame: {"version":0,"seq":1886,"timestampMs":1786930022120,"speedKph":255,"rpm":9999,"gear":3,"soc":100,"turnSignal":2,"parkingBrake":false,"warning":0,"validity":1,"doorLock":true,"beltWarning":true,"headlightsState":1,"highBeamLightsState":0,"engineCoolantTemp":-999,"evBatteryLevel":150,"dataStatus":1}
Vehicle field out of range
Discarded frame: {"version":0,"seq":1887,"timestampMs":1786930022220,"speedKph":255,"rpm":9999,"gear":3,"soc":100,"turnSignal":2,"parkingBrake":false,"warning":0,"validity":1,"doorLock":true,"beltWarning":true,"headlightsState":1,"highBeamLightsState":0,"engineCoolantTemp":-999,"evBatteryLevel":150,"dataStatus":1}
Vehicle field out of range
Discarded frame: {"version":0,"seq":1888,"timestampMs":1786930022321,"speedKph":255,"rpm":9999,"gear":3,"soc":100,"turnSignal":2,"parkingBrake":false,"warning":0,"validity":1,"doorLock":true,"beltWarning":true,"headlightsState":1,"highBeamLightsState":0,"engineCoolantTemp":-999,"evBatteryLevel":150,"dataStatus":1}
Vehicle field out of range
Discarded frame: {"version":0,"seq":1889,"timestampMs":1786930022423,"speedKph":255,"rpm":9999,"gear":3,"soc":100,"turnSignal":2,"parkingBrake":false,"warning":0,"validity":1,"doorLock":true,"beltWarning":true,"headlightsState":1,"highBeamLightsState":0,"engineCoolantTemp":-999,"evBatteryLevel":150,"dataStatus":1}
Vehicle field out of range
Discarded frame: {"version":0,"seq":1890,"timestampMs":1786930022525,"speedKph":255,"rpm":9999,"gear":3,"soc":100,"turnSignal":3,"parkingBrake":false,"warning":0,"validity":1,"doorLock":true,"beltWarning":true,"headlightsState":1,"highBeamLightsState":0,"engineCoolantTemp":-999,"evBatteryLevel":150,"dataStatus":1}
Vehicle field out of range
Discarded frame: {"version":0,"seq":1891,"timestampMs":1786930022626,"speedKph":255,"rpm":9999,"gear":3,"soc":100,"turnSignal":3,"parkingBrake":false,"warning":0,"validity":1,"doorLock":true,"beltWarning":true,"headlightsState":1,"highBeamLightsState":0,"engineCoolantTemp":-999,"evBatteryLevel":150,"dataStatus":1}
Vehicle field out of range
Discarded frame: {"version":0,"seq":1892,"timestampMs":1786930022727,"speedKph":255,"rpm":9999,"gear":3,"soc":100,"turnSignal":3,"parkingBrake":false,"warning":0,"validity":1,"doorLock":true,"beltWarning":true,"headlightsState":1,"highBeamLightsState":0,"engineCoolantTemp":-999,"evBatteryLevel":150,"dataStatus":1}
Vehicle field out of range
Discarded frame: {"version":0,"seq":1893,"timestampMs":1786930022828,"speedKph":255,"rpm":9999,"gear":3,"soc":100,"turnSignal":3,"parkingBrake":false,"warning":0,"validity":1,"doorLock":true,"beltWarning":true,"headlightsState":1,"highBeamLightsState":0,"engineCoolantTemp":-999,"evBatteryLevel":150,"dataStatus":1}
Vehicle field out of range
Discarded frame: {"version":0,"seq":1894,"timestampMs":1786930022930,"speedKph":255,"rpm":9999,"gear":3,"soc":100,"turnSignal":3,"parkingBrake":false,"warning":0,"validity":1,"doorLock":true,"beltWarning":true,"headlightsState":1,"highBeamLightsState":0,"engineCoolantTemp":-999,"evBatteryLevel":150,"dataStatus":1}
Vehicle field out of range
Discarded frame: {"version":0,"seq":1895,"timestampMs":1786930023031,"speedKph":255,"rpm":9999,"gear":3,"soc":100,"turnSignal":3,"parkingBrake":false,"warning":0,"validity":1,"doorLock":true,"beltWarning":true,"headlightsState":1,"highBeamLightsState":0,"engineCoolantTemp":-999,"evBatteryLevel":150,"dataStatus":1}
Vehicle field out of range
Discarded frame: {"version":0,"seq":1896,"timestampMs":1786930023132,"speedKph":255,"rpm":9999,"gear":3,"soc":100,"turnSignal":3,"parkingBrake":false,"warning":0,"validity":1,"doorLock":true,"beltWarning":true,"headlightsState":1,"highBeamLightsState":0,"engineCoolantTemp":-999,"evBatteryLevel":150,"dataStatus":1}
Vehicle field out of range
Discarded frame: {"version":0,"seq":1897,"timestampMs":1786930023233,"speedKph":255,"rpm":9999,"gear":3,"soc":100,"turnSignal":3,"parkingBrake":false,"warning":0,"validity":1,"doorLock":true,"beltWarning":true,"headlightsState":1,"highBeamLightsState":0,"engineCoolantTemp":-999,"evBatteryLevel":150,"dataStatus":1}
Vehicle field out of range
Discarded frame: {"version":0,"seq":1898,"timestampMs":1786930023334,"speedKph":255,"rpm":9999,"gear":3,"soc":100,"turnSignal":3,"parkingBrake":false,"warning":0,"validity":1,"doorLock":true,"beltWarning":true,"headlightsState":1,"highBeamLightsState":0,"engineCoolantTemp":-999,"evBatteryLevel":150,"dataStatus":1}
Vehicle field out of range
Discarded frame: {"version":0,"seq":1899,"timestampMs":1786930023435,"speedKph":255,"rpm":9999,"gear":3,"soc":100,"turnSignal":3,"parkingBrake":false,"warning":0,"validity":1,"doorLock":true,"beltWarning":true,"headlightsState":1,"highBeamLightsState":0,"engineCoolantTemp":-999,"evBatteryLevel":150,"dataStatus":1}
Parsed: seq=2200 time=1786930053829 speed=0 km/h rpm=800 gear=P(0) soc=70% turnSignal=1 doorLock=locked beltWarn=OK highBeam=ON coolantTemp=90.0C(warn=NO) batteryWarn=OK
Parsed: seq=2201 time=1786930053930 speed=2 km/h rpm=850 gear=D(3) soc=70% turnSignal=1 doorLock=locked beltWarn=OK highBeam=ON coolantTemp=90.0C(warn=NO) batteryWarn=OK
Parsed: seq=2202 time=1786930054032 speed=4 km/h rpm=900 gear=D(3) soc=70% turnSignal=1 doorLock=locked beltWarn=OK highBeam=ON coolantTemp=90.0C(warn=NO) batteryWarn=OK
Parsed: seq=2203 time=1786930054133 speed=6 km/h rpm=950 gear=D(3) soc=70% turnSignal=1 doorLock=locked beltWarn=OK highBeam=ON coolantTemp=90.0C(warn=NO) batteryWarn=OK
Parsed: seq=2204 time=1786930054235 speed=8 km/h rpm=1000 gear=D(3) soc=70% turnSignal=1 doorLock=locked beltWarn=OK highBeam=ON coolantTemp=90.0C(warn=NO) batteryWarn=OK
Parsed: seq=2205 time=1786930054336 speed=10 km/h rpm=1050 gear=D(3) soc=70% turnSignal=1 doorLock=locked beltWarn=OK highBeam=ON coolantTemp=90.0C(warn=NO) batteryWarn=OK
Parsed: seq=2206 time=1786930054438 speed=12 km/h rpm=1100 gear=D(3) soc=70% turnSignal=1 doorLock=locked beltWarn=OK highBeam=ON coolantTemp=90.0C(warn=NO) batteryWarn=OK
Parsed: seq=2207 time=1786930054539 speed=14 km/h rpm=1150 gear=D(3) soc=70% turnSignal=1 doorLock=locked beltWarn=OK highBeam=ON coolantTemp=90.0C(warn=NO) batteryWarn=OK
Parsed: seq=2208 time=1786930054640 speed=16 km/h rpm=1200 gear=D(3) soc=70% turnSignal=1 doorLock=locked beltWarn=OK highBeam=ON coolantTemp=90.0C(warn=NO) batteryWarn=OK
Parsed: seq=2209 time=1786930054741 speed=18 km/h rpm=1250 gear=D(3) soc=70% turnSignal=1 doorLock=locked beltWarn=OK highBeam=ON coolantTemp=90.0C(warn=NO) batteryWarn=OK
Parsed: seq=2210 time=1786930054842 speed=20 km/h rpm=1300 gear=D(3) soc=70% turnSignal=1 doorLock=locked beltWarn=OK highBeam=ON coolantTemp=90.0C(warn=NO) batteryWarn=OK
Parsed: seq=2211 time=1786930054944 speed=22 km/h rpm=1350 gear=D(3) soc=70% turnSignal=1 doorLock=locked beltWarn=OK highBeam=ON coolantTemp=90.0C(warn=NO) batteryWarn=OK
Parsed: seq=2212 time=1786930055045 speed=24 km/h rpm=1400 gear=D(3) soc=70% turnSignal=1 doorLock=locked beltWarn=OK highBeam=ON coolantTemp=90.0C(warn=NO) batteryWarn=OK
Parsed: seq=2213 time=1786930055146 speed=26 km/h rpm=1450 gear=D(3) soc=70% turnSignal=1 doorLock=locked beltWarn=OK highBeam=ON coolantTemp=90.0C(warn=NO) batteryWarn=OK
Parsed: seq=2214 time=1786930055247 speed=28 km/h rpm=1500 gear=D(3) soc=70% turnSignal=1 doorLock=locked beltWarn=OK highBeam=ON coolantTemp=90.0C(warn=NO) batteryWarn=OK
Parsed: seq=2215 time=1786930055348 speed=30 km/h rpm=1550 gear=D(3) soc=70% turnSignal=1 doorLock=locked beltWarn=OK highBeam=ON coolantTemp=90.0C(warn=NO) batteryWarn=OK
Parsed: seq=2216 time=1786930055450 speed=32 km/h rpm=1600 gear=D(3) soc=70% turnSignal=1 doorLock=locked beltWarn=OK highBeam=ON coolantTemp=90.0C(warn=NO) batteryWarn=OK
Parsed: seq=2217 time=1786930055552 speed=34 km/h rpm=1650 gear=D(3) soc=70% turnSignal=1 doorLock=locked beltWarn=OK highBeam=ON coolantTemp=90.0C(warn=NO) batteryWarn=OK
Parsed: seq=2218 time=1786930055653 speed=36 km/h rpm=1700 gear=D(3) soc=70% turnSignal=1 doorLock=locked beltWarn=OK highBeam=ON coolantTemp=90.0C(warn=NO) batteryWarn=OK
Parsed: seq=2219 time=1786930055754 speed=38 km/h rpm=1750 gear=D(3) soc=70% turnSignal=1 doorLock=locked beltWarn=OK highBeam=ON coolantTemp=90.0C(warn=NO) batteryWarn=OK
Parsed: seq=2220 time=1786930055855 speed=40 km/h rpm=1800 gear=D(3) soc=70% turnSignal=2 doorLock=locked beltWarn=OK highBeam=ON coolantTemp=90.0C(warn=NO) batteryWarn=OK
Parsed: seq=2221 time=1786930055956 speed=42 km/h rpm=1850 gear=D(3) soc=70% turnSignal=2 doorLock=locked beltWarn=OK highBeam=ON coolantTemp=90.0C(warn=NO) batteryWarn=OK
Parsed: seq=2222 time=1786930056057 speed=44 km/h rpm=1900 gear=D(3) soc=70% turnSignal=2 doorLock=locked beltWarn=OK highBeam=ON coolantTemp=90.0C(warn=NO) batteryWarn=OK
Parsed: seq=2223 time=1786930056159 speed=46 km/h rpm=1950 gear=D(3) soc=70% turnSignal=2 doorLock=locked beltWarn=OK highBeam=ON coolantTemp=90.0C(warn=NO) batteryWarn=OK
Parsed: seq=2224 time=1786930056260 speed=48 km/h rpm=2000 gear=D(3) soc=70% turnSignal=2 doorLock=locked beltWarn=OK highBeam=ON coolantTemp=90.0C(warn=NO) batteryWarn=OK
Parsed: seq=2225 time=1786930056361 speed=50 km/h rpm=2050 gear=D(3) soc=70% turnSignal=2 doorLock=locked beltWarn=OK highBeam=ON coolantTemp=90.0C(warn=NO) batteryWarn=OK
Parsed: seq=2226 time=1786930056462 speed=52 km/h rpm=2100 gear=D(3) soc=70% turnSignal=2 doorLock=locked beltWarn=OK highBeam=ON coolantTemp=90.0C(warn=NO) batteryWarn=OK
Parsed: seq=2227 time=1786930056564 speed=54 km/h rpm=2150 gear=D(3) soc=70% turnSignal=2 doorLock=locked beltWarn=OK highBeam=ON coolantTemp=90.0C(warn=NO) batteryWarn=OK
Parsed: seq=2228 time=1786930056665 speed=56 km/h rpm=2200 gear=D(3) soc=70% turnSignal=2 doorLock=locked beltWarn=OK highBeam=ON coolantTemp=90.0C(warn=NO) batteryWarn=OK
Parsed: seq=2229 time=1786930056767 speed=58 km/h rpm=2250 gear=D(3) soc=70% turnSignal=2 doorLock=locked beltWarn=OK highBeam=ON coolantTemp=90.0C(warn=NO) batteryWarn=OK
Parsed: seq=2230 time=1786930056869 speed=60 km/h rpm=2300 gear=D(3) soc=70% turnSignal=2 doorLock=locked beltWarn=OK highBeam=ON coolantTemp=90.0C(warn=NO) batteryWarn=OK
Parsed: seq=2231 time=1786930056970 speed=62 km/h rpm=2350 gear=D(3) soc=70% turnSignal=2 doorLock=locked beltWarn=OK highBeam=ON coolantTemp=90.0C(warn=NO) batteryWarn=OK
Parsed: seq=2232 time=1786930057072 speed=64 km/h rpm=2400 gear=D(3) soc=70% turnSignal=2 doorLock=locked beltWarn=OK highBeam=ON coolantTemp=90.0C(warn=NO) batteryWarn=OK
Parsed: seq=2233 time=1786930057174 speed=66 km/h rpm=2450 gear=D(3) soc=70% turnSignal=2 doorLock=locked beltWarn=OK highBeam=ON coolantTemp=90.0C(warn=NO) batteryWarn=OK
Parsed: seq=2234 time=1786930057275 speed=68 km/h rpm=2500 gear=D(3) soc=70% turnSignal=2 doorLock=locked beltWarn=OK highBeam=ON coolantTemp=90.0C(warn=NO) batteryWarn=OK
Parsed: seq=2235 time=1786930057376 speed=70 km/h rpm=2550 gear=D(3) soc=70% turnSignal=2 doorLock=locked beltWarn=OK highBeam=ON coolantTemp=90.0C(warn=NO) batteryWarn=OK
Parsed: seq=2236 time=1786930057477 speed=72 km/h rpm=2600 gear=D(3) soc=70% turnSignal=2 doorLock=locked beltWarn=OK highBeam=ON coolantTemp=90.0C(warn=NO) batteryWarn=OK
Parsed: seq=2237 time=1786930057577 speed=74 km/h rpm=2650 gear=D(3) soc=70% turnSignal=2 doorLock=locked beltWarn=OK highBeam=ON coolantTemp=90.0C(warn=NO) batteryWarn=OK
Parsed: seq=2238 time=1786930057679 speed=76 km/h rpm=2700 gear=D(3) soc=70% turnSignal=2 doorLock=locked beltWarn=OK highBeam=ON coolantTemp=90.0C(warn=NO) batteryWarn=OK
Parsed: seq=2239 time=1786930057780 speed=78 km/h rpm=2750 gear=D(3) soc=70% turnSignal=2 doorLock=locked beltWarn=OK highBeam=ON coolantTemp=90.0C(warn=NO) batteryWarn=OK
Parsed: seq=2240 time=1786930057881 speed=80 km/h rpm=2800 gear=D(3) soc=70% turnSignal=2 doorLock=locked beltWarn=OK highBeam=ON coolantTemp=90.0C(warn=NO) batteryWarn=OK
Parsed: seq=2241 time=1786930057982 speed=82 km/h rpm=2850 gear=D(3) soc=70% turnSignal=2 doorLock=locked beltWarn=OK highBeam=ON coolantTemp=90.0C(warn=NO) batteryWarn=OK
Parsed: seq=2242 time=1786930058083 speed=84 km/h rpm=2900 gear=D(3) soc=70% turnSignal=2 doorLock=locked beltWarn=OK highBeam=ON coolantTemp=90.0C(warn=NO) batteryWarn=OK
Parsed: seq=2243 time=1786930058184 speed=86 km/h rpm=2950 gear=D(3) soc=70% turnSignal=2 doorLock=locked beltWarn=OK highBeam=ON coolantTemp=90.0C(warn=NO) batteryWarn=OK
Parsed: seq=2244 time=1786930058285 speed=88 km/h rpm=3000 gear=D(3) soc=70% turnSignal=2 doorLock=locked beltWarn=OK highBeam=ON coolantTemp=90.0C(warn=NO) batteryWarn=OK
Parsed: seq=2245 time=1786930058387 speed=90 km/h rpm=3050 gear=D(3) soc=70% turnSignal=2 doorLock=locked beltWarn=OK highBeam=ON coolantTemp=90.0C(warn=NO) batteryWarn=OK
Parsed: seq=2246 time=1786930058487 speed=92 km/h rpm=3100 gear=D(3) soc=70% turnSignal=2 doorLock=locked beltWarn=OK highBeam=ON coolantTemp=90.0C(warn=NO) batteryWarn=OK
Parsed: seq=2247 time=1786930058589 speed=94 km/h rpm=3150 gear=D(3) soc=70% turnSignal=2 doorLock=locked beltWarn=OK highBeam=ON coolantTemp=90.0C(warn=NO) batteryWarn=OK
Parsed: seq=2248 time=1786930058689 speed=96 km/h rpm=3200 gear=D(3) soc=70% turnSignal=2 doorLock=locked beltWarn=OK highBeam=ON coolantTemp=90.0C(warn=NO) batteryWarn=OK
Parsed: seq=2249 time=1786930058790 speed=98 km/h rpm=3250 gear=D(3) soc=70% turnSignal=2 doorLock=locked beltWarn=OK highBeam=ON coolantTemp=90.0C(warn=NO) batteryWarn=OK
Parsed: seq=2250 time=1786930058891 speed=100 km/h rpm=3300 gear=D(3) soc=70% turnSignal=3 doorLock=unlocked beltWarn=OK highBeam=OFF coolantTemp=90.0C(warn=NO) batteryWarn=OK
Parsed: seq=2251 time=1786930058993 speed=98 km/h rpm=3250 gear=D(3) soc=70% turnSignal=3 doorLock=unlocked beltWarn=OK highBeam=OFF coolantTemp=90.0C(warn=NO) batteryWarn=OK
Parsed: seq=2252 time=1786930059095 speed=96 km/h rpm=3200 gear=D(3) soc=70% turnSignal=3 doorLock=unlocked beltWarn=OK highBeam=OFF coolantTemp=90.0C(warn=NO) batteryWarn=OK
Parsed: seq=2253 time=1786930059196 speed=94 km/h rpm=3150 gear=D(3) soc=70% turnSignal=3 doorLock=unlocked beltWarn=OK highBeam=OFF coolantTemp=90.0C(warn=NO) batteryWarn=OK
Parsed: seq=2254 time=1786930059296 speed=92 km/h rpm=3100 gear=D(3) soc=70% turnSignal=3 doorLock=unlocked beltWarn=OK highBeam=OFF coolantTemp=90.0C(warn=NO) batteryWarn=OK
Parsed: seq=2255 time=1786930059397 speed=90 km/h rpm=3050 gear=D(3) soc=70% turnSignal=3 doorLock=unlocked beltWarn=OK highBeam=OFF coolantTemp=90.0C(warn=NO) batteryWarn=OK
Parsed: seq=2256 time=1786930059499 speed=88 km/h rpm=3000 gear=D(3) soc=70% turnSignal=3 doorLock=unlocked beltWarn=OK highBeam=OFF coolantTemp=90.0C(warn=NO) batteryWarn=OK
Parsed: seq=2257 time=1786930059601 speed=86 km/h rpm=2950 gear=D(3) soc=70% turnSignal=3 doorLock=unlocked beltWarn=OK highBeam=OFF coolantTemp=90.0C(warn=NO) batteryWarn=OK
Parsed: seq=2258 time=1786930059701 speed=84 km/h rpm=2900 gear=D(3) soc=70% turnSignal=3 doorLock=unlocked beltWarn=OK highBeam=OFF coolantTemp=90.0C(warn=NO) batteryWarn=OK
Parsed: seq=2259 time=1786930059802 speed=82 km/h rpm=2850 gear=D(3) soc=70% turnSignal=3 doorLock=unlocked beltWarn=OK highBeam=OFF coolantTemp=90.0C(warn=NO) batteryWarn=OK
Parsed: seq=2260 time=1786930059904 speed=80 km/h rpm=2800 gear=D(3) soc=70% turnSignal=3 doorLock=unlocked beltWarn=OK highBeam=OFF coolantTemp=90.0C(warn=NO) batteryWarn=OK
Parsed: seq=2261 time=1786930060005 speed=78 km/h rpm=2750 gear=D(3) soc=70% turnSignal=3 doorLock=unlocked beltWarn=OK highBeam=OFF coolantTemp=90.0C(warn=NO) batteryWarn=OK
Parsed: seq=2262 time=1786930060106 speed=76 km/h rpm=2700 gear=D(3) soc=70% turnSignal=3 doorLock=unlocked beltWarn=OK highBeam=OFF coolantTemp=90.0C(warn=NO) batteryWarn=OK
Parsed: seq=2263 time=1786930060207 speed=74 km/h rpm=2650 gear=D(3) soc=70% turnSignal=3 doorLock=unlocked beltWarn=OK highBeam=OFF coolantTemp=90.0C(warn=NO) batteryWarn=OK
Parsed: seq=2264 time=1786930060309 speed=72 km/h rpm=2600 gear=D(3) soc=70% turnSignal=3 doorLock=unlocked beltWarn=OK highBeam=OFF coolantTemp=90.0C(warn=NO) batteryWarn=OK
Parsed: seq=2265 time=1786930060410 speed=70 km/h rpm=2550 gear=D(3) soc=70% turnSignal=3 doorLock=unlocked beltWarn=OK highBeam=OFF coolantTemp=90.0C(warn=NO) batteryWarn=OK
Parsed: seq=2266 time=1786930060512 speed=68 km/h rpm=2500 gear=D(3) soc=70% turnSignal=3 doorLock=unlocked beltWarn=OK highBeam=OFF coolantTemp=90.0C(warn=NO) batteryWarn=OK
Parsed: seq=2267 time=1786930060614 speed=66 km/h rpm=2450 gear=D(3) soc=70% turnSignal=3 doorLock=unlocked beltWarn=OK highBeam=OFF coolantTemp=90.0C(warn=NO) batteryWarn=OK
Parsed: seq=2268 time=1786930060715 speed=64 km/h rpm=2400 gear=D(3) soc=70% turnSignal=3 doorLock=unlocked beltWarn=OK highBeam=OFF coolantTemp=90.0C(warn=NO) batteryWarn=OK
Parsed: seq=2269 time=1786930060816 speed=62 km/h rpm=2350 gear=D(3) soc=70% turnSignal=3 doorLock=unlocked beltWarn=OK highBeam=OFF coolantTemp=90.0C(warn=NO) batteryWarn=OK
Parsed: seq=2270 time=1786930060919 speed=60 km/h rpm=2300 gear=D(3) soc=70% turnSignal=3 doorLock=unlocked beltWarn=OK highBeam=OFF coolantTemp=90.0C(warn=NO) batteryWarn=OK
Parsed: seq=2271 time=1786930061020 speed=58 km/h rpm=2250 gear=D(3) soc=70% turnSignal=3 doorLock=unlocked beltWarn=OK highBeam=OFF coolantTemp=90.0C(warn=NO) batteryWarn=OK
Parsed: seq=2272 time=1786930061121 speed=56 km/h rpm=2200 gear=D(3) soc=70% turnSignal=3 doorLock=unlocked beltWarn=OK highBeam=OFF coolantTemp=90.0C(warn=NO) batteryWarn=OK
Parsed: seq=2273 time=1786930061222 speed=54 km/h rpm=2150 gear=D(3) soc=70% turnSignal=3 doorLock=unlocked beltWarn=OK highBeam=OFF coolantTemp=90.0C(warn=NO) batteryWarn=OK
Parsed: seq=2274 time=1786930061323 speed=52 km/h rpm=2100 gear=D(3) soc=70% turnSignal=3 doorLock=unlocked beltWarn=OK highBeam=OFF coolantTemp=90.0C(warn=NO) batteryWarn=OK
Parsed: seq=2275 time=1786930061424 speed=50 km/h rpm=2050 gear=D(3) soc=70% turnSignal=3 doorLock=unlocked beltWarn=OK highBeam=OFF coolantTemp=90.0C(warn=NO) batteryWarn=OK
Parsed: seq=2276 time=1786930061526 speed=48 km/h rpm=2000 gear=D(3) soc=70% turnSignal=3 doorLock=unlocked beltWarn=OK highBeam=OFF coolantTemp=90.0C(warn=NO) batteryWarn=OK
Parsed: seq=2277 time=1786930061627 speed=46 km/h rpm=1950 gear=D(3) soc=70% turnSignal=3 doorLock=unlocked beltWarn=OK highBeam=OFF coolantTemp=90.0C(warn=NO) batteryWarn=OK
Parsed: seq=2278 time=1786930061728 speed=44 km/h rpm=1900 gear=D(3) soc=70% turnSignal=3 doorLock=unlocked beltWarn=OK highBeam=OFF coolantTemp=90.0C(warn=NO) batteryWarn=OK
Parsed: seq=2279 time=1786930061829 speed=42 km/h rpm=1850 gear=D(3) soc=70% turnSignal=3 doorLock=unlocked beltWarn=OK highBeam=OFF coolantTemp=90.0C(warn=NO) batteryWarn=OK
Parsed: seq=2280 time=1786930061930 speed=40 km/h rpm=1800 gear=D(3) soc=70% turnSignal=0 doorLock=unlocked beltWarn=OK highBeam=OFF coolantTemp=90.0C(warn=NO) batteryWarn=OK
Parsed: seq=2281 time=1786930062031 speed=38 km/h rpm=1750 gear=D(3) soc=70% turnSignal=0 doorLock=unlocked beltWarn=OK highBeam=OFF coolantTemp=90.0C(warn=NO) batteryWarn=OK
Parsed: seq=2282 time=1786930062132 speed=36 km/h rpm=1700 gear=D(3) soc=70% turnSignal=0 doorLock=unlocked beltWarn=OK highBeam=OFF coolantTemp=90.0C(warn=NO) batteryWarn=OK
Parsed: seq=2283 time=1786930062233 speed=34 km/h rpm=1650 gear=D(3) soc=70% turnSignal=0 doorLock=unlocked beltWarn=OK highBeam=OFF coolantTemp=90.0C(warn=NO) batteryWarn=OK
Parsed: seq=2284 time=1786930062334 speed=32 km/h rpm=1600 gear=D(3) soc=70% turnSignal=0 doorLock=unlocked beltWarn=OK highBeam=OFF coolantTemp=90.0C(warn=NO) batteryWarn=OK
Parsed: seq=2285 time=1786930062435 speed=30 km/h rpm=1550 gear=D(3) soc=70% turnSignal=0 doorLock=unlocked beltWarn=OK highBeam=OFF coolantTemp=90.0C(warn=NO) batteryWarn=OK
Parsed: seq=2286 time=1786930062536 speed=28 km/h rpm=1500 gear=D(3) soc=70% turnSignal=0 doorLock=unlocked beltWarn=OK highBeam=OFF coolantTemp=90.0C(warn=NO) batteryWarn=OK
Parsed: seq=2287 time=1786930062637 speed=26 km/h rpm=1450 gear=D(3) soc=70% turnSignal=0 doorLock=unlocked beltWarn=OK highBeam=OFF coolantTemp=90.0C(warn=NO) batteryWarn=OK
Parsed: seq=2288 time=1786930062737 speed=24 km/h rpm=1400 gear=D(3) soc=70% turnSignal=0 doorLock=unlocked beltWarn=OK highBeam=OFF coolantTemp=90.0C(warn=NO) batteryWarn=OK
Parsed: seq=2289 time=1786930062839 speed=22 km/h rpm=1350 gear=D(3) soc=70% turnSignal=0 doorLock=unlocked beltWarn=OK highBeam=OFF coolantTemp=90.0C(warn=NO) batteryWarn=OK
Parsed: seq=2290 time=1786930062940 speed=20 km/h rpm=1300 gear=D(3) soc=70% turnSignal=0 doorLock=unlocked beltWarn=OK highBeam=OFF coolantTemp=90.0C(warn=NO) batteryWarn=OK
Parsed: seq=2291 time=1786930063041 speed=18 km/h rpm=1250 gear=D(3) soc=70% turnSignal=0 doorLock=unlocked beltWarn=OK highBeam=OFF coolantTemp=90.0C(warn=NO) batteryWarn=OK
Parsed: seq=2292 time=1786930063143 speed=16 km/h rpm=1200 gear=D(3) soc=70% turnSignal=0 doorLock=unlocked beltWarn=OK highBeam=OFF coolantTemp=90.0C(warn=NO) batteryWarn=OK
Parsed: seq=2293 time=1786930063245 speed=14 km/h rpm=1150 gear=D(3) soc=70% turnSignal=0 doorLock=unlocked beltWarn=OK highBeam=OFF coolantTemp=90.0C(warn=NO) batteryWarn=OK
Parsed: seq=2294 time=1786930063346 speed=12 km/h rpm=1100 gear=D(3) soc=70% turnSignal=0 doorLock=unlocked beltWarn=OK highBeam=OFF coolantTemp=90.0C(warn=NO) batteryWarn=OK
Parsed: seq=2295 time=1786930063446 speed=10 km/h rpm=1050 gear=D(3) soc=70% turnSignal=0 doorLock=unlocked beltWarn=OK highBeam=OFF coolantTemp=90.0C(warn=NO) batteryWarn=OK
Parsed: seq=2296 time=1786930063548 speed=8 km/h rpm=1000 gear=D(3) soc=70% turnSignal=0 doorLock=unlocked beltWarn=OK highBeam=OFF coolantTemp=90.0C(warn=NO) batteryWarn=OK
Parsed: seq=2297 time=1786930063648 speed=6 km/h rpm=950 gear=D(3) soc=70% turnSignal=0 doorLock=unlocked beltWarn=OK highBeam=OFF coolantTemp=90.0C(warn=NO) batteryWarn=OK
Parsed: seq=2298 time=1786930063750 speed=4 km/h rpm=900 gear=D(3) soc=70% turnSignal=0 doorLock=unlocked beltWarn=OK highBeam=OFF coolantTemp=90.0C(warn=NO) batteryWarn=OK
Parsed: seq=2299 time=1786930063851 speed=2 km/h rpm=850 gear=D(3) soc=70% turnSignal=0 doorLock=unlocked beltWarn=OK highBeam=OFF coolantTemp=90.0C(warn=NO) batteryWarn=OK
Parsed: seq=2300 time=1786930063953 speed=0 km/h rpm=800 gear=P(0) soc=70% turnSignal=0 doorLock=unlocked beltWarn=OK highBeam=ON coolantTemp=90.0C(warn=NO) batteryWarn=OK
Parsed: seq=2301 time=1786930064055 speed=2 km/h rpm=850 gear=D(3) soc=70% turnSignal=0 doorLock=unlocked beltWarn=OK highBeam=ON coolantTemp=90.0C(warn=NO) batteryWarn=OK
Parsed: seq=2302 time=1786930064155 speed=4 km/h rpm=900 gear=D(3) soc=70% turnSignal=0 doorLock=unlocked beltWarn=OK highBeam=ON coolantTemp=90.0C(warn=NO) batteryWarn=OK
Parsed: seq=2303 time=1786930064257 speed=6 km/h rpm=950 gear=D(3) soc=70% turnSignal=0 doorLock=unlocked beltWarn=OK highBeam=ON coolantTemp=90.0C(warn=NO) batteryWarn=OK
Parsed: seq=2304 time=1786930064359 speed=8 km/h rpm=1000 gear=D(3) soc=70% turnSignal=0 doorLock=unlocked beltWarn=OK highBeam=ON coolantTemp=90.0C(warn=NO) batteryWarn=OK
Parsed: seq=2305 time=1786930064460 speed=10 km/h rpm=1050 gear=D(3) soc=70% turnSignal=0 doorLock=unlocked beltWarn=OK highBeam=ON coolantTemp=90.0C(warn=NO) batteryWarn=OK
Parsed: seq=2306 time=1786930064562 speed=12 km/h rpm=1100 gear=D(3) soc=70% turnSignal=0 doorLock=unlocked beltWarn=OK highBeam=ON coolantTemp=90.0C(warn=NO) batteryWarn=OK
Parsed: seq=2307 time=1786930064663 speed=14 km/h rpm=1150 gear=D(3) soc=70% turnSignal=0 doorLock=unlocked beltWarn=OK highBeam=ON coolantTemp=90.0C(warn=NO) batteryWarn=OK
Parsed: seq=2308 time=1786930064765 speed=16 km/h rpm=1200 gear=D(3) soc=70% turnSignal=0 doorLock=unlocked beltWarn=OK highBeam=ON coolantTemp=90.0C(warn=NO) batteryWarn=OK
Parsed: seq=2309 time=1786930064866 speed=18 km/h rpm=1250 gear=D(3) soc=70% turnSignal=0 doorLock=unlocked beltWarn=OK highBeam=ON coolantTemp=90.0C(warn=NO) batteryWarn=OK
Parsed: seq=2310 time=1786930064967 speed=20 km/h rpm=1300 gear=D(3) soc=70% turnSignal=1 doorLock=unlocked beltWarn=OK highBeam=ON coolantTemp=90.0C(warn=NO) batteryWarn=OK
Parsed: seq=2311 time=1786930065068 speed=22 km/h rpm=1350 gear=D(3) soc=70% turnSignal=1 doorLock=unlocked beltWarn=OK highBeam=ON coolantTemp=90.0C(warn=NO) batteryWarn=OK
Parsed: seq=2312 time=1786930065169 speed=24 km/h rpm=1400 gear=D(3) soc=70% turnSignal=1 doorLock=unlocked beltWarn=OK highBeam=ON coolantTemp=90.0C(warn=NO) batteryWarn=OK
Parsed: seq=2313 time=1786930065271 speed=26 km/h rpm=1450 gear=D(3) soc=70% turnSignal=1 doorLock=unlocked beltWarn=OK highBeam=ON coolantTemp=90.0C(warn=NO) batteryWarn=OK
Parsed: seq=2314 time=1786930065372 speed=28 km/h rpm=1500 gear=D(3) soc=70% turnSignal=1 doorLock=unlocked beltWarn=OK highBeam=ON coolantTemp=90.0C(warn=NO) batteryWarn=OK
Parsed: seq=2315 time=1786930065474 speed=30 km/h rpm=1550 gear=D(3) soc=70% turnSignal=1 doorLock=unlocked beltWarn=OK highBeam=ON coolantTemp=90.0C(warn=NO) batteryWarn=OK
Parsed: seq=2316 time=1786930065575 speed=32 km/h rpm=1600 gear=D(3) soc=70% turnSignal=1 doorLock=unlocked beltWarn=OK highBeam=ON coolantTemp=90.0C(warn=NO) batteryWarn=OK
Parsed: seq=2317 time=1786930065675 speed=34 km/h rpm=1650 gear=D(3) soc=70% turnSignal=1 doorLock=unlocked beltWarn=OK highBeam=ON coolantTemp=90.0C(warn=NO) batteryWarn=OK
Parsed: seq=2318 time=1786930065777 speed=36 km/h rpm=1700 gear=D(3) soc=70% turnSignal=1 doorLock=unlocked beltWarn=OK highBeam=ON coolantTemp=90.0C(warn=NO) batteryWarn=OK
Parsed: seq=2319 time=1786930065879 speed=38 km/h rpm=1750 gear=D(3) soc=70% turnSignal=1 doorLock=unlocked beltWarn=OK highBeam=ON coolantTemp=90.0C(warn=NO) batteryWarn=OK
Parsed: seq=2320 time=1786930065979 speed=40 km/h rpm=1800 gear=D(3) soc=70% turnSignal=1 doorLock=unlocked beltWarn=OK highBeam=ON coolantTemp=90.0C(warn=NO) batteryWarn=OK
Parsed: seq=2321 time=1786930066081 speed=42 km/h rpm=1850 gear=D(3) soc=70% turnSignal=1 doorLock=unlocked beltWarn=OK highBeam=ON coolantTemp=90.0C(warn=NO) batteryWarn=OK
Parsed: seq=2322 time=1786930066181 speed=44 km/h rpm=1900 gear=D(3) soc=70% turnSignal=1 doorLock=unlocked beltWarn=OK highBeam=ON coolantTemp=90.0C(warn=NO) batteryWarn=OK
Parsed: seq=2323 time=1786930066283 speed=46 km/h rpm=1950 gear=D(3) soc=70% turnSignal=1 doorLock=unlocked beltWarn=OK highBeam=ON coolantTemp=90.0C(warn=NO) batteryWarn=OK
Parsed: seq=2324 time=1786930066384 speed=48 km/h rpm=2000 gear=D(3) soc=70% turnSignal=1 doorLock=unlocked beltWarn=OK highBeam=ON coolantTemp=90.0C(warn=NO) batteryWarn=OK
Parsed: seq=2325 time=1786930066485 speed=50 km/h rpm=2050 gear=D(3) soc=70% turnSignal=1 doorLock=unlocked beltWarn=OK highBeam=ON coolantTemp=90.0C(warn=NO) batteryWarn=OK
Parsed: seq=2326 time=1786930066586 speed=52 km/h rpm=2100 gear=D(3) soc=70% turnSignal=1 doorLock=unlocked beltWarn=OK highBeam=ON coolantTemp=90.0C(warn=NO) batteryWarn=OK
Parsed: seq=2327 time=1786930066687 speed=54 km/h rpm=2150 gear=D(3) soc=70% turnSignal=1 doorLock=unlocked beltWarn=OK highBeam=ON coolantTemp=90.0C(warn=NO) batteryWarn=OK
Parsed: seq=2328 time=1786930066788 speed=56 km/h rpm=2200 gear=D(3) soc=70% turnSignal=1 doorLock=unlocked beltWarn=OK highBeam=ON coolantTemp=90.0C(warn=NO) batteryWarn=OK
Parsed: seq=2329 time=1786930066890 speed=58 km/h rpm=2250 gear=D(3) soc=70% turnSignal=1 doorLock=unlocked beltWarn=OK highBeam=ON coolantTemp=90.0C(warn=NO) batteryWarn=OK
Parsed: seq=2330 time=1786930066991 speed=60 km/h rpm=2300 gear=D(3) soc=70% turnSignal=1 doorLock=unlocked beltWarn=OK highBeam=ON coolantTemp=90.0C(warn=NO) batteryWarn=OK
Parsed: seq=2331 time=1786930067091 speed=62 km/h rpm=2350 gear=D(3) soc=70% turnSignal=1 doorLock=unlocked beltWarn=OK highBeam=ON coolantTemp=90.0C(warn=NO) batteryWarn=OK
Parsed: seq=2332 time=1786930067192 speed=64 km/h rpm=2400 gear=D(3) soc=70% turnSignal=1 doorLock=unlocked beltWarn=OK highBeam=ON coolantTemp=90.0C(warn=NO) batteryWarn=OK
Parsed: seq=2333 time=1786930067293 speed=66 km/h rpm=2450 gear=D(3) soc=70% turnSignal=1 doorLock=unlocked beltWarn=OK highBeam=ON coolantTemp=90.0C(warn=NO) batteryWarn=OK
Parsed: seq=2334 time=1786930067395 speed=68 km/h rpm=2500 gear=D(3) soc=70% turnSignal=1 doorLock=unlocked beltWarn=OK highBeam=ON coolantTemp=90.0C(warn=NO) batteryWarn=OK
Parsed: seq=2335 time=1786930067496 speed=70 km/h rpm=2550 gear=D(3) soc=70% turnSignal=1 doorLock=unlocked beltWarn=OK highBeam=ON coolantTemp=90.0C(warn=NO) batteryWarn=OK
Parsed: seq=2336 time=1786930067597 speed=72 km/h rpm=2600 gear=D(3) soc=70% turnSignal=1 doorLock=unlocked beltWarn=OK highBeam=ON coolantTemp=90.0C(warn=NO) batteryWarn=OK
Parsed: seq=2337 time=1786930067699 speed=74 km/h rpm=2650 gear=D(3) soc=70% turnSignal=1 doorLock=unlocked beltWarn=OK highBeam=ON coolantTemp=90.0C(warn=NO) batteryWarn=OK
Parsed: seq=2338 time=1786930067800 speed=76 km/h rpm=2700 gear=D(3) soc=70% turnSignal=1 doorLock=unlocked beltWarn=OK highBeam=ON coolantTemp=90.0C(warn=NO) batteryWarn=OK
Parsed: seq=2339 time=1786930067902 speed=78 km/h rpm=2750 gear=D(3) soc=70% turnSignal=1 doorLock=unlocked beltWarn=OK highBeam=ON coolantTemp=90.0C(warn=NO) batteryWarn=OK
Parsed: seq=2340 time=1786930068003 speed=80 km/h rpm=2800 gear=D(3) soc=70% turnSignal=2 doorLock=unlocked beltWarn=OK highBeam=ON coolantTemp=90.0C(warn=NO) batteryWarn=OK
Parsed: seq=2341 time=1786930068104 speed=82 km/h rpm=2850 gear=D(3) soc=70% turnSignal=2 doorLock=unlocked beltWarn=OK highBeam=ON coolantTemp=90.0C(warn=NO) batteryWarn=OK
Parsed: seq=2342 time=1786930068205 speed=84 km/h rpm=2900 gear=D(3) soc=70% turnSignal=2 doorLock=unlocked beltWarn=OK highBeam=ON coolantTemp=90.0C(warn=NO) batteryWarn=OK
Parsed: seq=2343 time=1786930068306 speed=86 km/h rpm=2950 gear=D(3) soc=70% turnSignal=2 doorLock=unlocked beltWarn=OK highBeam=ON coolantTemp=90.0C(warn=NO) batteryWarn=OK
Parsed: seq=2344 time=1786930068407 speed=88 km/h rpm=3000 gear=D(3) soc=70% turnSignal=2 doorLock=unlocked beltWarn=OK highBeam=ON coolantTemp=90.0C(warn=NO) batteryWarn=OK
Parsed: seq=2345 time=1786930068509 speed=90 km/h rpm=3050 gear=D(3) soc=70% turnSignal=2 doorLock=unlocked beltWarn=OK highBeam=ON coolantTemp=90.0C(warn=NO) batteryWarn=OK
Parsed: seq=2346 time=1786930068610 speed=92 km/h rpm=3100 gear=D(3) soc=70% turnSignal=2 doorLock=unlocked beltWarn=OK highBeam=ON coolantTemp=90.0C(warn=NO) batteryWarn=OK
Parsed: seq=2347 time=1786930068711 speed=94 km/h rpm=3150 gear=D(3) soc=70% turnSignal=2 doorLock=unlocked beltWarn=OK highBeam=ON coolantTemp=90.0C(warn=NO) batteryWarn=OK
Parsed: seq=2348 time=1786930068812 speed=96 km/h rpm=3200 gear=D(3) soc=70% turnSignal=2 doorLock=unlocked beltWarn=OK highBeam=ON coolantTemp=90.0C(warn=NO) batteryWarn=OK
Parsed: seq=2349 time=1786930068914 speed=98 km/h rpm=3250 gear=D(3) soc=70% turnSignal=2 doorLock=unlocked beltWarn=OK highBeam=ON coolantTemp=90.0C(warn=NO) batteryWarn=OK
Parsed: seq=2350 time=1786930069014 speed=100 km/h rpm=3300 gear=D(3) soc=70% turnSignal=2 doorLock=unlocked beltWarn=OK highBeam=OFF coolantTemp=90.0C(warn=NO) batteryWarn=OK
Parsed: seq=2351 time=1786930069116 speed=98 km/h rpm=3250 gear=D(3) soc=70% turnSignal=2 doorLock=unlocked beltWarn=OK highBeam=OFF coolantTemp=90.0C(warn=NO) batteryWarn=OK
Parsed: seq=2352 time=1786930069216 speed=96 km/h rpm=3200 gear=D(3) soc=70% turnSignal=2 doorLock=unlocked beltWarn=OK highBeam=OFF coolantTemp=90.0C(warn=NO) batteryWarn=OK
Parsed: seq=2353 time=1786930069317 speed=94 km/h rpm=3150 gear=D(3) soc=70% turnSignal=2 doorLock=unlocked beltWarn=OK highBeam=OFF coolantTemp=90.0C(warn=NO) batteryWarn=OK
Parsed: seq=2354 time=1786930069419 speed=92 km/h rpm=3100 gear=D(3) soc=70% turnSignal=2 doorLock=unlocked beltWarn=OK highBeam=OFF coolantTemp=90.0C(warn=NO) batteryWarn=OK
Parsed: seq=2355 time=1786930069522 speed=90 km/h rpm=3050 gear=D(3) soc=70% turnSignal=2 doorLock=unlocked beltWarn=OK highBeam=OFF coolantTemp=90.0C(warn=NO) batteryWarn=OK
Parsed: seq=2356 time=1786930069623 speed=88 km/h rpm=3000 gear=D(3) soc=70% turnSignal=2 doorLock=unlocked beltWarn=OK highBeam=OFF coolantTemp=90.0C(warn=NO) batteryWarn=OK
Parsed: seq=2357 time=1786930069724 speed=86 km/h rpm=2950 gear=D(3) soc=70% turnSignal=2 doorLock=unlocked beltWarn=OK highBeam=OFF coolantTemp=90.0C(warn=NO) batteryWarn=OK
Parsed: seq=2358 time=1786930069825 speed=84 km/h rpm=2900 gear=D(3) soc=70% turnSignal=2 doorLock=unlocked beltWarn=OK highBeam=OFF coolantTemp=90.0C(warn=NO) batteryWarn=OK
Parsed: seq=2359 time=1786930069927 speed=82 km/h rpm=2850 gear=D(3) soc=70% turnSignal=2 doorLock=unlocked beltWarn=OK highBeam=OFF coolantTemp=90.0C(warn=NO) batteryWarn=OK
Parsed: seq=2360 time=1786930070028 speed=80 km/h rpm=2800 gear=D(3) soc=70% turnSignal=2 doorLock=unlocked beltWarn=OK highBeam=OFF coolantTemp=90.0C(warn=NO) batteryWarn=OK
Parsed: seq=2361 time=1786930070128 speed=78 km/h rpm=2750 gear=D(3) soc=70% turnSignal=2 doorLock=unlocked beltWarn=OK highBeam=OFF coolantTemp=90.0C(warn=NO) batteryWarn=OK
Parsed: seq=2362 time=1786930070230 speed=76 km/h rpm=2700 gear=D(3) soc=70% turnSignal=2 doorLock=unlocked beltWarn=OK highBeam=OFF coolantTemp=90.0C(warn=NO) batteryWarn=OK
Parsed: seq=2363 time=1786930070331 speed=74 km/h rpm=2650 gear=D(3) soc=70% turnSignal=2 doorLock=unlocked beltWarn=OK highBeam=OFF coolantTemp=90.0C(warn=NO) batteryWarn=OK
Parsed: seq=2364 time=1786930070432 speed=72 km/h rpm=2600 gear=D(3) soc=70% turnSignal=2 doorLock=unlocked beltWarn=OK highBeam=OFF coolantTemp=90.0C(warn=NO) batteryWarn=OK
Parsed: seq=2365 time=1786930070533 speed=70 km/h rpm=2550 gear=D(3) soc=70% turnSignal=2 doorLock=unlocked beltWarn=OK highBeam=OFF coolantTemp=90.0C(warn=NO) batteryWarn=OK
Parsed: seq=2366 time=1786930070633 speed=68 km/h rpm=2500 gear=D(3) soc=70% turnSignal=2 doorLock=unlocked beltWarn=OK highBeam=OFF coolantTemp=90.0C(warn=NO) batteryWarn=OK
Parsed: seq=2367 time=1786930070734 speed=66 km/h rpm=2450 gear=D(3) soc=70% turnSignal=2 doorLock=unlocked beltWarn=OK highBeam=OFF coolantTemp=90.0C(warn=NO) batteryWarn=OK
Parsed: seq=2368 time=1786930070836 speed=64 km/h rpm=2400 gear=D(3) soc=70% turnSignal=2 doorLock=unlocked beltWarn=OK highBeam=OFF coolantTemp=90.0C(warn=NO) batteryWarn=OK
Parsed: seq=2369 time=1786930070937 speed=62 km/h rpm=2350 gear=D(3) soc=70% turnSignal=2 doorLock=unlocked beltWarn=OK highBeam=OFF coolantTemp=90.0C(warn=NO) batteryWarn=OK
Parsed: seq=2370 time=1786930071038 speed=60 km/h rpm=2300 gear=D(3) soc=70% turnSignal=3 doorLock=unlocked beltWarn=OK highBeam=OFF coolantTemp=90.0C(warn=NO) batteryWarn=OK
Parsed: seq=2371 time=1786930071139 speed=58 km/h rpm=2250 gear=D(3) soc=70% turnSignal=3 doorLock=unlocked beltWarn=OK highBeam=OFF coolantTemp=90.0C(warn=NO) batteryWarn=OK
Parsed: seq=2372 time=1786930071241 speed=56 km/h rpm=2200 gear=D(3) soc=70% turnSignal=3 doorLock=unlocked beltWarn=OK highBeam=OFF coolantTemp=90.0C(warn=NO) batteryWarn=OK
Parsed: seq=2373 time=1786930071341 speed=54 km/h rpm=2150 gear=D(3) soc=70% turnSignal=3 doorLock=unlocked beltWarn=OK highBeam=OFF coolantTemp=90.0C(warn=NO) batteryWarn=OK
Parsed: seq=2374 time=1786930071442 speed=52 km/h rpm=2100 gear=D(3) soc=70% turnSignal=3 doorLock=unlocked beltWarn=OK highBeam=OFF coolantTemp=90.0C(warn=NO) batteryWarn=OK
Parsed: seq=2375 time=1786930071543 speed=50 km/h rpm=2050 gear=D(3) soc=70% turnSignal=3 doorLock=unlocked beltWarn=OK highBeam=OFF coolantTemp=90.0C(warn=NO) batteryWarn=OK
Parsed: seq=2376 time=1786930071644 speed=48 km/h rpm=2000 gear=D(3) soc=70% turnSignal=3 doorLock=unlocked beltWarn=OK highBeam=OFF coolantTemp=90.0C(warn=NO) batteryWarn=OK
Parsed: seq=2377 time=1786930071746 speed=46 km/h rpm=1950 gear=D(3) soc=70% turnSignal=3 doorLock=unlocked beltWarn=OK highBeam=OFF coolantTemp=90.0C(warn=NO) batteryWarn=OK
Parsed: seq=2378 time=1786930071848 speed=44 km/h rpm=1900 gear=D(3) soc=70% turnSignal=3 doorLock=unlocked beltWarn=OK highBeam=OFF coolantTemp=90.0C(warn=NO) batteryWarn=OK
Parsed: seq=2379 time=1786930071949 speed=42 km/h rpm=1850 gear=D(3) soc=70% turnSignal=3 doorLock=unlocked beltWarn=OK highBeam=OFF coolantTemp=90.0C(warn=NO) batteryWarn=OK
Parsed: seq=2380 time=1786930072050 speed=40 km/h rpm=1800 gear=D(3) soc=70% turnSignal=3 doorLock=unlocked beltWarn=OK highBeam=OFF coolantTemp=90.0C(warn=NO) batteryWarn=OK
Parsed: seq=2381 time=1786930072152 speed=38 km/h rpm=1750 gear=D(3) soc=70% turnSignal=3 doorLock=unlocked beltWarn=OK highBeam=OFF coolantTemp=90.0C(warn=NO) batteryWarn=OK
Parsed: seq=2382 time=1786930072253 speed=36 km/h rpm=1700 gear=D(3) soc=70% turnSignal=3 doorLock=unlocked beltWarn=OK highBeam=OFF coolantTemp=90.0C(warn=NO) batteryWarn=OK
Parsed: seq=2383 time=1786930072356 speed=34 km/h rpm=1650 gear=D(3) soc=70% turnSignal=3 doorLock=unlocked beltWarn=OK highBeam=OFF coolantTemp=90.0C(warn=NO) batteryWarn=OK
Parsed: seq=2384 time=1786930072458 speed=32 km/h rpm=1600 gear=D(3) soc=70% turnSignal=3 doorLock=unlocked beltWarn=OK highBeam=OFF coolantTemp=90.0C(warn=NO) batteryWarn=OK
Parsed: seq=2385 time=1786930072559 speed=30 km/h rpm=1550 gear=D(3) soc=70% turnSignal=3 doorLock=unlocked beltWarn=OK highBeam=OFF coolantTemp=90.0C(warn=NO) batteryWarn=OK
Parsed: seq=2386 time=1786930072660 speed=28 km/h rpm=1500 gear=D(3) soc=70% turnSignal=3 doorLock=unlocked beltWarn=OK highBeam=OFF coolantTemp=90.0C(warn=NO) batteryWarn=OK
Parsed: seq=2387 time=1786930072761 speed=26 km/h rpm=1450 gear=D(3) soc=70% turnSignal=3 doorLock=unlocked beltWarn=OK highBeam=OFF coolantTemp=90.0C(warn=NO) batteryWarn=OK
Parsed: seq=2388 time=1786930072862 speed=24 km/h rpm=1400 gear=D(3) soc=70% turnSignal=3 doorLock=unlocked beltWarn=OK highBeam=OFF coolantTemp=90.0C(warn=NO) batteryWarn=OK
Parsed: seq=2389 time=1786930072964 speed=22 km/h rpm=1350 gear=D(3) soc=70% turnSignal=3 doorLock=unlocked beltWarn=OK highBeam=OFF coolantTemp=90.0C(warn=NO) batteryWarn=OK
Parsed: seq=2390 time=1786930073065 speed=20 km/h rpm=1300 gear=D(3) soc=70% turnSignal=3 doorLock=unlocked beltWarn=OK highBeam=OFF coolantTemp=90.0C(warn=NO) batteryWarn=OK
Parsed: seq=2391 time=1786930073166 speed=18 km/h rpm=1250 gear=D(3) soc=70% turnSignal=3 doorLock=unlocked beltWarn=OK highBeam=OFF coolantTemp=90.0C(warn=NO) batteryWarn=OK
Parsed: seq=2392 time=1786930073267 speed=16 km/h rpm=1200 gear=D(3) soc=70% turnSignal=3 doorLock=unlocked beltWarn=OK highBeam=OFF coolantTemp=90.0C(warn=NO) batteryWarn=OK
Parsed: seq=2393 time=1786930073368 speed=14 km/h rpm=1150 gear=D(3) soc=70% turnSignal=3 doorLock=unlocked beltWarn=OK highBeam=OFF coolantTemp=90.0C(warn=NO) batteryWarn=OK
Parsed: seq=2394 time=1786930073470 speed=12 km/h rpm=1100 gear=D(3) soc=70% turnSignal=3 doorLock=unlocked beltWarn=OK highBeam=OFF coolantTemp=90.0C(warn=NO) batteryWarn=OK
Parsed: seq=2395 time=1786930073571 speed=10 km/h rpm=1050 gear=D(3) soc=70% turnSignal=3 doorLock=unlocked beltWarn=OK highBeam=OFF coolantTemp=90.0C(warn=NO) batteryWarn=OK
Parsed: seq=2396 time=1786930073672 speed=8 km/h rpm=1000 gear=D(3) soc=70% turnSignal=3 doorLock=unlocked beltWarn=OK highBeam=OFF coolantTemp=90.0C(warn=NO) batteryWarn=OK
Parsed: seq=2397 time=1786930073774 speed=6 km/h rpm=950 gear=D(3) soc=70% turnSignal=3 doorLock=unlocked beltWarn=OK highBeam=OFF coolantTemp=90.0C(warn=NO) batteryWarn=OK
Parsed: seq=2398 time=1786930073877 speed=4 km/h rpm=900 gear=D(3) soc=70% turnSignal=3 doorLock=unlocked beltWarn=OK highBeam=OFF coolantTemp=90.0C(warn=NO) batteryWarn=OK
Parsed: seq=2399 time=1786930073978 speed=2 km/h rpm=850 gear=D(3) soc=70% turnSignal=3 doorLock=unlocked beltWarn=OK highBeam=OFF coolantTemp=90.0C(warn=NO) batteryWarn=OK
Parsed: seq=2400 time=1786930074079 speed=0 km/h rpm=800 gear=P(0) soc=70% turnSignal=0 doorLock=unlocked beltWarn=WARN highBeam=ON coolantTemp=90.0C(warn=NO) batteryWarn=OK
Parsed: seq=2401 time=1786930074181 speed=2 km/h rpm=850 gear=D(3) soc=70% turnSignal=0 doorLock=unlocked beltWarn=WARN highBeam=ON coolantTemp=90.0C(warn=NO) batteryWarn=OK
Parsed: seq=2402 time=1786930074282 speed=4 km/h rpm=900 gear=D(3) soc=70% turnSignal=0 doorLock=unlocked beltWarn=WARN highBeam=ON coolantTemp=90.0C(warn=NO) batteryWarn=OK
Parsed: seq=2403 time=1786930074383 speed=6 km/h rpm=950 gear=D(3) soc=70% turnSignal=0 doorLock=unlocked beltWarn=WARN highBeam=ON coolantTemp=90.0C(warn=NO) batteryWarn=OK
Parsed: seq=2404 time=1786930074485 speed=8 km/h rpm=1000 gear=D(3) soc=70% turnSignal=0 doorLock=unlocked beltWarn=WARN highBeam=ON coolantTemp=90.0C(warn=NO) batteryWarn=OK
Parsed: seq=2405 time=1786930074587 speed=10 km/h rpm=1050 gear=D(3) soc=70% turnSignal=0 doorLock=unlocked beltWarn=WARN highBeam=ON coolantTemp=90.0C(warn=NO) batteryWarn=OK
Parsed: seq=2406 time=1786930074688 speed=12 km/h rpm=1100 gear=D(3) soc=70% turnSignal=0 doorLock=unlocked beltWarn=WARN highBeam=ON coolantTemp=90.0C(warn=NO) batteryWarn=OK
Parsed: seq=2407 time=1786930074789 speed=14 km/h rpm=1150 gear=D(3) soc=70% turnSignal=0 doorLock=unlocked beltWarn=WARN highBeam=ON coolantTemp=90.0C(warn=NO) batteryWarn=OK
Parsed: seq=2408 time=1786930074890 speed=16 km/h rpm=1200 gear=D(3) soc=70% turnSignal=0 doorLock=unlocked beltWarn=WARN highBeam=ON coolantTemp=90.0C(warn=NO) batteryWarn=OK
Parsed: seq=2409 time=1786930074992 speed=18 km/h rpm=1250 gear=D(3) soc=70% turnSignal=0 doorLock=unlocked beltWarn=WARN highBeam=ON coolantTemp=90.0C(warn=NO) batteryWarn=OK
Parsed: seq=2410 time=1786930075093 speed=20 km/h rpm=1300 gear=D(3) soc=70% turnSignal=0 doorLock=unlocked beltWarn=WARN highBeam=ON coolantTemp=90.0C(warn=NO) batteryWarn=OK
Parsed: seq=2411 time=1786930075193 speed=22 km/h rpm=1350 gear=D(3) soc=70% turnSignal=0 doorLock=unlocked beltWarn=WARN highBeam=ON coolantTemp=90.0C(warn=NO) batteryWarn=OK
Parsed: seq=2412 time=1786930075294 speed=24 km/h rpm=1400 gear=D(3) soc=70% turnSignal=0 doorLock=unlocked beltWarn=WARN highBeam=ON coolantTemp=90.0C(warn=NO) batteryWarn=OK
Parsed: seq=2413 time=1786930075395 speed=26 km/h rpm=1450 gear=D(3) soc=70% turnSignal=0 doorLock=unlocked beltWarn=WARN highBeam=ON coolantTemp=90.0C(warn=NO) batteryWarn=OK
Parsed: seq=2414 time=1786930075497 speed=28 km/h rpm=1500 gear=D(3) soc=70% turnSignal=0 doorLock=unlocked beltWarn=WARN highBeam=ON coolantTemp=90.0C(warn=NO) batteryWarn=OK
Parsed: seq=2415 time=1786930075598 speed=30 km/h rpm=1550 gear=D(3) soc=70% turnSignal=0 doorLock=unlocked beltWarn=WARN highBeam=ON coolantTemp=90.0C(warn=NO) batteryWarn=OK
Parsed: seq=2416 time=1786930075699 speed=32 km/h rpm=1600 gear=D(3) soc=70% turnSignal=0 doorLock=unlocked beltWarn=WARN highBeam=ON coolantTemp=90.0C(warn=NO) batteryWarn=OK
Parsed: seq=2417 time=1786930075801 speed=34 km/h rpm=1650 gear=D(3) soc=70% turnSignal=0 doorLock=unlocked beltWarn=WARN highBeam=ON coolantTemp=90.0C(warn=NO) batteryWarn=OK
Parsed: seq=2418 time=1786930075902 speed=36 km/h rpm=1700 gear=D(3) soc=70% turnSignal=0 doorLock=unlocked beltWarn=WARN highBeam=ON coolantTemp=90.0C(warn=NO) batteryWarn=OK
Parsed: seq=2419 time=1786930076003 speed=38 km/h rpm=1750 gear=D(3) soc=70% turnSignal=0 doorLock=unlocked beltWarn=WARN highBeam=ON coolantTemp=90.0C(warn=NO) batteryWarn=OK
Parsed: seq=2420 time=1786930076104 speed=40 km/h rpm=1800 gear=D(3) soc=70% turnSignal=0 doorLock=unlocked beltWarn=WARN highBeam=ON coolantTemp=90.0C(warn=NO) batteryWarn=OK
Parsed: seq=2421 time=1786930076208 speed=42 km/h rpm=1850 gear=D(3) soc=70% turnSignal=0 doorLock=unlocked beltWarn=WARN highBeam=ON coolantTemp=90.0C(warn=NO) batteryWarn=OK
[VehicleData] TCP disconnected, state invalidated
Client disconnected: 192.168.31.85:58420 (connection closed by peer)
Server stopped
  User time (seconds):                           13.13
  System time (seconds):                         3.39
  Percent of CPU this job got:                   13%
  Elapsed (wall clock) time (h:mm:ss or m:ss):   2:00.03
  Maximum resident set size (kbytes):            119296
  Major (requiring I/O) page faults:             0
  Minor (reclaiming a frame) page faults:        16758

Combined report:
  /tmp/dashboard-image-benchmark/runtime-comparison.txt
Full reports:
  /tmp/dashboard-image-benchmark/c_array/time-v.txt
  /tmp/dashboard-image-benchmark/png/time-v.txt
